TEMP,HUM,PNM,DD,FF,ESTACION,ALTURA,LAT,LON,TEMP_MEDIA_HIST,HORA_sen,HORA_cos,PROV_BUENOS AIRES,PROV_CAPITAL FEDERAL,PROV_CATAMARCA,PROV_CHACO,PROV_CHUBUT,PROV_CORDOBA,PROV_CORRIENTES,PROV_ENTRE RIOS,PROV_FORMOSA,PROV_JUJUY,PROV_LA PAMPA,PROV_LA RIOJA,PROV_MENDOZA,PROV_MISIONES,PROV_NEUQUEN,PROV_RIO NEGRO,PROV_SALTA,PROV_SAN JUAN,PROV_SAN LUIS,PROV_SANTA CRUZ,PROV_SANTA FE,PROV_TIERRA DEL FUEG,PROV_TUCUMAN
13.7,88.0,1020.2,80.0,13.0,AEROPARQUE AERO,6.0,-33.45,-58.416666666666664,,0.0,1.0,False,True,False,False,False,False,False,False,False,False,False,False,False,False,False,False,False,False,False,False,False,False,False
13.6,91.0,1019.6,80.0,11.0,AEROPARQUE AERO,6.0,-33.45,-58.416666666666664,,0.25881904510252074,0.9659258262890683,False,True,False,False,False,False,False,False,False,False,False,False,False,False,False,False,False,False,False,False,False,False,False
13.4,91.0,1019.3,80.0,11.0,AEROPARQUE AERO,6.0,-33.45,-58.416666666666664,,0.49999999999999994,0.8660254037844387,False,True,False,False,False,False,False,False,False,False,False,False,False,False,False,False,False,False,False,False,False,False,False
13.4,94.0,1018.7,80.0,13.0,AEROPARQUE AERO,6.0,-33.45,-58.416666666666664,,0.7071067811865476,0.7071067811865476,False,True,False,False,False,False,False,False,False,False,False,False,False,False,False,False,False,False,False,False,False,False,False
13.7,91.0,1018.2,90.0,9.0,AEROPARQUE AERO,6.0,-33.45,-58.416666666666664,,0.8660254037844386,0.5000000000000001,False,True,False,False,False,False,False,False,False,False,False,False,False,False,False,False,False,False,False,False,False,False,False
13.6,91.0,1017.8,80.0,13.0,AEROPARQUE AERO,6.0,-33.45,-58.416666666666664,,0.9659258262890683,0.25881904510252074,False,True,False,False,False,False,False,False,False,False,False,False,False,False,False,False,False,False,False,False,False,False,False
13.6,93.0,1017.8,100.0,11.0,AEROPARQUE AERO,6.0,-33.45,-58.416666666666664,,1.0,6.123233995736766e-17,False,True,False,False,False,False,False,False,False,False,False,False,False,False,False,False,False,False,False,False,False,False,False
13.8,96.0,1017.6,90.0,13.0,AEROPARQUE AERO,6.0,-33.45,-58.416666666666664,,0.9659258262890683,-0.25881904510252063,False,True,False,False,False,False,False,False,False,False,False,False,False,False,False,False,False,False,False,False,False,False,False
13.8,94.0,1017.7,80.0,11.0,AEROPARQUE AERO,6.0,-33.45,-58.416666666666664,,0.8660254037844387,-0.4999999999999998,False,True,False,False,False,False,False,False,False,False,False,False,False,False,False,False,False,False,False,False,False,False,False
14.0,96.0,1017.7,80.0,13.0,AEROPARQUE AERO,6.0,-33.45,-58.416666666666664,,0.7071067811865476,-0.7071067811865475,False,True,False,False,False,False,False,False,False,False,False,False,False,False,False,False,False,False,False,False,False,False,False
14.6,93.0,1017.5,90.0,15.0,AEROPARQUE AERO,6.0,-33.45,-58.416666666666664,,0.49999999999999994,-0.8660254037844387,False,True,False,False,False,False,False,False,False,False,False,False,False,False,False,False,False,False,False,False,False,False,False
15.5,87.0,1017.5,90.0,13.0,AEROPARQUE AERO,6.0,-33.45,-58.416666666666664,,0.258819045102521,-0.9659258262890682,False,True,False,False,False,False,False,False,False,False,False,False,False,False,False,False,False,False,False,False,False,False,False
15.4,87.0,1017.1,90.0,11.0,AEROPARQUE AERO,6.0,-33.45,-58.416666666666664,,1.2246467991473532e-16,-1.0,False,True,False,False,False,False,False,False,False,False,False,False,False,False,False,False,False,False,False,False,False,False,False
16.7,84.0,1016.2,80.0,7.0,AEROPARQUE AERO,6.0,-33.45,-58.416666666666664,,-0.2588190451025208,-0.9659258262890683,False,True,False,False,False,False,False,False,False,False,False,False,False,False,False,False,False,False,False,False,False,False,False
16.4,85.0,1015.1,80.0,7.0,AEROPARQUE AERO,6.0,-33.45,-58.416666666666664,,-0.4999999999999997,-0.8660254037844388,False,True,False,False,False,False,False,False,False,False,False,False,False,False,False,False,False,False,False,False,False,False,False
16.7,85.0,1014.0,110.0,6.0,AEROPARQUE AERO,6.0,-33.45,-58.416666666666664,,-0.7071067811865471,-0.7071067811865479,False,True,False,False,False,False,False,False,False,False,False,False,False,False,False,False,False,False,False,False,False,False,False
17.0,84.0,1013.4,90.0,7.0,AEROPARQUE AERO,6.0,-33.45,-58.416666666666664,,-0.8660254037844385,-0.5000000000000004,False,True,False,False,False,False,False,False,False,False,False,False,False,False,False,False,False,False,False,False,False,False,False
17.2,84.0,1013.1,90.0,9.0,AEROPARQUE AERO,6.0,-33.45,-58.416666666666664,,-0.9659258262890683,-0.25881904510252063,False,True,False,False,False,False,False,False,False,False,False,False,False,False,False,False,False,False,False,False,False,False,False
15.7,90.0,1012.6,110.0,13.0,AEROPARQUE AERO,6.0,-33.45,-58.416666666666664,,-1.0,-1.8369701987210297e-16,False,True,False,False,False,False,False,False,False,False,False,False,False,False,False,False,False,False,False,False,False,False,False
16.8,84.0,1012.8,120.0,9.0,AEROPARQUE AERO,6.0,-33.45,-58.416666666666664,,-0.9659258262890684,0.2588190451025203,False,True,False,False,False,False,False,False,False,False,False,False,False,False,False,False,False,False,False,False,False,False,False
17.2,85.0,1012.8,80.0,7.0,AEROPARQUE AERO,6.0,-33.45,-58.416666666666664,,-0.8660254037844386,0.5000000000000001,False,True,False,False,False,False,False,False,False,False,False,False,False,False,False,False,False,False,False,False,False,False,False
17.0,87.0,1012.6,20.0,6.0,AEROPARQUE AERO,6.0,-33.45,-58.416666666666664,,-0.7071067811865477,0.7071067811865474,False,True,False,False,False,False,False,False,False,False,False,False,False,False,False,False,False,False,False,False,False,False,False
16.3,91.0,1012.3,360.0,6.0,AEROPARQUE AERO,6.0,-33.45,-58.416666666666664,,-0.5000000000000004,0.8660254037844384,False,True,False,False,False,False,False,False,False,False,False,False,False,False,False,False,False,False,False,False,False,False,False
16.6,90.0,1012.1,340.0,7.0,AEROPARQUE AERO,6.0,-33.45,-58.416666666666664,,-0.25881904510252157,0.9659258262890681,False,True,False,False,False,False,False,False,False,False,False,False,False,False,False,False,False,False,False,False,False,False,False
9.7,94.0,1019.4,90.0,24.0,AZUL AERO,147.0,-35.18333333333333,-59.88333333333333,,0.0,1.0,True,False,False,False,False,False,False,False,False,False,False,False,False,False,False,False,False,False,False,False,False,False,False
9.1,96.0,1019.6,70.0,19.0,AZUL AERO,147.0,-35.18333333333333,-59.88333333333333,,0.25881904510252074,0.9659258262890683,True,False,False,False,False,False,False,False,False,False,False,False,False,False,False,False,False,False,False,False,False,False,False
8.9,96.0,1018.8,90.0,19.0,AZUL AERO,147.0,-35.18333333333333,-59.88333333333333,,0.49999999999999994,0.8660254037844387,True,False,False,False,False,False,False,False,False,False,False,False,False,False,False,False,False,False,False,False,False,False,False
8.8,97.0,1018.8,50.0,19.0,AZUL AERO,147.0,-35.18333333333333,-59.88333333333333,,0.7071067811865476,0.7071067811865476,True,False,False,False,False,False,False,False,False,False,False,False,False,False,False,False,False,False,False,False,False,False,False
8.8,97.0,1018.4,70.0,20.0,AZUL AERO,147.0,-35.18333333333333,-59.88333333333333,,0.8660254037844386,0.5000000000000001,True,False,False,False,False,False,False,False,False,False,False,False,False,False,False,False,False,False,False,False,False,False,False
9.1,97.0,1017.5,70.0,20.0,AZUL AERO,147.0,-35.18333333333333,-59.88333333333333,,0.9659258262890683,0.25881904510252074,True,False,False,False,False,False,False,False,False,False,False,False,False,False,False,False,False,False,False,False,False,False,False
9.3,97.0,1017.5,70.0,15.0,AZUL AERO,147.0,-35.18333333333333,-59.88333333333333,,1.0,6.123233995736766e-17,True,False,False,False,False,False,False,False,False,False,False,False,False,False,False,False,False,False,False,False,False,False,False
9.6,97.0,1017.4,70.0,15.0,AZUL AERO,147.0,-35.18333333333333,-59.88333333333333,,0.9659258262890683,-0.25881904510252063,True,False,False,False,False,False,False,False,False,False,False,False,False,False,False,False,False,False,False,False,False,False,False
9.6,97.0,1017.0,70.0,11.0,AZUL AERO,147.0,-35.18333333333333,-59.88333333333333,,0.8660254037844387,-0.4999999999999998,True,False,False,False,False,False,False,False,False,False,False,False,False,False,False,False,False,False,False,False,False,False,False
9.8,100.0,1016.9,90.0,11.0,AZUL AERO,147.0,-35.18333333333333,-59.88333333333333,,0.7071067811865476,-0.7071067811865475,True,False,False,False,False,False,False,False,False,False,False,False,False,False,False,False,False,False,False,False,False,False,False
10.0,97.0,1016.8,70.0,9.0,AZUL AERO,147.0,-35.18333333333333,-59.88333333333333,,0.49999999999999994,-0.8660254037844387,True,False,False,False,False,False,False,False,False,False,False,False,False,False,False,False,False,False,False,False,False,False,False
10.4,97.0,1016.9,50.0,9.0,AZUL AERO,147.0,-35.18333333333333,-59.88333333333333,,0.258819045102521,-0.9659258262890682,True,False,False,False,False,False,False,False,False,False,False,False,False,False,False,False,False,False,False,False,False,False,False
10.8,97.0,1016.1,90.0,11.0,AZUL AERO,147.0,-35.18333333333333,-59.88333333333333,,1.2246467991473532e-16,-1.0,True,False,False,False,False,False,False,False,False,False,False,False,False,False,False,False,False,False,False,False,False,False,False
11.2,97.0,1015.5,90.0,11.0,AZUL AERO,147.0,-35.18333333333333,-59.88333333333333,,-0.2588190451025208,-0.9659258262890683,True,False,False,False,False,False,False,False,False,False,False,False,False,False,False,False,False,False,False,False,False,False,False
11.8,97.0,1014.2,70.0,11.0,AZUL AERO,147.0,-35.18333333333333,-59.88333333333333,,-0.4999999999999997,-0.8660254037844388,True,False,False,False,False,False,False,False,False,False,False,False,False,False,False,False,False,False,False,False,False,False,False
12.8,97.0,1013.3,50.0,7.0,AZUL AERO,147.0,-35.18333333333333,-59.88333333333333,,-0.7071067811865471,-0.7071067811865479,True,False,False,False,False,False,False,False,False,False,False,False,False,False,False,False,False,False,False,False,False,False,False
13.4,96.0,1012.6,20.0,13.0,AZUL AERO,147.0,-35.18333333333333,-59.88333333333333,,-0.8660254037844385,-0.5000000000000004,True,False,False,False,False,False,False,False,False,False,False,False,False,False,False,False,False,False,False,False,False,False,False
13.6,96.0,1012.9,340.0,6.0,AZUL AERO,147.0,-35.18333333333333,-59.88333333333333,,-0.9659258262890683,-0.25881904510252063,True,False,False,False,False,False,False,False,False,False,False,False,False,False,False,False,False,False,False,False,False,False,False
13.4,97.0,1012.6,200.0,4.0,AZUL AERO,147.0,-35.18333333333333,-59.88333333333333,,-1.0,-1.8369701987210297e-16,True,False,False,False,False,False,False,False,False,False,False,False,False,False,False,False,False,False,False,False,False,False,False
12.8,97.0,1013.3,0.0,0.0,AZUL AERO,147.0,-35.18333333333333,-59.88333333333333,,-0.9659258262890684,0.2588190451025203,True,False,False,False,False,False,False,False,False,False,False,False,False,False,False,False,False,False,False,False,False,False,False
12.8,99.0,1013.1,90.0,6.0,AZUL AERO,147.0,-35.18333333333333,-59.88333333333333,,-0.8660254037844386,0.5000000000000001,True,False,False,False,False,False,False,False,False,False,False,False,False,False,False,False,False,False,False,False,False,False,False
12.6,97.0,1014.6,20.0,7.0,AZUL AERO,147.0,-35.18333333333333,-59.88333333333333,,-0.7071067811865477,0.7071067811865474,True,False,False,False,False,False,False,False,False,False,False,False,False,False,False,False,False,False,False,False,False,False,False
12.6,97.0,1013.7,180.0,9.0,AZUL AERO,147.0,-35.18333333333333,-59.88333333333333,,-0.5000000000000004,0.8660254037844384,True,False,False,False,False,False,False,False,False,False,False,False,False,False,False,False,False,False,False,False,False,False,False
12.8,96.0,1014.0,180.0,6.0,AZUL AERO,147.0,-35.18333333333333,-59.88333333333333,,-0.25881904510252157,0.9659258262890681,True,False,False,False,False,False,False,False,False,False,False,False,False,False,False,False,False,False,False,False,False,False,False
10.2,92.0,1016.6,20.0,11.0,BAHIA BLANCA AERO,83.0,-37.3,-62.15,,0.0,1.0,True,False,False,False,False,False,False,False,False,False,False,False,False,False,False,False,False,False,False,False,False,False,False
10.0,92.0,1016.2,10.0,15.0,BAHIA BLANCA AERO,83.0,-37.3,-62.15,,0.25881904510252074,0.9659258262890683,True,False,False,False,False,False,False,False,False,False,False,False,False,False,False,False,False,False,False,False,False,False,False
10.0,90.0,1015.6,360.0,11.0,BAHIA BLANCA AERO,83.0,-37.3,-62.15,,0.49999999999999994,0.8660254037844387,True,False,False,False,False,False,False,False,False,False,False,False,False,False,False,False,False,False,False,False,False,False,False
10.6,90.0,1015.2,360.0,13.0,BAHIA BLANCA AERO,83.0,-37.3,-62.15,,0.7071067811865476,0.7071067811865476,True,False,False,False,False,False,False,False,False,False,False,False,False,False,False,False,False,False,False,False,False,False,False
10.0,85.0,1015.4,360.0,13.0,BAHIA BLANCA AERO,83.0,-37.3,-62.15,,0.8660254037844386,0.5000000000000001,True,False,False,False,False,False,False,False,False,False,False,False,False,False,False,False,False,False,False,False,False,False,False
10.2,90.0,1015.2,360.0,13.0,BAHIA BLANCA AERO,83.0,-37.3,-62.15,,0.9659258262890683,0.25881904510252074,True,False,False,False,False,False,False,False,False,False,False,False,False,False,False,False,False,False,False,False,False,False,False
12.8,84.0,1015.0,360.0,13.0,BAHIA BLANCA AERO,83.0,-37.3,-62.15,,1.0,6.123233995736766e-17,True,False,False,False,False,False,False,False,False,False,False,False,False,False,False,False,False,False,False,False,False,False,False
12.8,88.0,1015.0,340.0,11.0,BAHIA BLANCA AERO,83.0,-37.3,-62.15,,0.9659258262890683,-0.25881904510252063,True,False,False,False,False,False,False,False,False,False,False,False,False,False,False,False,False,False,False,False,False,False,False
12.2,88.0,1015.2,360.0,11.0,BAHIA BLANCA AERO,83.0,-37.3,-62.15,,0.8660254037844387,-0.4999999999999998,True,False,False,False,False,False,False,False,False,False,False,False,False,False,False,False,False,False,False,False,False,False,False
11.8,91.0,1015.4,990.0,4.0,BAHIA BLANCA AERO,83.0,-37.3,-62.15,,0.7071067811865476,-0.7071067811865475,True,False,False,False,False,False,False,False,False,False,False,False,False,False,False,False,False,False,False,False,False,False,False
12.8,86.0,1015.4,290.0,7.0,BAHIA BLANCA AERO,83.0,-37.3,-62.15,,0.49999999999999994,-0.8660254037844387,True,False,False,False,False,False,False,False,False,False,False,False,False,False,False,False,False,False,False,False,False,False,False
13.9,80.0,1015.6,290.0,4.0,BAHIA BLANCA AERO,83.0,-37.3,-62.15,,0.258819045102521,-0.9659258262890682,True,False,False,False,False,False,False,False,False,False,False,False,False,False,False,False,False,False,False,False,False,False,False
15.7,76.0,1015.5,270.0,11.0,BAHIA BLANCA AERO,83.0,-37.3,-62.15,,1.2246467991473532e-16,-1.0,True,False,False,False,False,False,False,False,False,False,False,False,False,False,False,False,False,False,False,False,False,False,False
16.0,74.0,1015.1,280.0,17.0,BAHIA BLANCA AERO,83.0,-37.3,-62.15,,-0.2588190451025208,-0.9659258262890683,True,False,False,False,False,False,False,False,False,False,False,False,False,False,False,False,False,False,False,False,False,False,False
16.7,72.0,1014.3,300.0,15.0,BAHIA BLANCA AERO,83.0,-37.3,-62.15,,-0.4999999999999997,-0.8660254037844388,True,False,False,False,False,False,False,False,False,False,False,False,False,False,False,False,False,False,False,False,False,False,False
16.4,76.0,1014.2,260.0,15.0,BAHIA BLANCA AERO,83.0,-37.3,-62.15,,-0.7071067811865471,-0.7071067811865479,True,False,False,False,False,False,False,False,False,False,False,False,False,False,False,False,False,False,False,False,False,False,False
15.7,72.0,1014.4,270.0,11.0,BAHIA BLANCA AERO,83.0,-37.3,-62.15,,-0.8660254037844385,-0.5000000000000004,True,False,False,False,False,False,False,False,False,False,False,False,False,False,False,False,False,False,False,False,False,False,False
15.2,75.0,1015.2,270.0,11.0,BAHIA BLANCA AERO,83.0,-37.3,-62.15,,-0.9659258262890683,-0.25881904510252063,True,False,False,False,False,False,False,False,False,False,False,False,False,False,False,False,False,False,False,False,False,False,False
13.7,75.0,1015.8,250.0,11.0,BAHIA BLANCA AERO,83.0,-37.3,-62.15,,-1.0,-1.8369701987210297e-16,True,False,False,False,False,False,False,False,False,False,False,False,False,False,False,False,False,False,False,False,False,False,False
12.4,78.0,1015.9,250.0,15.0,BAHIA BLANCA AERO,83.0,-37.3,-62.15,,-0.9659258262890684,0.2588190451025203,True,False,False,False,False,False,False,False,False,False,False,False,False,False,False,False,False,False,False,False,False,False,False
12.5,71.0,1016.5,210.0,19.0,BAHIA BLANCA AERO,83.0,-37.3,-62.15,,-0.8660254037844386,0.5000000000000001,True,False,False,False,False,False,False,False,False,False,False,False,False,False,False,False,False,False,False,False,False,False,False
11.8,61.0,1016.9,200.0,24.0,BAHIA BLANCA AERO,83.0,-37.3,-62.15,,-0.7071067811865477,0.7071067811865474,True,False,False,False,False,False,False,False,False,False,False,False,False,False,False,False,False,False,False,False,False,False,False
10.0,73.0,1018.3,200.0,17.0,BAHIA BLANCA AERO,83.0,-37.3,-62.15,,-0.5000000000000004,0.8660254037844384,True,False,False,False,False,False,False,False,False,False,False,False,False,False,False,False,False,False,False,False,False,False,False
9.6,80.0,1020.0,200.0,15.0,BAHIA BLANCA AERO,83.0,-37.3,-62.15,,-0.25881904510252157,0.9659258262890681,True,False,False,False,False,False,False,False,False,False,False,False,False,False,False,False,False,False,False,False,False,False,False
5.1,71.0,,280.0,15.0,BARILOCHE AERO,835.0,-40.86666666666667,-71.15,,0.0,1.0,False,False,False,False,False,False,False,False,False,False,False,False,False,False,False,True,False,False,False,False,False,False,False
4.6,76.0,,300.0,19.0,BARILOCHE AERO,835.0,-40.86666666666667,-71.15,,0.25881904510252074,0.9659258262890683,False,False,False,False,False,False,False,False,False,False,False,False,False,False,False,True,False,False,False,False,False,False,False
3.2,73.0,,350.0,9.0,BARILOCHE AERO,835.0,-40.86666666666667,-71.15,,0.49999999999999994,0.8660254037844387,False,False,False,False,False,False,False,False,False,False,False,False,False,False,False,True,False,False,False,False,False,False,False
4.7,75.0,,330.0,13.0,BARILOCHE AERO,835.0,-40.86666666666667,-71.15,,0.7071067811865476,0.7071067811865476,False,False,False,False,False,False,False,False,False,False,False,False,False,False,False,True,False,False,False,False,False,False,False
4.6,82.0,,310.0,20.0,BARILOCHE AERO,835.0,-40.86666666666667,-71.15,,0.8660254037844386,0.5000000000000001,False,False,False,False,False,False,False,False,False,False,False,False,False,False,False,True,False,False,False,False,False,False,False
4.1,86.0,,310.0,19.0,BARILOCHE AERO,835.0,-40.86666666666667,-71.15,,0.9659258262890683,0.25881904510252074,False,False,False,False,False,False,False,False,False,False,False,False,False,False,False,True,False,False,False,False,False,False,False
3.4,91.0,,280.0,9.0,BARILOCHE AERO,835.0,-40.86666666666667,-71.15,,1.0,6.123233995736766e-17,False,False,False,False,False,False,False,False,False,False,False,False,False,False,False,True,False,False,False,False,False,False,False
3.1,92.0,,290.0,13.0,BARILOCHE AERO,835.0,-40.86666666666667,-71.15,,0.9659258262890683,-0.25881904510252063,False,False,False,False,False,False,False,False,False,False,False,False,False,False,False,True,False,False,False,False,False,False,False
3.3,92.0,,260.0,11.0,BARILOCHE AERO,835.0,-40.86666666666667,-71.15,,0.8660254037844387,-0.4999999999999998,False,False,False,False,False,False,False,False,False,False,False,False,False,False,False,True,False,False,False,False,False,False,False
3.2,91.0,,280.0,7.0,BARILOCHE AERO,835.0,-40.86666666666667,-71.15,,0.7071067811865476,-0.7071067811865475,False,False,False,False,False,False,False,False,False,False,False,False,False,False,False,True,False,False,False,False,False,False,False
3.1,91.0,,300.0,9.0,BARILOCHE AERO,835.0,-40.86666666666667,-71.15,,0.49999999999999994,-0.8660254037844387,False,False,False,False,False,False,False,False,False,False,False,False,False,False,False,True,False,False,False,False,False,False,False
3.7,91.0,,280.0,6.0,BARILOCHE AERO,835.0,-40.86666666666667,-71.15,,0.258819045102521,-0.9659258262890682,False,False,False,False,False,False,False,False,False,False,False,False,False,False,False,True,False,False,False,False,False,False,False
4.3,91.0,,30.0,4.0,BARILOCHE AERO,835.0,-40.86666666666667,-71.15,,1.2246467991473532e-16,-1.0,False,False,False,False,False,False,False,False,False,False,False,False,False,False,False,True,False,False,False,False,False,False,False
6.1,80.0,,290.0,24.0,BARILOCHE AERO,835.0,-40.86666666666667,-71.15,,-0.2588190451025208,-0.9659258262890683,False,False,False,False,False,False,False,False,False,False,False,False,False,False,False,True,False,False,False,False,False,False,False
6.9,76.0,,300.0,39.0,BARILOCHE AERO,835.0,-40.86666666666667,-71.15,,-0.4999999999999997,-0.8660254037844388,False,False,False,False,False,False,False,False,False,False,False,False,False,False,False,True,False,False,False,False,False,False,False
7.3,68.0,,300.0,31.0,BARILOCHE AERO,835.0,-40.86666666666667,-71.15,,-0.7071067811865471,-0.7071067811865479,False,False,False,False,False,False,False,False,False,False,False,False,False,False,False,True,False,False,False,False,False,False,False
8.2,51.0,,300.0,33.0,BARILOCHE AERO,835.0,-40.86666666666667,-71.15,,-0.8660254037844385,-0.5000000000000004,False,False,False,False,False,False,False,False,False,False,False,False,False,False,False,True,False,False,False,False,False,False,False
8.4,42.0,,280.0,26.0,BARILOCHE AERO,835.0,-40.86666666666667,-71.15,,-0.9659258262890683,-0.25881904510252063,False,False,False,False,False,False,False,False,False,False,False,False,False,False,False,True,False,False,False,False,False,False,False
5.9,61.0,,300.0,28.0,BARILOCHE AERO,835.0,-40.86666666666667,-71.15,,-1.0,-1.8369701987210297e-16,False,False,False,False,False,False,False,False,False,False,False,False,False,False,False,True,False,False,False,False,False,False,False
4.8,66.0,,310.0,24.0,BARILOCHE AERO,835.0,-40.86666666666667,-71.15,,-0.9659258262890684,0.2588190451025203,False,False,False,False,False,False,False,False,False,False,False,False,False,False,False,True,False,False,False,False,False,False,False
4.0,71.0,,310.0,30.0,BARILOCHE AERO,835.0,-40.86666666666667,-71.15,,-0.8660254037844386,0.5000000000000001,False,False,False,False,False,False,False,False,False,False,False,False,False,False,False,True,False,False,False,False,False,False,False
3.4,78.0,,280.0,20.0,BARILOCHE AERO,835.0,-40.86666666666667,-71.15,,-0.7071067811865477,0.7071067811865474,False,False,False,False,False,False,False,False,False,False,False,False,False,False,False,True,False,False,False,False,False,False,False
3.2,73.0,,290.0,22.0,BARILOCHE AERO,835.0,-40.86666666666667,-71.15,,-0.5000000000000004,0.8660254037844384,False,False,False,False,False,False,False,False,False,False,False,False,False,False,False,True,False,False,False,False,False,False,False
3.1,73.0,,280.0,28.0,BARILOCHE AERO,835.0,-40.86666666666667,-71.15,,-0.25881904510252157,0.9659258262890681,False,False,False,False,False,False,False,False,False,False,False,False,False,False,False,True,False,False,False,False,False,False,False
-18.3,84.0,999.4,90.0,9.0,BASE BELGRANO II,256.0,-76.13333333333334,-34.61666666666667,,0.0,1.0,False,False,False,False,False,False,False,False,False,False,False,False,False,False,False,False,False,False,False,False,False,False,False
-17.3,74.0,1000.3,10.0,6.0,BASE BELGRANO II,256.0,-76.13333333333334,-34.61666666666667,,0.7071067811865476,0.7071067811865476,False,False,False,False,False,False,False,False,False,False,False,False,False,False,False,False,False,False,False,False,False,False,False
-16.8,80.0,1001.0,360.0,17.0,BASE BELGRANO II,256.0,-76.13333333333334,-34.61666666666667,,1.0,6.123233995736766e-17,False,False,False,False,False,False,False,False,False,False,False,False,False,False,False,False,False,False,False,False,False,False,False
-17.0,80.0,1001.5,340.0,13.0,BASE BELGRANO II,256.0,-76.13333333333334,-34.61666666666667,,0.7071067811865476,-0.7071067811865475,False,False,False,False,False,False,False,False,False,False,False,False,False,False,False,False,False,False,False,False,False,False,False
-17.6,79.0,1001.3,360.0,15.0,BASE BELGRANO II,256.0,-76.13333333333334,-34.61666666666667,,1.2246467991473532e-16,-1.0,False,False,False,False,False,False,False,False,False,False,False,False,False,False,False,False,False,False,False,False,False,False,False
-17.6,79.0,1001.3,360.0,17.0,BASE BELGRANO II,256.0,-76.13333333333334,-34.61666666666667,,-0.7071067811865471,-0.7071067811865479,False,False,False,False,False,False,False,False,False,False,False,False,False,False,False,False,False,False,False,False,False,False,False
-18.1,79.0,1001.2,30.0,11.0,BASE BELGRANO II,256.0,-76.13333333333334,-34.61666666666667,,-1.0,-1.8369701987210297e-16,False,False,False,False,False,False,False,False,False,False,False,False,False,False,False,False,False,False,False,False,False,False,False
-17.7,85.0,1000.5,360.0,19.0,BASE BELGRANO II,256.0,-76.13333333333334,-34.61666666666667,,-0.7071067811865477,0.7071067811865474,False,False,False,False,False,False,False,False,False,False,False,False,False,False,False,False,False,False,False,False,False,False,False
-2.3,83.0,1010.6,270.0,15.0,BASE CARLINI (EX,,,,,0.0,1.0,False,False,False,False,False,False,False,False,False,False,False,False,False,False,False,False,False,False,False,False,False,False,False
-3.3,81.0,1011.5,250.0,7.0,BASE CARLINI (EX,,,,,0.7071067811865476,0.7071067811865476,False,False,False,False,False,False,False,False,False,False,False,False,False,False,False,False,False,False,False,False,False,False,False
-3.9,81.0,1011.3,90.0,22.0,BASE CARLINI (EX,,,,,1.0,6.123233995736766e-17,False,False,False,False,False,False,False,False,False,False,False,False,False,False,False,False,False,False,False,False,False,False,False
-5.5,70.0,1010.9,90.0,15.0,BASE CARLINI (EX,,,,,0.7071067811865476,-0.7071067811865475,False,False,False,False,False,False,False,False,False,False,False,False,False,False,False,False,False,False,False,False,False,False,False
-6.3,84.0,1010.6,70.0,17.0,BASE CARLINI (EX,,,,,1.2246467991473532e-16,-1.0,False,False,False,False,False,False,False,False,False,False,False,False,False,False,False,False,False,False,False,False,False,False,False
-5.7,75.0,1009.4,90.0,17.0,BASE CARLINI (EX,,,,,-0.7071067811865471,-0.7071067811865479,False,False,False,False,False,False,False,False,False,False,False,False,False,False,False,False,False,False,False,False,False,False,False
-6.0,77.0,1007.8,90.0,19.0,BASE CARLINI (EX,,,,,-1.0,-1.8369701987210297e-16,False,False,False,False,False,False,False,False,False,False,False,False,False,False,False,False,False,False,False,False,False,False,False
-5.1,81.0,1006.8,90.0,20.0,BASE CARLINI (EX,,,,,-0.7071067811865477,0.7071067811865474,False,False,False,False,False,False,False,False,False,False,False,False,False,False,False,False,False,False,False,False,False,False,False
-10.3,78.0,1012.1,230.0,17.0,BASE ESPERANZA,24.0,-62.61666666666667,-56.983333333333334,,0.0,1.0,False,False,False,False,False,False,False,False,False,False,False,False,False,False,False,False,False,False,False,False,False,False,False
-10.6,74.0,1013.2,180.0,9.0,BASE ESPERANZA,24.0,-62.61666666666667,-56.983333333333334,,0.7071067811865476,0.7071067811865476,False,False,False,False,False,False,False,False,False,False,False,False,False,False,False,False,False,False,False,False,False,False,False
-11.3,76.0,1013.7,180.0,7.0,BASE ESPERANZA,24.0,-62.61666666666667,-56.983333333333334,,1.0,6.123233995736766e-17,False,False,False,False,False,False,False,False,False,False,False,False,False,False,False,False,False,False,False,False,False,False,False
-11.2,79.0,1012.8,180.0,6.0,BASE ESPERANZA,24.0,-62.61666666666667,-56.983333333333334,,0.7071067811865476,-0.7071067811865475,False,False,False,False,False,False,False,False,False,False,False,False,False,False,False,False,False,False,False,False,False,False,False
-9.5,88.0,1012.1,990.0,2.0,BASE ESPERANZA,24.0,-62.61666666666667,-56.983333333333334,,1.2246467991473532e-16,-1.0,False,False,False,False,False,False,False,False,False,False,False,False,False,False,False,False,False,False,False,False,False,False,False
-7.1,80.0,1010.3,290.0,9.0,BASE ESPERANZA,24.0,-62.61666666666667,-56.983333333333334,,-0.7071067811865471,-0.7071067811865479,False,False,False,False,False,False,False,False,False,False,False,False,False,False,False,False,False,False,False,False,False,False,False
-6.9,83.0,1009.1,290.0,13.0,BASE ESPERANZA,24.0,-62.61666666666667,-56.983333333333334,,-1.0,-1.8369701987210297e-16,False,False,False,False,False,False,False,False,False,False,False,False,False,False,False,False,False,False,False,False,False,False,False
-7.5,74.0,1007.9,320.0,17.0,BASE ESPERANZA,24.0,-62.61666666666667,-56.983333333333334,,-0.7071067811865477,0.7071067811865474,False,False,False,False,False,False,False,False,False,False,False,False,False,False,False,False,False,False,False,False,False,False,False
-14.6,62.0,1012.0,180.0,26.0,BASE MARAMBIO,198.0,-63.766666666666666,-56.61666666666667,,0.0,1.0,False,False,False,False,False,False,False,False,False,False,False,False,False,False,False,False,False,False,False,False,False,False,False
-14.7,57.0,1012.6,190.0,20.0,BASE MARAMBIO,198.0,-63.766666666666666,-56.61666666666667,,0.25881904510252074,0.9659258262890683,False,False,False,False,False,False,False,False,False,False,False,False,False,False,False,False,False,False,False,False,False,False,False
-14.5,58.0,1012.8,180.0,22.0,BASE MARAMBIO,198.0,-63.766666666666666,-56.61666666666667,,0.49999999999999994,0.8660254037844387,False,False,False,False,False,False,False,False,False,False,False,False,False,False,False,False,False,False,False,False,False,False,False
-14.5,53.0,1013.0,170.0,17.0,BASE MARAMBIO,198.0,-63.766666666666666,-56.61666666666667,,0.7071067811865476,0.7071067811865476,False,False,False,False,False,False,False,False,False,False,False,False,False,False,False,False,False,False,False,False,False,False,False
-14.8,61.0,1013.4,180.0,13.0,BASE MARAMBIO,198.0,-63.766666666666666,-56.61666666666667,,0.8660254037844386,0.5000000000000001,False,False,False,False,False,False,False,False,False,False,False,False,False,False,False,False,False,False,False,False,False,False,False
-14.3,71.0,1013.3,180.0,11.0,BASE MARAMBIO,198.0,-63.766666666666666,-56.61666666666667,,0.9659258262890683,0.25881904510252074,False,False,False,False,False,False,False,False,False,False,False,False,False,False,False,False,False,False,False,False,False,False,False
-14.1,71.0,1013.4,120.0,6.0,BASE MARAMBIO,198.0,-63.766666666666666,-56.61666666666667,,1.0,6.123233995736766e-17,False,False,False,False,False,False,False,False,False,False,False,False,False,False,False,False,False,False,False,False,False,False,False
-14.4,62.0,1013.4,70.0,6.0,BASE MARAMBIO,198.0,-63.766666666666666,-56.61666666666667,,0.9659258262890683,-0.25881904510252063,False,False,False,False,False,False,False,False,False,False,False,False,False,False,False,False,False,False,False,False,False,False,False
-14.0,63.0,1013.1,50.0,9.0,BASE MARAMBIO,198.0,-63.766666666666666,-56.61666666666667,,0.8660254037844387,-0.4999999999999998,False,False,False,False,False,False,False,False,False,False,False,False,False,False,False,False,False,False,False,False,False,False,False
-14.0,71.0,1012.8,50.0,11.0,BASE MARAMBIO,198.0,-63.766666666666666,-56.61666666666667,,0.7071067811865476,-0.7071067811865475,False,False,False,False,False,False,False,False,False,False,False,False,False,False,False,False,False,False,False,False,False,False,False
-13.4,72.0,1012.5,20.0,15.0,BASE MARAMBIO,198.0,-63.766666666666666,-56.61666666666667,,0.49999999999999994,-0.8660254037844387,False,False,False,False,False,False,False,False,False,False,False,False,False,False,False,False,False,False,False,False,False,False,False
-13.4,72.0,1012.2,360.0,15.0,BASE MARAMBIO,198.0,-63.766666666666666,-56.61666666666667,,0.258819045102521,-0.9659258262890682,False,False,False,False,False,False,False,False,False,False,False,False,False,False,False,False,False,False,False,False,False,False,False
-13.0,65.0,1011.9,20.0,20.0,BASE MARAMBIO,198.0,-63.766666666666666,-56.61666666666667,,1.2246467991473532e-16,-1.0,False,False,False,False,False,False,False,False,False,False,False,False,False,False,False,False,False,False,False,False,False,False,False
-12.6,74.0,1011.7,20.0,20.0,BASE MARAMBIO,198.0,-63.766666666666666,-56.61666666666667,,-0.2588190451025208,-0.9659258262890683,False,False,False,False,False,False,False,False,False,False,False,False,False,False,False,False,False,False,False,False,False,False,False
-11.8,68.0,1010.7,20.0,22.0,BASE MARAMBIO,198.0,-63.766666666666666,-56.61666666666667,,-0.4999999999999997,-0.8660254037844388,False,False,False,False,False,False,False,False,False,False,False,False,False,False,False,False,False,False,False,False,False,False,False
-11.0,50.0,1010.0,360.0,24.0,BASE MARAMBIO,198.0,-63.766666666666666,-56.61666666666667,,-0.7071067811865471,-0.7071067811865479,False,False,False,False,False,False,False,False,False,False,False,False,False,False,False,False,False,False,False,False,False,False,False
-10.1,82.0,1009.4,360.0,24.0,BASE MARAMBIO,198.0,-63.766666666666666,-56.61666666666667,,-0.8660254037844385,-0.5000000000000004,False,False,False,False,False,False,False,False,False,False,False,False,False,False,False,False,False,False,False,False,False,False,False
-10.2,81.0,1009.1,360.0,28.0,BASE MARAMBIO,198.0,-63.766666666666666,-56.61666666666667,,-0.9659258262890683,-0.25881904510252063,False,False,False,False,False,False,False,False,False,False,False,False,False,False,False,False,False,False,False,False,False,False,False
-8.6,77.0,1008.1,360.0,33.0,BASE MARAMBIO,198.0,-63.766666666666666,-56.61666666666667,,-1.0,-1.8369701987210297e-16,False,False,False,False,False,False,False,False,False,False,False,False,False,False,False,False,False,False,False,False,False,False,False
-8.8,80.0,1007.9,360.0,33.0,BASE MARAMBIO,198.0,-63.766666666666666,-56.61666666666667,,-0.9659258262890684,0.2588190451025203,False,False,False,False,False,False,False,False,False,False,False,False,False,False,False,False,False,False,False,False,False,False,False
-9.0,82.0,1007.9,360.0,37.0,BASE MARAMBIO,198.0,-63.766666666666666,-56.61666666666667,,-0.8660254037844386,0.5000000000000001,False,False,False,False,False,False,False,False,False,False,False,False,False,False,False,False,False,False,False,False,False,False,False
-9.0,77.0,1007.1,360.0,37.0,BASE MARAMBIO,198.0,-63.766666666666666,-56.61666666666667,,-0.7071067811865477,0.7071067811865474,False,False,False,False,False,False,False,False,False,False,False,False,False,False,False,False,False,False,False,False,False,False,False
-9.4,79.0,1006.7,360.0,31.0,BASE MARAMBIO,198.0,-63.766666666666666,-56.61666666666667,,-0.5000000000000004,0.8660254037844384,False,False,False,False,False,False,False,False,False,False,False,False,False,False,False,False,False,False,False,False,False,False,False
-9.2,77.0,1006.4,360.0,31.0,BASE MARAMBIO,198.0,-63.766666666666666,-56.61666666666667,,-0.25881904510252157,0.9659258262890681,False,False,False,False,False,False,False,False,False,False,False,False,False,False,False,False,False,False,False,False,False,False,False
-8.2,94.0,1005.2,20.0,26.0,BASE ORCADAS,12.0,-59.266666666666666,-44.733333333333334,,0.0,1.0,False,False,False,False,False,False,False,False,False,False,False,False,False,False,False,False,False,False,False,False,False,False,False
-8.5,93.0,1007.3,50.0,11.0,BASE ORCADAS,12.0,-59.266666666666666,-44.733333333333334,,0.7071067811865476,0.7071067811865476,False,False,False,False,False,False,False,False,False,False,False,False,False,False,False,False,False,False,False,False,False,False,False
-9.1,93.0,1008.6,50.0,19.0,BASE ORCADAS,12.0,-59.266666666666666,-44.733333333333334,,1.0,6.123233995736766e-17,False,False,False,False,False,False,False,False,False,False,False,False,False,False,False,False,False,False,False,False,False,False,False
-11.4,92.0,1010.0,140.0,22.0,BASE ORCADAS,12.0,-59.266666666666666,-44.733333333333334,,0.7071067811865476,-0.7071067811865475,False,False,False,False,False,False,False,False,False,False,False,False,False,False,False,False,False,False,False,False,False,False,False
-12.0,92.0,1012.0,340.0,15.0,BASE ORCADAS,12.0,-59.266666666666666,-44.733333333333334,,1.2246467991473532e-16,-1.0,False,False,False,False,False,False,False,False,False,False,False,False,False,False,False,False,False,False,False,False,False,False,False
-11.8,92.0,1012.0,320.0,15.0,BASE ORCADAS,12.0,-59.266666666666666,-44.733333333333334,,-0.7071067811865471,-0.7071067811865479,False,False,False,False,False,False,False,False,False,False,False,False,False,False,False,False,False,False,False,False,False,False,False
-12.4,84.0,1012.1,20.0,11.0,BASE ORCADAS,12.0,-59.266666666666666,-44.733333333333334,,-1.0,-1.8369701987210297e-16,False,False,False,False,False,False,False,False,False,False,False,False,False,False,False,False,False,False,False,False,False,False,False
-12.6,92.0,1011.2,110.0,11.0,BASE ORCADAS,12.0,-59.266666666666666,-44.733333333333334,,-0.7071067811865477,0.7071067811865474,False,False,False,False,False,False,False,False,False,False,False,False,False,False,False,False,False,False,False,False,False,False,False
-8.4,71.0,1010.1,110.0,6.0,BASE SAN MARTIN,7.0,-67.88333333333334,-67.1,,0.0,1.0,False,False,False,False,False,False,False,False,False,False,False,False,False,False,False,False,False,False,False,False,False,False,False
-8.7,71.0,1011.1,90.0,7.0,BASE SAN MARTIN,7.0,-67.88333333333334,-67.1,,0.7071067811865476,0.7071067811865476,False,False,False,False,False,False,False,False,False,False,False,False,False,False,False,False,False,False,False,False,False,False,False
-8.5,71.0,1011.3,0.0,0.0,BASE SAN MARTIN,7.0,-67.88333333333334,-67.1,,1.0,6.123233995736766e-17,False,False,False,False,False,False,False,False,False,False,False,False,False,False,False,False,False,False,False,False,False,False,False
-8.4,75.0,1011.0,0.0,0.0,BASE SAN MARTIN,7.0,-67.88333333333334,-67.1,,0.7071067811865476,-0.7071067811865475,False,False,False,False,False,False,False,False,False,False,False,False,False,False,False,False,False,False,False,False,False,False,False
-9.9,83.0,1010.7,140.0,4.0,BASE SAN MARTIN,7.0,-67.88333333333334,-67.1,,1.2246467991473532e-16,-1.0,False,False,False,False,False,False,False,False,False,False,False,False,False,False,False,False,False,False,False,False,False,False,False
-9.5,77.0,1010.1,90.0,4.0,BASE SAN MARTIN,7.0,-67.88333333333334,-67.1,,-0.7071067811865471,-0.7071067811865479,False,False,False,False,False,False,False,False,False,False,False,False,False,False,False,False,False,False,False,False,False,False,False
-10.6,78.0,1009.4,90.0,7.0,BASE SAN MARTIN,7.0,-67.88333333333334,-67.1,,-1.0,-1.8369701987210297e-16,False,False,False,False,False,False,False,False,False,False,False,False,False,False,False,False,False,False,False,False,False,False,False
-10.4,79.0,1008.3,110.0,9.0,BASE SAN MARTIN,7.0,-67.88333333333334,-67.1,,-0.7071067811865477,0.7071067811865474,False,False,False,False,False,False,False,False,False,False,False,False,False,False,False,False,False,False,False,False,False,False,False
9.4,97.0,1016.0,50.0,9.0,BENITO JUAREZ,207.0,-36.3,-59.78333333333333,,0.7071067811865476,-0.7071067811865475,True,False,False,False,False,False,False,False,False,False,False,False,False,False,False,False,False,False,False,False,False,False,False
12.0,95.0,1015.6,20.0,15.0,BENITO JUAREZ,207.0,-36.3,-59.78333333333333,,1.2246467991473532e-16,-1.0,True,False,False,False,False,False,False,False,False,False,False,False,False,False,False,False,False,False,False,False,False,False,False
13.0,96.0,1013.0,0.0,0.0,BENITO JUAREZ,207.0,-36.3,-59.78333333333333,,-0.7071067811865471,-0.7071067811865479,True,False,False,False,False,False,False,False,False,False,False,False,False,False,False,False,False,False,False,False,False,False,False
12.8,96.0,1012.3,0.0,0.0,BENITO JUAREZ,207.0,-36.3,-59.78333333333333,,-1.0,-1.8369701987210297e-16,True,False,False,False,False,False,False,False,False,False,False,False,False,False,False,False,False,False,False,False,False,False,False
12.6,97.0,1013.1,230.0,4.0,BENITO JUAREZ,207.0,-36.3,-59.78333333333333,,-0.7071067811865477,0.7071067811865474,True,False,False,False,False,False,False,False,False,False,False,False,False,False,False,False,False,False,False,False,False,False,False
17.6,76.0,,360.0,9.0,BERNARDO DE IRIGO,,,,,0.7071067811865476,-0.7071067811865475,False,False,False,False,False,False,False,False,False,False,False,False,False,False,False,False,False,False,False,False,False,False,False
21.2,73.0,,50.0,15.0,BERNARDO DE IRIGO,,,,,1.2246467991473532e-16,-1.0,False,False,False,False,False,False,False,False,False,False,False,False,False,False,False,False,False,False,False,False,False,False,False
21.3,72.0,,90.0,9.0,BERNARDO DE IRIGO,,,,,-0.7071067811865471,-0.7071067811865479,False,False,False,False,False,False,False,False,False,False,False,False,False,False,False,False,False,False,False,False,False,False,False
19.3,77.0,,90.0,9.0,BERNARDO DE IRIGO,,,,,-1.0,-1.8369701987210297e-16,False,False,False,False,False,False,False,False,False,False,False,False,False,False,False,False,False,False,False,False,False,False,False
18.5,78.0,,90.0,9.0,BERNARDO DE IRIGO,,,,,-0.7071067811865477,0.7071067811865474,False,False,False,False,False,False,False,False,False,False,False,False,False,False,False,False,False,False,False,False,False,False,False
11.2,97.0,1016.4,90.0,11.0,BOLIVAR AERO,94.0,-35.81666666666667,-61.06666666666667,,1.0,6.123233995736766e-17,True,False,False,False,False,False,False,False,False,False,False,False,False,False,False,False,False,False,False,False,False,False,False
11.4,97.0,1016.2,90.0,11.0,BOLIVAR AERO,94.0,-35.81666666666667,-61.06666666666667,,0.9659258262890683,-0.25881904510252063,True,False,False,False,False,False,False,False,False,False,False,False,False,False,False,False,False,False,False,False,False,False,False
11.6,97.0,1016.1,90.0,11.0,BOLIVAR AERO,94.0,-35.81666666666667,-61.06666666666667,,0.8660254037844387,-0.4999999999999998,True,False,False,False,False,False,False,False,False,False,False,False,False,False,False,False,False,False,False,False,False,False,False
11.6,97.0,1016.1,90.0,11.0,BOLIVAR AERO,94.0,-35.81666666666667,-61.06666666666667,,0.7071067811865476,-0.7071067811865475,True,False,False,False,False,False,False,False,False,False,False,False,False,False,False,False,False,False,False,False,False,False,False
11.8,97.0,1016.1,90.0,11.0,BOLIVAR AERO,94.0,-35.81666666666667,-61.06666666666667,,0.49999999999999994,-0.8660254037844387,True,False,False,False,False,False,False,False,False,False,False,False,False,False,False,False,False,False,False,False,False,False,False
12.4,97.0,1015.8,90.0,7.0,BOLIVAR AERO,94.0,-35.81666666666667,-61.06666666666667,,0.258819045102521,-0.9659258262890682,True,False,False,False,False,False,False,False,False,False,False,False,False,False,False,False,False,False,False,False,False,False,False
13.0,96.0,1015.4,70.0,7.0,BOLIVAR AERO,94.0,-35.81666666666667,-61.06666666666667,,1.2246467991473532e-16,-1.0,True,False,False,False,False,False,False,False,False,False,False,False,False,False,False,False,False,False,False,False,False,False,False
14.2,93.0,1014.4,70.0,7.0,BOLIVAR AERO,94.0,-35.81666666666667,-61.06666666666667,,-0.2588190451025208,-0.9659258262890683,True,False,False,False,False,False,False,False,False,False,False,False,False,False,False,False,False,False,False,False,False,False,False
15.2,94.0,1013.3,50.0,11.0,BOLIVAR AERO,94.0,-35.81666666666667,-61.06666666666667,,-0.4999999999999997,-0.8660254037844388,True,False,False,False,False,False,False,False,False,False,False,False,False,False,False,False,False,False,False,False,False,False,False
15.4,91.0,1012.5,0.0,0.0,BOLIVAR AERO,94.0,-35.81666666666667,-61.06666666666667,,-0.7071067811865471,-0.7071067811865479,True,False,False,False,False,False,False,False,False,False,False,False,False,False,False,False,False,False,False,False,False,False,False
15.4,96.0,1012.3,0.0,0.0,BOLIVAR AERO,94.0,-35.81666666666667,-61.06666666666667,,-0.8660254037844385,-0.5000000000000004,True,False,False,False,False,False,False,False,False,False,False,False,False,False,False,False,False,False,False,False,False,False,False
15.6,94.0,1012.1,0.0,0.0,BOLIVAR AERO,94.0,-35.81666666666667,-61.06666666666667,,-0.9659258262890683,-0.25881904510252063,True,False,False,False,False,False,False,False,False,False,False,False,False,False,False,False,False,False,False,False,False,False,False
14.8,98.0,1012.4,0.0,0.0,BOLIVAR AERO,94.0,-35.81666666666667,-61.06666666666667,,-1.0,-1.8369701987210297e-16,True,False,False,False,False,False,False,False,False,False,False,False,False,False,False,False,False,False,False,False,False,False,False
14.0,97.0,1012.8,0.0,0.0,BOLIVAR AERO,94.0,-35.81666666666667,-61.06666666666667,,-0.9659258262890684,0.2588190451025203,True,False,False,False,False,False,False,False,False,False,False,False,False,False,False,False,False,False,False,False,False,False,False
13.8,97.0,1013.7,0.0,0.0,BOLIVAR AERO,94.0,-35.81666666666667,-61.06666666666667,,-0.8660254037844386,0.5000000000000001,True,False,False,False,False,False,False,False,False,False,False,False,False,False,False,False,False,False,False,False,False,False,False
13.6,98.0,1013.1,90.0,11.0,BOLIVAR AERO,94.0,-35.81666666666667,-61.06666666666667,,-0.7071067811865477,0.7071067811865474,True,False,False,False,False,False,False,False,False,False,False,False,False,False,False,False,False,False,False,False,False,False,False
14.1,87.0,1019.6,50.0,7.0,BUENOS AIRES OBSE,,,,,0.0,1.0,False,False,False,False,False,False,False,False,False,False,False,False,False,False,False,False,False,False,False,False,False,False,False
13.9,88.0,1019.3,50.0,6.0,BUENOS AIRES OBSE,,,,,0.25881904510252074,0.9659258262890683,False,False,False,False,False,False,False,False,False,False,False,False,False,False,False,False,False,False,False,False,False,False,False
13.7,90.0,1018.9,50.0,6.0,BUENOS AIRES OBSE,,,,,0.49999999999999994,0.8660254037844387,False,False,False,False,False,False,False,False,False,False,False,False,False,False,False,False,False,False,False,False,False,False,False
14.0,89.0,1017.8,50.0,6.0,BUENOS AIRES OBSE,,,,,0.7071067811865476,0.7071067811865476,False,False,False,False,False,False,False,False,False,False,False,False,False,False,False,False,False,False,False,False,False,False,False
14.0,90.0,1017.8,50.0,6.0,BUENOS AIRES OBSE,,,,,0.8660254037844386,0.5000000000000001,False,False,False,False,False,False,False,False,False,False,False,False,False,False,False,False,False,False,False,False,False,False,False
15.0,80.0,1017.3,50.0,6.0,BUENOS AIRES OBSE,,,,,0.9659258262890683,0.25881904510252074,False,False,False,False,False,False,False,False,False,False,False,False,False,False,False,False,False,False,False,False,False,False,False
14.0,91.0,1017.5,90.0,4.0,BUENOS AIRES OBSE,,,,,1.0,6.123233995736766e-17,False,False,False,False,False,False,False,False,False,False,False,False,False,False,False,False,False,False,False,False,False,False,False
14.2,90.0,1017.1,50.0,7.0,BUENOS AIRES OBSE,,,,,0.9659258262890683,-0.25881904510252063,False,False,False,False,False,False,False,False,False,False,False,False,False,False,False,False,False,False,False,False,False,False,False
14.3,89.0,1017.3,50.0,6.0,BUENOS AIRES OBSE,,,,,0.8660254037844387,-0.4999999999999998,False,False,False,False,False,False,False,False,False,False,False,False,False,False,False,False,False,False,False,False,False,False,False
14.6,88.0,1017.2,50.0,7.0,BUENOS AIRES OBSE,,,,,0.7071067811865476,-0.7071067811865475,False,False,False,False,False,False,False,False,False,False,False,False,False,False,False,False,False,False,False,False,False,False,False
16.0,81.0,1017.1,20.0,9.0,BUENOS AIRES OBSE,,,,,0.49999999999999994,-0.8660254037844387,False,False,False,False,False,False,False,False,False,False,False,False,False,False,False,False,False,False,False,False,False,False,False
16.9,79.0,1017.1,360.0,9.0,BUENOS AIRES OBSE,,,,,0.258819045102521,-0.9659258262890682,False,False,False,False,False,False,False,False,False,False,False,False,False,False,False,False,False,False,False,False,False,False,False
17.6,76.0,1016.8,20.0,9.0,BUENOS AIRES OBSE,,,,,1.2246467991473532e-16,-1.0,False,False,False,False,False,False,False,False,False,False,False,False,False,False,False,False,False,False,False,False,False,False,False
18.7,73.0,1015.9,360.0,7.0,BUENOS AIRES OBSE,,,,,-0.2588190451025208,-0.9659258262890683,False,False,False,False,False,False,False,False,False,False,False,False,False,False,False,False,False,False,False,False,False,False,False
19.1,72.0,1014.7,20.0,9.0,BUENOS AIRES OBSE,,,,,-0.4999999999999997,-0.8660254037844388,False,False,False,False,False,False,False,False,False,False,False,False,False,False,False,False,False,False,False,False,False,False,False
19.3,72.0,1013.8,20.0,11.0,BUENOS AIRES OBSE,,,,,-0.7071067811865471,-0.7071067811865479,False,False,False,False,False,False,False,False,False,False,False,False,False,False,False,False,False,False,False,False,False,False,False
19.9,78.0,1012.9,20.0,13.0,BUENOS AIRES OBSE,,,,,-0.8660254037844385,-0.5000000000000004,False,False,False,False,False,False,False,False,False,False,False,False,False,False,False,False,False,False,False,False,False,False,False
20.1,70.0,1012.7,20.0,6.0,BUENOS AIRES OBSE,,,,,-0.9659258262890683,-0.25881904510252063,False,False,False,False,False,False,False,False,False,False,False,False,False,False,False,False,False,False,False,False,False,False,False
18.8,76.0,1012.3,20.0,6.0,BUENOS AIRES OBSE,,,,,-1.0,-1.8369701987210297e-16,False,False,False,False,False,False,False,False,False,False,False,False,False,False,False,False,False,False,False,False,False,False,False
17.8,81.0,1012.4,20.0,6.0,BUENOS AIRES OBSE,,,,,-0.9659258262890684,0.2588190451025203,False,False,False,False,False,False,False,False,False,False,False,False,False,False,False,False,False,False,False,False,False,False,False
18.8,78.0,1012.5,20.0,9.0,BUENOS AIRES OBSE,,,,,-0.8660254037844386,0.5000000000000001,False,False,False,False,False,False,False,False,False,False,False,False,False,False,False,False,False,False,False,False,False,False,False
18.7,78.0,1012.2,20.0,15.0,BUENOS AIRES OBSE,,,,,-0.7071067811865477,0.7071067811865474,False,False,False,False,False,False,False,False,False,False,False,False,False,False,False,False,False,False,False,False,False,False,False
18.1,83.0,1011.8,360.0,9.0,BUENOS AIRES OBSE,,,,,-0.5000000000000004,0.8660254037844384,False,False,False,False,False,False,False,False,False,False,False,False,False,False,False,False,False,False,False,False,False,False,False
17.8,83.0,1011.6,360.0,11.0,BUENOS AIRES OBSE,,,,,-0.25881904510252157,0.9659258262890681,False,False,False,False,False,False,False,False,False,False,False,False,False,False,False,False,False,False,False,False,False,False,False
13.2,94.0,1017.5,50.0,11.0,CAMPO DE MAYO AER,,,,,0.7071067811865476,-0.7071067811865475,False,False,False,False,False,False,False,False,False,False,False,False,False,False,False,False,False,False,False,False,False,False,False
15.6,84.0,1017.6,20.0,11.0,CAMPO DE MAYO AER,,,,,0.49999999999999994,-0.8660254037844387,False,False,False,False,False,False,False,False,False,False,False,False,False,False,False,False,False,False,False,False,False,False,False
17.2,78.0,1017.4,360.0,13.0,CAMPO DE MAYO AER,,,,,0.258819045102521,-0.9659258262890682,False,False,False,False,False,False,False,False,False,False,False,False,False,False,False,False,False,False,False,False,False,False,False
18.9,70.0,1017.0,360.0,19.0,CAMPO DE MAYO AER,,,,,1.2246467991473532e-16,-1.0,False,False,False,False,False,False,False,False,False,False,False,False,False,False,False,False,False,False,False,False,False,False,False
21.0,62.0,1015.8,360.0,19.0,CAMPO DE MAYO AER,,,,,-0.2588190451025208,-0.9659258262890683,False,False,False,False,False,False,False,False,False,False,False,False,False,False,False,False,False,False,False,False,False,False,False
21.5,60.0,1014.7,360.0,13.0,CAMPO DE MAYO AER,,,,,-0.4999999999999997,-0.8660254037844388,False,False,False,False,False,False,False,False,False,False,False,False,False,False,False,False,False,False,False,False,False,False,False
22.2,61.0,1013.7,20.0,19.0,CAMPO DE MAYO AER,,,,,-0.7071067811865471,-0.7071067811865479,False,False,False,False,False,False,False,False,False,False,False,False,False,False,False,False,False,False,False,False,False,False,False
22.5,60.0,1013.0,360.0,15.0,CAMPO DE MAYO AER,,,,,-0.8660254037844385,-0.5000000000000004,False,False,False,False,False,False,False,False,False,False,False,False,False,False,False,False,False,False,False,False,False,False,False
21.2,66.0,1012.8,50.0,13.0,CAMPO DE MAYO AER,,,,,-0.9659258262890683,-0.25881904510252063,False,False,False,False,False,False,False,False,False,False,False,False,False,False,False,False,False,False,False,False,False,False,False
18.7,75.0,1012.4,50.0,11.0,CAMPO DE MAYO AER,,,,,-1.0,-1.8369701987210297e-16,False,False,False,False,False,False,False,False,False,False,False,False,False,False,False,False,False,False,False,False,False,False,False
17.4,83.0,1012.7,70.0,9.0,CAMPO DE MAYO AER,,,,,-0.9659258262890684,0.2588190451025203,False,False,False,False,False,False,False,False,False,False,False,False,False,False,False,False,False,False,False,False,False,False,False
16.5,86.0,1012.6,50.0,9.0,CAMPO DE MAYO AER,,,,,-0.8660254037844386,0.5000000000000001,False,False,False,False,False,False,False,False,False,False,False,False,False,False,False,False,False,False,False,False,False,False,False
16.0,91.0,1012.4,50.0,13.0,CAMPO DE MAYO AER,,,,,-0.7071067811865477,0.7071067811865474,False,False,False,False,False,False,False,False,False,False,False,False,False,False,False,False,False,False,False,False,False,False,False
19.0,61.0,1011.1,360.0,9.0,CATAMARCA AERO,464.0,-27.416666666666668,-65.75,,0.0,1.0,False,False,True,False,False,False,False,False,False,False,False,False,False,False,False,False,False,False,False,False,False,False,False
15.8,68.0,1010.5,360.0,9.0,CATAMARCA AERO,464.0,-27.416666666666668,-65.75,,0.25881904510252074,0.9659258262890683,False,False,True,False,False,False,False,False,False,False,False,False,False,False,False,False,False,False,False,False,False,False,False
13.0,71.0,1010.2,270.0,6.0,CATAMARCA AERO,464.0,-27.416666666666668,-65.75,,0.49999999999999994,0.8660254037844387,False,False,True,False,False,False,False,False,False,False,False,False,False,False,False,False,False,False,False,False,False,False,False
11.2,79.0,1010.3,0.0,0.0,CATAMARCA AERO,464.0,-27.416666666666668,-65.75,,0.7071067811865476,0.7071067811865476,False,False,True,False,False,False,False,False,False,False,False,False,False,False,False,False,False,False,False,False,False,False,False
9.8,80.0,1010.5,360.0,6.0,CATAMARCA AERO,464.0,-27.416666666666668,-65.75,,0.8660254037844386,0.5000000000000001,False,False,True,False,False,False,False,False,False,False,False,False,False,False,False,False,False,False,False,False,False,False,False
8.4,84.0,1011.1,360.0,6.0,CATAMARCA AERO,464.0,-27.416666666666668,-65.75,,0.9659258262890683,0.25881904510252074,False,False,True,False,False,False,False,False,False,False,False,False,False,False,False,False,False,False,False,False,False,False,False
10.0,75.0,1010.9,20.0,9.0,CATAMARCA AERO,464.0,-27.416666666666668,-65.75,,1.0,6.123233995736766e-17,False,False,True,False,False,False,False,False,False,False,False,False,False,False,False,False,False,False,False,False,False,False,False
8.6,84.0,1011.7,40.0,6.0,CATAMARCA AERO,464.0,-27.416666666666668,-65.75,,0.9659258262890683,-0.25881904510252063,False,False,True,False,False,False,False,False,False,False,False,False,False,False,False,False,False,False,False,False,False,False,False
9.0,82.0,1012.1,30.0,9.0,CATAMARCA AERO,464.0,-27.416666666666668,-65.75,,0.8660254037844387,-0.4999999999999998,False,False,True,False,False,False,False,False,False,False,False,False,False,False,False,False,False,False,False,False,False,False,False
9.2,80.0,1012.8,20.0,9.0,CATAMARCA AERO,464.0,-27.416666666666668,-65.75,,0.7071067811865476,-0.7071067811865475,False,False,True,False,False,False,False,False,False,False,False,False,False,False,False,False,False,False,False,False,False,False,False
12.6,67.0,1012.6,20.0,4.0,CATAMARCA AERO,464.0,-27.416666666666668,-65.75,,0.49999999999999994,-0.8660254037844387,False,False,True,False,False,False,False,False,False,False,False,False,False,False,False,False,False,False,False,False,False,False,False
17.2,55.0,1011.6,0.0,0.0,CATAMARCA AERO,464.0,-27.416666666666668,-65.75,,0.258819045102521,-0.9659258262890682,False,False,True,False,False,False,False,False,False,False,False,False,False,False,False,False,False,False,False,False,False,False,False
21.0,45.0,1010.1,20.0,4.0,CATAMARCA AERO,464.0,-27.416666666666668,-65.75,,1.2246467991473532e-16,-1.0,False,False,True,False,False,False,False,False,False,False,False,False,False,False,False,False,False,False,False,False,False,False,False
23.2,40.0,1009.6,180.0,9.0,CATAMARCA AERO,464.0,-27.416666666666668,-65.75,,-0.2588190451025208,-0.9659258262890683,False,False,True,False,False,False,False,False,False,False,False,False,False,False,False,False,False,False,False,False,False,False,False
24.6,38.0,1007.8,270.0,9.0,CATAMARCA AERO,464.0,-27.416666666666668,-65.75,,-0.4999999999999997,-0.8660254037844388,False,False,True,False,False,False,False,False,False,False,False,False,False,False,False,False,False,False,False,False,False,False,False
25.4,38.0,1006.5,0.0,0.0,CATAMARCA AERO,464.0,-27.416666666666668,-65.75,,-0.7071067811865471,-0.7071067811865479,False,False,True,False,False,False,False,False,False,False,False,False,False,False,False,False,False,False,False,False,False,False,False
26.6,36.0,1005.8,0.0,0.0,CATAMARCA AERO,464.0,-27.416666666666668,-65.75,,-0.8660254037844385,-0.5000000000000004,False,False,True,False,False,False,False,False,False,False,False,False,False,False,False,False,False,False,False,False,False,False,False
26.8,34.0,1005.8,230.0,7.0,CATAMARCA AERO,464.0,-27.416666666666668,-65.75,,-0.9659258262890683,-0.25881904510252063,False,False,True,False,False,False,False,False,False,False,False,False,False,False,False,False,False,False,False,False,False,False,False
26.0,43.0,1005.2,270.0,4.0,CATAMARCA AERO,464.0,-27.416666666666668,-65.75,,-1.0,-1.8369701987210297e-16,False,False,True,False,False,False,False,False,False,False,False,False,False,False,False,False,False,False,False,False,False,False,False
22.6,51.0,1005.9,320.0,6.0,CATAMARCA AERO,464.0,-27.416666666666668,-65.75,,-0.9659258262890684,0.2588190451025203,False,False,True,False,False,False,False,False,False,False,False,False,False,False,False,False,False,False,False,False,False,False,False
22.2,52.0,1005.9,50.0,19.0,CATAMARCA AERO,464.0,-27.416666666666668,-65.75,,-0.8660254037844386,0.5000000000000001,False,False,True,False,False,False,False,False,False,False,False,False,False,False,False,False,False,False,False,False,False,False,False
18.8,64.0,1007.3,250.0,7.0,CATAMARCA AERO,464.0,-27.416666666666668,-65.75,,-0.7071067811865477,0.7071067811865474,False,False,True,False,False,False,False,False,False,False,False,False,False,False,False,False,False,False,False,False,False,False,False
18.6,63.0,1007.7,340.0,4.0,CATAMARCA AERO,464.0,-27.416666666666668,-65.75,,-0.5000000000000004,0.8660254037844384,False,False,True,False,False,False,False,False,False,False,False,False,False,False,False,False,False,False,False,False,False,False,False
15.2,62.0,1009.3,230.0,11.0,CATAMARCA AERO,464.0,-27.416666666666668,-65.75,,-0.25881904510252157,0.9659258262890681,False,False,True,False,False,False,False,False,False,False,False,False,False,False,False,False,False,False,False,False,False,False,False
16.2,87.0,1015.1,40.0,17.0,CERES AERO,88.0,-28.133333333333333,-61.93333333333333,,0.0,1.0,False,False,False,False,False,False,False,False,False,False,False,False,False,False,False,False,False,False,False,False,True,False,False
17.2,83.0,1014.5,40.0,17.0,CERES AERO,88.0,-28.133333333333333,-61.93333333333333,,0.25881904510252074,0.9659258262890683,False,False,False,False,False,False,False,False,False,False,False,False,False,False,False,False,False,False,False,False,True,False,False
18.0,77.0,1014.2,40.0,17.0,CERES AERO,88.0,-28.133333333333333,-61.93333333333333,,0.49999999999999994,0.8660254037844387,False,False,False,False,False,False,False,False,False,False,False,False,False,False,False,False,False,False,False,False,True,False,False
18.6,68.0,1013.7,40.0,15.0,CERES AERO,88.0,-28.133333333333333,-61.93333333333333,,0.7071067811865476,0.7071067811865476,False,False,False,False,False,False,False,False,False,False,False,False,False,False,False,False,False,False,False,False,True,False,False
18.6,70.0,1013.4,40.0,17.0,CERES AERO,88.0,-28.133333333333333,-61.93333333333333,,0.8660254037844386,0.5000000000000001,False,False,False,False,False,False,False,False,False,False,False,False,False,False,False,False,False,False,False,False,True,False,False
18.2,71.0,1013.3,40.0,15.0,CERES AERO,88.0,-28.133333333333333,-61.93333333333333,,0.9659258262890683,0.25881904510252074,False,False,False,False,False,False,False,False,False,False,False,False,False,False,False,False,False,False,False,False,True,False,False
15.5,83.0,1013.2,60.0,9.0,CERES AERO,88.0,-28.133333333333333,-61.93333333333333,,1.0,6.123233995736766e-17,False,False,False,False,False,False,False,False,False,False,False,False,False,False,False,False,False,False,False,False,True,False,False
15.9,84.0,1013.2,50.0,11.0,CERES AERO,88.0,-28.133333333333333,-61.93333333333333,,0.9659258262890683,-0.25881904510252063,False,False,False,False,False,False,False,False,False,False,False,False,False,False,False,False,False,False,False,False,True,False,False
17.4,78.0,1013.3,40.0,13.0,CERES AERO,88.0,-28.133333333333333,-61.93333333333333,,0.8660254037844387,-0.4999999999999998,False,False,False,False,False,False,False,False,False,False,False,False,False,False,False,False,False,False,False,False,True,False,False
18.1,76.0,1013.7,50.0,15.0,CERES AERO,88.0,-28.133333333333333,-61.93333333333333,,0.7071067811865476,-0.7071067811865475,False,False,False,False,False,False,False,False,False,False,False,False,False,False,False,False,False,False,False,False,True,False,False
20.1,69.0,1014.1,30.0,13.0,CERES AERO,88.0,-28.133333333333333,-61.93333333333333,,0.49999999999999994,-0.8660254037844387,False,False,False,False,False,False,False,False,False,False,False,False,False,False,False,False,False,False,False,False,True,False,False
21.3,64.0,1014.1,30.0,13.0,CERES AERO,88.0,-28.133333333333333,-61.93333333333333,,0.258819045102521,-0.9659258262890682,False,False,False,False,False,False,False,False,False,False,False,False,False,False,False,False,False,False,False,False,True,False,False
23.5,56.0,1013.6,20.0,17.0,CERES AERO,88.0,-28.133333333333333,-61.93333333333333,,1.2246467991473532e-16,-1.0,False,False,False,False,False,False,False,False,False,False,False,False,False,False,False,False,False,False,False,False,True,False,False
25.5,47.0,1012.5,10.0,19.0,CERES AERO,88.0,-28.133333333333333,-61.93333333333333,,-0.2588190451025208,-0.9659258262890683,False,False,False,False,False,False,False,False,False,False,False,False,False,False,False,False,False,False,False,False,True,False,False
28.1,33.0,1010.5,10.0,24.0,CERES AERO,88.0,-28.133333333333333,-61.93333333333333,,-0.4999999999999997,-0.8660254037844388,False,False,False,False,False,False,False,False,False,False,False,False,False,False,False,False,False,False,False,False,True,False,False
28.9,33.0,1009.2,360.0,24.0,CERES AERO,88.0,-28.133333333333333,-61.93333333333333,,-0.7071067811865471,-0.7071067811865479,False,False,False,False,False,False,False,False,False,False,False,False,False,False,False,False,False,False,False,False,True,False,False
28.7,34.0,1008.4,360.0,17.0,CERES AERO,88.0,-28.133333333333333,-61.93333333333333,,-0.8660254037844385,-0.5000000000000004,False,False,False,False,False,False,False,False,False,False,False,False,False,False,False,False,False,False,False,False,True,False,False
29.0,34.0,1008.3,10.0,19.0,CERES AERO,88.0,-28.133333333333333,-61.93333333333333,,-0.9659258262890683,-0.25881904510252063,False,False,False,False,False,False,False,False,False,False,False,False,False,False,False,False,False,False,False,False,True,False,False
28.0,36.0,1008.3,30.0,15.0,CERES AERO,88.0,-28.133333333333333,-61.93333333333333,,-1.0,-1.8369701987210297e-16,False,False,False,False,False,False,False,False,False,False,False,False,False,False,False,False,False,False,False,False,True,False,False
25.5,42.0,1008.1,40.0,15.0,CERES AERO,88.0,-28.133333333333333,-61.93333333333333,,-0.9659258262890684,0.2588190451025203,False,False,False,False,False,False,False,False,False,False,False,False,False,False,False,False,False,False,False,False,True,False,False
24.4,46.0,1008.2,40.0,20.0,CERES AERO,88.0,-28.133333333333333,-61.93333333333333,,-0.8660254037844386,0.5000000000000001,False,False,False,False,False,False,False,False,False,False,False,False,False,False,False,False,False,False,False,False,True,False,False
22.9,53.0,1009.2,60.0,15.0,CERES AERO,88.0,-28.133333333333333,-61.93333333333333,,-0.7071067811865477,0.7071067811865474,False,False,False,False,False,False,False,False,False,False,False,False,False,False,False,False,False,False,False,False,True,False,False
22.3,55.0,1009.0,40.0,19.0,CERES AERO,88.0,-28.133333333333333,-61.93333333333333,,-0.5000000000000004,0.8660254037844384,False,False,False,False,False,False,False,False,False,False,False,False,False,False,False,False,False,False,False,False,True,False,False
21.5,59.0,1009.1,30.0,17.0,CERES AERO,88.0,-28.133333333333333,-61.93333333333333,,-0.25881904510252157,0.9659258262890681,False,False,False,False,False,False,False,False,False,False,False,False,False,False,False,False,False,False,False,False,True,False,False
11.8,96.0,1011.5,140.0,4.0,CHAMICAL AERO,461.0,-29.666666666666668,-66.28333333333333,,1.0,6.123233995736766e-17,False,False,False,False,False,False,False,False,False,False,False,True,False,False,False,False,False,False,False,False,False,False,False
12.0,96.0,1011.6,140.0,4.0,CHAMICAL AERO,461.0,-29.666666666666668,-66.28333333333333,,0.9659258262890683,-0.25881904510252063,False,False,False,False,False,False,False,False,False,False,False,True,False,False,False,False,False,False,False,False,False,False,False
11.6,97.0,1012.5,0.0,0.0,CHAMICAL AERO,461.0,-29.666666666666668,-66.28333333333333,,0.8660254037844387,-0.4999999999999998,False,False,False,False,False,False,False,False,False,False,False,True,False,False,False,False,False,False,False,False,False,False,False
12.8,96.0,1012.5,140.0,4.0,CHAMICAL AERO,461.0,-29.666666666666668,-66.28333333333333,,0.7071067811865476,-0.7071067811865475,False,False,False,False,False,False,False,False,False,False,False,True,False,False,False,False,False,False,False,False,False,False,False
15.8,89.0,1012.8,140.0,4.0,CHAMICAL AERO,461.0,-29.666666666666668,-66.28333333333333,,0.49999999999999994,-0.8660254037844387,False,False,False,False,False,False,False,False,False,False,False,True,False,False,False,False,False,False,False,False,False,False,False
19.0,74.0,1012.4,140.0,4.0,CHAMICAL AERO,461.0,-29.666666666666668,-66.28333333333333,,0.258819045102521,-0.9659258262890682,False,False,False,False,False,False,False,False,False,False,False,True,False,False,False,False,False,False,False,False,False,False,False
21.4,60.0,1011.2,0.0,0.0,CHAMICAL AERO,461.0,-29.666666666666668,-66.28333333333333,,1.2246467991473532e-16,-1.0,False,False,False,False,False,False,False,False,False,False,False,True,False,False,False,False,False,False,False,False,False,False,False
22.8,53.0,1009.2,0.0,0.0,CHAMICAL AERO,461.0,-29.666666666666668,-66.28333333333333,,-0.2588190451025208,-0.9659258262890683,False,False,False,False,False,False,False,False,False,False,False,True,False,False,False,False,False,False,False,False,False,False,False
24.2,44.0,1007.8,20.0,4.0,CHAMICAL AERO,461.0,-29.666666666666668,-66.28333333333333,,-0.4999999999999997,-0.8660254037844388,False,False,False,False,False,False,False,False,False,False,False,True,False,False,False,False,False,False,False,False,False,False,False
24.7,41.0,1007.9,0.0,0.0,CHAMICAL AERO,461.0,-29.666666666666668,-66.28333333333333,,-0.7071067811865471,-0.7071067811865479,False,False,False,False,False,False,False,False,False,False,False,True,False,False,False,False,False,False,False,False,False,False,False
25.0,39.0,1006.3,50.0,15.0,CHAMICAL AERO,461.0,-29.666666666666668,-66.28333333333333,,-0.8660254037844385,-0.5000000000000004,False,False,False,False,False,False,False,False,False,False,False,True,False,False,False,False,False,False,False,False,False,False,False
24.6,37.0,1005.8,360.0,9.0,CHAMICAL AERO,461.0,-29.666666666666668,-66.28333333333333,,-0.9659258262890683,-0.25881904510252063,False,False,False,False,False,False,False,False,False,False,False,True,False,False,False,False,False,False,False,False,False,False,False
23.8,44.0,1006.8,0.0,0.0,CHAMICAL AERO,461.0,-29.666666666666668,-66.28333333333333,,-1.0,-1.8369701987210297e-16,False,False,False,False,False,False,False,False,False,False,False,True,False,False,False,False,False,False,False,False,False,False,False
18.0,61.0,1007.9,0.0,0.0,CHAMICAL AERO,461.0,-29.666666666666668,-66.28333333333333,,-0.9659258262890684,0.2588190451025203,False,False,False,False,False,False,False,False,False,False,False,True,False,False,False,False,False,False,False,False,False,False,False
16.8,61.0,1009.5,180.0,9.0,CHAMICAL AERO,461.0,-29.666666666666668,-66.28333333333333,,-0.8660254037844386,0.5000000000000001,False,False,False,False,False,False,False,False,False,False,False,True,False,False,False,False,False,False,False,False,False,False,False
16.6,64.0,1010.5,160.0,15.0,CHAMICAL AERO,461.0,-29.666666666666668,-66.28333333333333,,-0.7071067811865477,0.7071067811865474,False,False,False,False,False,False,False,False,False,False,False,True,False,False,False,False,False,False,False,False,False,False,False
2.2,87.0,1015.8,0.0,0.0,CHAPELCO AERO,779.0,-39.93333333333333,-71.13333333333334,,1.0,6.123233995736766e-17,False,False,False,False,False,False,False,False,False,False,False,False,False,False,True,False,False,False,False,False,False,False,False
4.4,82.0,1015.5,290.0,26.0,CHAPELCO AERO,779.0,-39.93333333333333,-71.13333333333334,,0.9659258262890683,-0.25881904510252063,False,False,False,False,False,False,False,False,False,False,False,False,False,False,True,False,False,False,False,False,False,False,False
4.8,77.0,1015.7,290.0,22.0,CHAPELCO AERO,779.0,-39.93333333333333,-71.13333333333334,,0.8660254037844387,-0.4999999999999998,False,False,False,False,False,False,False,False,False,False,False,False,False,False,True,False,False,False,False,False,False,False,False
4.4,85.0,1016.6,290.0,19.0,CHAPELCO AERO,779.0,-39.93333333333333,-71.13333333333334,,0.7071067811865476,-0.7071067811865475,False,False,False,False,False,False,False,False,False,False,False,False,False,False,True,False,False,False,False,False,False,False,False
5.6,72.0,1017.6,290.0,22.0,CHAPELCO AERO,779.0,-39.93333333333333,-71.13333333333334,,0.49999999999999994,-0.8660254037844387,False,False,False,False,False,False,False,False,False,False,False,False,False,False,True,False,False,False,False,False,False,False,False
6.4,70.0,1017.9,310.0,19.0,CHAPELCO AERO,779.0,-39.93333333333333,-71.13333333333334,,0.258819045102521,-0.9659258262890682,False,False,False,False,False,False,False,False,False,False,False,False,False,False,True,False,False,False,False,False,False,False,False
7.0,71.0,1018.6,300.0,9.0,CHAPELCO AERO,779.0,-39.93333333333333,-71.13333333333334,,1.2246467991473532e-16,-1.0,False,False,False,False,False,False,False,False,False,False,False,False,False,False,True,False,False,False,False,False,False,False,False
7.6,66.0,1019.3,290.0,28.0,CHAPELCO AERO,779.0,-39.93333333333333,-71.13333333333334,,-0.2588190451025208,-0.9659258262890683,False,False,False,False,False,False,False,False,False,False,False,False,False,False,True,False,False,False,False,False,False,False,False
7.9,65.0,1019.2,290.0,33.0,CHAPELCO AERO,779.0,-39.93333333333333,-71.13333333333334,,-0.4999999999999997,-0.8660254037844388,False,False,False,False,False,False,False,False,False,False,False,False,False,False,True,False,False,False,False,False,False,False,False
8.2,59.0,1019.5,290.0,31.0,CHAPELCO AERO,779.0,-39.93333333333333,-71.13333333333334,,-0.7071067811865471,-0.7071067811865479,False,False,False,False,False,False,False,False,False,False,False,False,False,False,True,False,False,False,False,False,False,False,False
7.7,55.0,1020.0,280.0,35.0,CHAPELCO AERO,779.0,-39.93333333333333,-71.13333333333334,,-0.8660254037844385,-0.5000000000000004,False,False,False,False,False,False,False,False,False,False,False,False,False,False,True,False,False,False,False,False,False,False,False
7.7,49.0,1022.2,300.0,31.0,CHAPELCO AERO,779.0,-39.93333333333333,-71.13333333333334,,-0.9659258262890683,-0.25881904510252063,False,False,False,False,False,False,False,False,False,False,False,False,False,False,True,False,False,False,False,False,False,False,False
6.4,55.0,1023.6,300.0,28.0,CHAPELCO AERO,779.0,-39.93333333333333,-71.13333333333334,,-1.0,-1.8369701987210297e-16,False,False,False,False,False,False,False,False,False,False,False,False,False,False,True,False,False,False,False,False,False,False,False
4.8,64.0,1024.8,310.0,22.0,CHAPELCO AERO,779.0,-39.93333333333333,-71.13333333333334,,-0.9659258262890684,0.2588190451025203,False,False,False,False,False,False,False,False,False,False,False,False,False,False,True,False,False,False,False,False,False,False,False
4.0,65.0,1025.8,290.0,20.0,CHAPELCO AERO,779.0,-39.93333333333333,-71.13333333333334,,-0.8660254037844386,0.5000000000000001,False,False,False,False,False,False,False,False,False,False,False,False,False,False,True,False,False,False,False,False,False,False,False
3.0,73.0,1027.0,0.0,0.0,CHAPELCO AERO,779.0,-39.93333333333333,-71.13333333333334,,-0.7071067811865477,0.7071067811865474,False,False,False,False,False,False,False,False,False,False,False,False,False,False,True,False,False,False,False,False,False,False,False
11.6,75.0,1011.3,0.0,0.0,CHEPES,646.0,-30.65,-66.56666666666666,,0.7071067811865476,-0.7071067811865475,False,False,False,False,False,False,False,False,False,False,False,True,False,False,False,False,False,False,False,False,False,False,False
24.4,49.0,,50.0,9.0,CHEPES,646.0,-30.65,-66.56666666666666,,-0.7071067811865471,-0.7071067811865479,False,False,False,False,False,False,False,False,False,False,False,True,False,False,False,False,False,False,False,False,False,False,False
18.4,47.0,1010.4,230.0,9.0,CHEPES,646.0,-30.65,-66.56666666666666,,-0.7071067811865477,0.7071067811865474,False,False,False,False,False,False,False,False,False,False,False,True,False,False,False,False,False,False,False,False,False,False,False
5.4,90.0,,60.0,6.0,CHILECITO AERO,947.0,-28.783333333333335,-67.43333333333334,,0.7071067811865476,-0.7071067811865475,False,False,False,False,False,False,False,False,False,False,False,True,False,False,False,False,False,False,False,False,False,False,False
13.6,59.0,,210.0,11.0,CHILECITO AERO,947.0,-28.783333333333335,-67.43333333333334,,-0.7071067811865477,0.7071067811865474,False,False,False,False,False,False,False,False,False,False,False,True,False,False,False,False,False,False,False,False,False,False,False
12.8,46.0,1005.7,320.0,15.0,COMODORO RIVADAVI,,,,,0.0,1.0,False,False,False,False,False,False,False,False,False,False,False,False,False,False,False,False,False,False,False,False,False,False,False
12.5,45.0,1005.0,290.0,39.0,COMODORO RIVADAVI,,,,,0.25881904510252074,0.9659258262890683,False,False,False,False,False,False,False,False,False,False,False,False,False,False,False,False,False,False,False,False,False,False,False
11.8,47.0,1005.5,290.0,28.0,COMODORO RIVADAVI,,,,,0.49999999999999994,0.8660254037844387,False,False,False,False,False,False,False,False,False,False,False,False,False,False,False,False,False,False,False,False,False,False,False
12.1,46.0,1005.5,280.0,24.0,COMODORO RIVADAVI,,,,,0.7071067811865476,0.7071067811865476,False,False,False,False,False,False,False,False,False,False,False,False,False,False,False,False,False,False,False,False,False,False,False
12.9,46.0,1006.3,280.0,24.0,COMODORO RIVADAVI,,,,,0.8660254037844386,0.5000000000000001,False,False,False,False,False,False,False,False,False,False,False,False,False,False,False,False,False,False,False,False,False,False,False
12.3,52.0,1006.7,260.0,11.0,COMODORO RIVADAVI,,,,,0.9659258262890683,0.25881904510252074,False,False,False,False,False,False,False,False,False,False,False,False,False,False,False,False,False,False,False,False,False,False,False
12.2,54.0,1007.2,260.0,11.0,COMODORO RIVADAVI,,,,,1.0,6.123233995736766e-17,False,False,False,False,False,False,False,False,False,False,False,False,False,False,False,False,False,False,False,False,False,False,False
10.9,61.0,1008.0,250.0,26.0,COMODORO RIVADAVI,,,,,0.9659258262890683,-0.25881904510252063,False,False,False,False,False,False,False,False,False,False,False,False,False,False,False,False,False,False,False,False,False,False,False
11.1,59.0,1009.4,230.0,13.0,COMODORO RIVADAVI,,,,,0.8660254037844387,-0.4999999999999998,False,False,False,False,False,False,False,False,False,False,False,False,False,False,False,False,False,False,False,False,False,False,False
10.9,59.0,1010.0,260.0,15.0,COMODORO RIVADAVI,,,,,0.7071067811865476,-0.7071067811865475,False,False,False,False,False,False,False,False,False,False,False,False,False,False,False,False,False,False,False,False,False,False,False
9.8,60.0,1010.3,250.0,22.0,COMODORO RIVADAVI,,,,,0.49999999999999994,-0.8660254037844387,False,False,False,False,False,False,False,False,False,False,False,False,False,False,False,False,False,False,False,False,False,False,False
10.4,56.0,1011.3,240.0,22.0,COMODORO RIVADAVI,,,,,0.258819045102521,-0.9659258262890682,False,False,False,False,False,False,False,False,False,False,False,False,False,False,False,False,False,False,False,False,False,False,False
11.4,54.0,1012.1,230.0,22.0,COMODORO RIVADAVI,,,,,1.2246467991473532e-16,-1.0,False,False,False,False,False,False,False,False,False,False,False,False,False,False,False,False,False,False,False,False,False,False,False
13.0,48.0,1012.7,230.0,9.0,COMODORO RIVADAVI,,,,,-0.2588190451025208,-0.9659258262890683,False,False,False,False,False,False,False,False,False,False,False,False,False,False,False,False,False,False,False,False,False,False,False
13.0,40.0,1013.1,230.0,15.0,COMODORO RIVADAVI,,,,,-0.4999999999999997,-0.8660254037844388,False,False,False,False,False,False,False,False,False,False,False,False,False,False,False,False,False,False,False,False,False,False,False
12.8,35.0,1013.3,230.0,9.0,COMODORO RIVADAVI,,,,,-0.7071067811865471,-0.7071067811865479,False,False,False,False,False,False,False,False,False,False,False,False,False,False,False,False,False,False,False,False,False,False,False
12.0,37.0,1014.4,230.0,9.0,COMODORO RIVADAVI,,,,,-0.8660254037844385,-0.5000000000000004,False,False,False,False,False,False,False,False,False,False,False,False,False,False,False,False,False,False,False,False,False,False,False
11.2,44.0,1015.5,250.0,11.0,COMODORO RIVADAVI,,,,,-0.9659258262890683,-0.25881904510252063,False,False,False,False,False,False,False,False,False,False,False,False,False,False,False,False,False,False,False,False,False,False,False
10.2,47.0,1016.2,250.0,11.0,COMODORO RIVADAVI,,,,,-1.0,-1.8369701987210297e-16,False,False,False,False,False,False,False,False,False,False,False,False,False,False,False,False,False,False,False,False,False,False,False
8.8,52.0,1017.2,250.0,13.0,COMODORO RIVADAVI,,,,,-0.9659258262890684,0.2588190451025203,False,False,False,False,False,False,False,False,False,False,False,False,False,False,False,False,False,False,False,False,False,False,False
8.8,46.0,1017.3,250.0,19.0,COMODORO RIVADAVI,,,,,-0.8660254037844386,0.5000000000000001,False,False,False,False,False,False,False,False,False,False,False,False,False,False,False,False,False,False,False,False,False,False,False
8.4,49.0,1017.7,240.0,20.0,COMODORO RIVADAVI,,,,,-0.7071067811865477,0.7071067811865474,False,False,False,False,False,False,False,False,False,False,False,False,False,False,False,False,False,False,False,False,False,False,False
8.2,47.0,1018.1,240.0,28.0,COMODORO RIVADAVI,,,,,-0.5000000000000004,0.8660254037844384,False,False,False,False,False,False,False,False,False,False,False,False,False,False,False,False,False,False,False,False,False,False,False
8.5,49.0,1018.1,250.0,33.0,COMODORO RIVADAVI,,,,,-0.25881904510252157,0.9659258262890681,False,False,False,False,False,False,False,False,False,False,False,False,False,False,False,False,False,False,False,False,False,False,False
15.8,90.0,1019.8,90.0,11.0,CONCORDIA AERO,37.0,-30.7,-58.0,,0.0,1.0,False,False,False,False,False,False,False,True,False,False,False,False,False,False,False,False,False,False,False,False,False,False,False
15.2,91.0,1019.6,90.0,13.0,CONCORDIA AERO,37.0,-30.7,-58.0,,0.25881904510252074,0.9659258262890683,False,False,False,False,False,False,False,True,False,False,False,False,False,False,False,False,False,False,False,False,False,False,False
13.8,93.0,1019.3,90.0,11.0,CONCORDIA AERO,37.0,-30.7,-58.0,,0.49999999999999994,0.8660254037844387,False,False,False,False,False,False,False,True,False,False,False,False,False,False,False,False,False,False,False,False,False,False,False
13.0,88.0,1018.6,50.0,7.0,CONCORDIA AERO,37.0,-30.7,-58.0,,0.7071067811865476,0.7071067811865476,False,False,False,False,False,False,False,True,False,False,False,False,False,False,False,False,False,False,False,False,False,False,False
12.4,93.0,1018.2,50.0,7.0,CONCORDIA AERO,37.0,-30.7,-58.0,,0.8660254037844386,0.5000000000000001,False,False,False,False,False,False,False,True,False,False,False,False,False,False,False,False,False,False,False,False,False,False,False
11.8,96.0,1017.6,50.0,9.0,CONCORDIA AERO,37.0,-30.7,-58.0,,0.9659258262890683,0.25881904510252074,False,False,False,False,False,False,False,True,False,False,False,False,False,False,False,False,False,False,False,False,False,False,False
11.0,97.0,1017.7,50.0,9.0,CONCORDIA AERO,37.0,-30.7,-58.0,,1.0,6.123233995736766e-17,False,False,False,False,False,False,False,True,False,False,False,False,False,False,False,False,False,False,False,False,False,False,False
12.0,97.0,1018.0,50.0,7.0,CONCORDIA AERO,37.0,-30.7,-58.0,,0.9659258262890683,-0.25881904510252063,False,False,False,False,False,False,False,True,False,False,False,False,False,False,False,False,False,False,False,False,False,False,False
11.4,97.0,1018.2,50.0,7.0,CONCORDIA AERO,37.0,-30.7,-58.0,,0.8660254037844387,-0.4999999999999998,False,False,False,False,False,False,False,True,False,False,False,False,False,False,False,False,False,False,False,False,False,False,False
13.9,91.0,1018.5,50.0,9.0,CONCORDIA AERO,37.0,-30.7,-58.0,,0.7071067811865476,-0.7071067811865475,False,False,False,False,False,False,False,True,False,False,False,False,False,False,False,False,False,False,False,False,False,False,False
15.9,83.0,1018.6,50.0,13.0,CONCORDIA AERO,37.0,-30.7,-58.0,,0.49999999999999994,-0.8660254037844387,False,False,False,False,False,False,False,True,False,False,False,False,False,False,False,False,False,False,False,False,False,False,False
17.8,73.0,1018.3,50.0,15.0,CONCORDIA AERO,37.0,-30.7,-58.0,,0.258819045102521,-0.9659258262890682,False,False,False,False,False,False,False,True,False,False,False,False,False,False,False,False,False,False,False,False,False,False,False
20.4,58.0,1018.0,70.0,13.0,CONCORDIA AERO,37.0,-30.7,-58.0,,1.2246467991473532e-16,-1.0,False,False,False,False,False,False,False,True,False,False,False,False,False,False,False,False,False,False,False,False,False,False,False
22.6,57.0,1016.8,70.0,11.0,CONCORDIA AERO,37.0,-30.7,-58.0,,-0.2588190451025208,-0.9659258262890683,False,False,False,False,False,False,False,True,False,False,False,False,False,False,False,False,False,False,False,False,False,False,False
24.1,47.0,1015.7,50.0,17.0,CONCORDIA AERO,37.0,-30.7,-58.0,,-0.4999999999999997,-0.8660254037844388,False,False,False,False,False,False,False,True,False,False,False,False,False,False,False,False,False,False,False,False,False,False,False
24.8,48.0,1014.6,50.0,19.0,CONCORDIA AERO,37.0,-30.7,-58.0,,-0.7071067811865471,-0.7071067811865479,False,False,False,False,False,False,False,True,False,False,False,False,False,False,False,False,False,False,False,False,False,False,False
25.2,55.0,1014.2,50.0,13.0,CONCORDIA AERO,37.0,-30.7,-58.0,,-0.8660254037844385,-0.5000000000000004,False,False,False,False,False,False,False,True,False,False,False,False,False,False,False,False,False,False,False,False,False,False,False
23.3,62.0,1013.6,50.0,6.0,CONCORDIA AERO,37.0,-30.7,-58.0,,-0.9659258262890683,-0.25881904510252063,False,False,False,False,False,False,False,True,False,False,False,False,False,False,False,False,False,False,False,False,False,False,False
22.1,68.0,1013.2,70.0,6.0,CONCORDIA AERO,37.0,-30.7,-58.0,,-1.0,-1.8369701987210297e-16,False,False,False,False,False,False,False,True,False,False,False,False,False,False,False,False,False,False,False,False,False,False,False
19.5,74.0,1012.8,50.0,7.0,CONCORDIA AERO,37.0,-30.7,-58.0,,-0.9659258262890684,0.2588190451025203,False,False,False,False,False,False,False,True,False,False,False,False,False,False,False,False,False,False,False,False,False,False,False
19.8,72.0,1012.8,50.0,13.0,CONCORDIA AERO,37.0,-30.7,-58.0,,-0.8660254037844386,0.5000000000000001,False,False,False,False,False,False,False,True,False,False,False,False,False,False,False,False,False,False,False,False,False,False,False
19.6,71.0,1013.4,0.0,0.0,CONCORDIA AERO,37.0,-30.7,-58.0,,-0.7071067811865477,0.7071067811865474,False,False,False,False,False,False,False,True,False,False,False,False,False,False,False,False,False,False,False,False,False,False,False
19.2,78.0,1013.3,0.0,0.0,CONCORDIA AERO,37.0,-30.7,-58.0,,-0.5000000000000004,0.8660254037844384,False,False,False,False,False,False,False,True,False,False,False,False,False,False,False,False,False,False,False,False,False,False,False
18.0,81.0,1013.2,50.0,6.0,CONCORDIA AERO,37.0,-30.7,-58.0,,-0.25881904510252157,0.9659258262890681,False,False,False,False,False,False,False,True,False,False,False,False,False,False,False,False,False,False,False,False,False,False,False
11.5,94.0,1014.5,360.0,9.0,CORDOBA AERO,495.0,-30.716666666666665,-64.2,,0.0,1.0,False,False,False,False,False,True,False,False,False,False,False,False,False,False,False,False,False,False,False,False,False,False,False
10.8,95.0,1014.2,340.0,11.0,CORDOBA AERO,495.0,-30.716666666666665,-64.2,,0.25881904510252074,0.9659258262890683,False,False,False,False,False,True,False,False,False,False,False,False,False,False,False,False,False,False,False,False,False,False,False
10.7,96.0,1013.4,340.0,9.0,CORDOBA AERO,495.0,-30.716666666666665,-64.2,,0.49999999999999994,0.8660254037844387,False,False,False,False,False,True,False,False,False,False,False,False,False,False,False,False,False,False,False,False,False,False,False
10.2,95.0,1013.0,340.0,7.0,CORDOBA AERO,495.0,-30.716666666666665,-64.2,,0.7071067811865476,0.7071067811865476,False,False,False,False,False,True,False,False,False,False,False,False,False,False,False,False,False,False,False,False,False,False,False
9.7,95.0,1012.3,20.0,13.0,CORDOBA AERO,495.0,-30.716666666666665,-64.2,,0.8660254037844386,0.5000000000000001,False,False,False,False,False,True,False,False,False,False,False,False,False,False,False,False,False,False,False,False,False,False,False
10.8,92.0,1012.4,320.0,7.0,CORDOBA AERO,495.0,-30.716666666666665,-64.2,,0.9659258262890683,0.25881904510252074,False,False,False,False,False,True,False,False,False,False,False,False,False,False,False,False,False,False,False,False,False,False,False
9.0,97.0,1012.8,250.0,2.0,CORDOBA AERO,495.0,-30.716666666666665,-64.2,,1.0,6.123233995736766e-17,False,False,False,False,False,True,False,False,False,False,False,False,False,False,False,False,False,False,False,False,False,False,False
8.4,97.0,1013.2,300.0,7.0,CORDOBA AERO,495.0,-30.716666666666665,-64.2,,0.9659258262890683,-0.25881904510252063,False,False,False,False,False,True,False,False,False,False,False,False,False,False,False,False,False,False,False,False,False,False,False
8.8,99.0,1013.4,320.0,7.0,CORDOBA AERO,495.0,-30.716666666666665,-64.2,,0.8660254037844387,-0.4999999999999998,False,False,False,False,False,True,False,False,False,False,False,False,False,False,False,False,False,False,False,False,False,False,False
10.8,91.0,1013.7,0.0,0.0,CORDOBA AERO,495.0,-30.716666666666665,-64.2,,0.7071067811865476,-0.7071067811865475,False,False,False,False,False,True,False,False,False,False,False,False,False,False,False,False,False,False,False,False,False,False,False
16.9,84.0,1012.8,30.0,15.0,CORDOBA AERO,495.0,-30.716666666666665,-64.2,,0.49999999999999994,-0.8660254037844387,False,False,False,False,False,True,False,False,False,False,False,False,False,False,False,False,False,False,False,False,False,False,False
22.2,62.0,1011.7,20.0,26.0,CORDOBA AERO,495.0,-30.716666666666665,-64.2,,0.258819045102521,-0.9659258262890682,False,False,False,False,False,True,False,False,False,False,False,False,False,False,False,False,False,False,False,False,False,False,False
23.1,57.0,1011.3,50.0,24.0,CORDOBA AERO,495.0,-30.716666666666665,-64.2,,1.2246467991473532e-16,-1.0,False,False,False,False,False,True,False,False,False,False,False,False,False,False,False,False,False,False,False,False,False,False,False
25.8,45.0,1009.6,10.0,26.0,CORDOBA AERO,495.0,-30.716666666666665,-64.2,,-0.2588190451025208,-0.9659258262890683,False,False,False,False,False,True,False,False,False,False,False,False,False,False,False,False,False,False,False,False,False,False,False
25.4,49.0,1008.5,50.0,26.0,CORDOBA AERO,495.0,-30.716666666666665,-64.2,,-0.4999999999999997,-0.8660254037844388,False,False,False,False,False,True,False,False,False,False,False,False,False,False,False,False,False,False,False,False,False,False,False
24.9,51.0,1007.3,50.0,30.0,CORDOBA AERO,495.0,-30.716666666666665,-64.2,,-0.7071067811865471,-0.7071067811865479,False,False,False,False,False,True,False,False,False,False,False,False,False,False,False,False,False,False,False,False,False,False,False
25.1,51.0,1006.5,50.0,30.0,CORDOBA AERO,495.0,-30.716666666666665,-64.2,,-0.8660254037844385,-0.5000000000000004,False,False,False,False,False,True,False,False,False,False,False,False,False,False,False,False,False,False,False,False,False,False,False
24.0,55.0,1006.5,50.0,30.0,CORDOBA AERO,495.0,-30.716666666666665,-64.2,,-0.9659258262890683,-0.25881904510252063,False,False,False,False,False,True,False,False,False,False,False,False,False,False,False,False,False,False,False,False,False,False,False
22.3,58.0,1007.3,40.0,26.0,CORDOBA AERO,495.0,-30.716666666666665,-64.2,,-1.0,-1.8369701987210297e-16,False,False,False,False,False,True,False,False,False,False,False,False,False,False,False,False,False,False,False,False,False,False,False
18.4,73.0,1008.5,20.0,15.0,CORDOBA AERO,495.0,-30.716666666666665,-64.2,,-0.9659258262890684,0.2588190451025203,False,False,False,False,False,True,False,False,False,False,False,False,False,False,False,False,False,False,False,False,False,False,False
15.1,81.0,1009.5,20.0,13.0,CORDOBA AERO,495.0,-30.716666666666665,-64.2,,-0.8660254037844386,0.5000000000000001,False,False,False,False,False,True,False,False,False,False,False,False,False,False,False,False,False,False,False,False,False,False,False
15.4,84.0,1010.0,20.0,4.0,CORDOBA AERO,495.0,-30.716666666666665,-64.2,,-0.7071067811865477,0.7071067811865474,False,False,False,False,False,True,False,False,False,False,False,False,False,False,False,False,False,False,False,False,False,False,False
15.4,86.0,1011.4,230.0,20.0,CORDOBA AERO,495.0,-30.716666666666665,-64.2,,-0.5000000000000004,0.8660254037844384,False,False,False,False,False,True,False,False,False,False,False,False,False,False,False,False,False,False,False,False,False,False,False
16.8,82.0,1012.2,230.0,19.0,CORDOBA AERO,495.0,-30.716666666666665,-64.2,,-0.25881904510252157,0.9659258262890681,False,False,False,False,False,True,False,False,False,False,False,False,False,False,False,False,False,False,False,False,False,False,False
16.3,88.0,1013.8,50.0,4.0,CORDOBA OBSERVATO,,,,,0.0,1.0,False,False,False,False,False,False,False,False,False,False,False,False,False,False,False,False,False,False,False,False,False,False,False
15.2,91.0,1013.6,20.0,4.0,CORDOBA OBSERVATO,,,,,0.25881904510252074,0.9659258262890683,False,False,False,False,False,False,False,False,False,False,False,False,False,False,False,False,False,False,False,False,False,False,False
13.9,93.0,1013.0,20.0,4.0,CORDOBA OBSERVATO,,,,,0.49999999999999994,0.8660254037844387,False,False,False,False,False,False,False,False,False,False,False,False,False,False,False,False,False,False,False,False,False,False,False
13.3,93.0,1012.6,50.0,2.0,CORDOBA OBSERVATO,,,,,0.7071067811865476,0.7071067811865476,False,False,False,False,False,False,False,False,False,False,False,False,False,False,False,False,False,False,False,False,False,False,False
12.8,96.0,1012.1,40.0,2.0,CORDOBA OBSERVATO,,,,,0.8660254037844386,0.5000000000000001,False,False,False,False,False,False,False,False,False,False,False,False,False,False,False,False,False,False,False,False,False,False,False
12.5,97.0,1012.2,30.0,2.0,CORDOBA OBSERVATO,,,,,0.9659258262890683,0.25881904510252074,False,False,False,False,False,False,False,False,False,False,False,False,False,False,False,False,False,False,False,False,False,False,False
12.4,97.0,1012.2,20.0,4.0,CORDOBA OBSERVATO,,,,,1.0,6.123233995736766e-17,False,False,False,False,False,False,False,False,False,False,False,False,False,False,False,False,False,False,False,False,False,False,False
12.9,96.0,1012.4,30.0,2.0,CORDOBA OBSERVATO,,,,,0.9659258262890683,-0.25881904510252063,False,False,False,False,False,False,False,False,False,False,False,False,False,False,False,False,False,False,False,False,False,False,False
12.3,96.0,1012.6,50.0,6.0,CORDOBA OBSERVATO,,,,,0.8660254037844387,-0.4999999999999998,False,False,False,False,False,False,False,False,False,False,False,False,False,False,False,False,False,False,False,False,False,False,False
12.0,97.0,1013.0,20.0,4.0,CORDOBA OBSERVATO,,,,,0.7071067811865476,-0.7071067811865475,False,False,False,False,False,False,False,False,False,False,False,False,False,False,False,False,False,False,False,False,False,False,False
16.4,79.0,1012.5,20.0,4.0,CORDOBA OBSERVATO,,,,,0.49999999999999994,-0.8660254037844387,False,False,False,False,False,False,False,False,False,False,False,False,False,False,False,False,False,False,False,False,False,False,False
17.6,72.0,1011.8,20.0,6.0,CORDOBA OBSERVATO,,,,,0.258819045102521,-0.9659258262890682,False,False,False,False,False,False,False,False,False,False,False,False,False,False,False,False,False,False,False,False,False,False,False
20.2,74.0,1011.2,70.0,4.0,CORDOBA OBSERVATO,,,,,1.2246467991473532e-16,-1.0,False,False,False,False,False,False,False,False,False,False,False,False,False,False,False,False,False,False,False,False,False,False,False
23.8,59.0,1009.6,60.0,11.0,CORDOBA OBSERVATO,,,,,-0.2588190451025208,-0.9659258262890683,False,False,False,False,False,False,False,False,False,False,False,False,False,False,False,False,False,False,False,False,False,False,False
24.3,56.0,1008.3,80.0,17.0,CORDOBA OBSERVATO,,,,,-0.4999999999999997,-0.8660254037844388,False,False,False,False,False,False,False,False,False,False,False,False,False,False,False,False,False,False,False,False,False,False,False
24.7,56.0,1007.0,70.0,15.0,CORDOBA OBSERVATO,,,,,-0.7071067811865471,-0.7071067811865479,False,False,False,False,False,False,False,False,False,False,False,False,False,False,False,False,False,False,False,False,False,False,False
25.4,53.0,1006.2,70.0,11.0,CORDOBA OBSERVATO,,,,,-0.8660254037844385,-0.5000000000000004,False,False,False,False,False,False,False,False,False,False,False,False,False,False,False,False,False,False,False,False,False,False,False
24.5,53.0,1006.0,60.0,17.0,CORDOBA OBSERVATO,,,,,-0.9659258262890683,-0.25881904510252063,False,False,False,False,False,False,False,False,False,False,False,False,False,False,False,False,False,False,False,False,False,False,False
23.0,60.0,1006.6,50.0,11.0,CORDOBA OBSERVATO,,,,,-1.0,-1.8369701987210297e-16,False,False,False,False,False,False,False,False,False,False,False,False,False,False,False,False,False,False,False,False,False,False,False
21.6,66.0,1007.4,50.0,11.0,CORDOBA OBSERVATO,,,,,-0.9659258262890684,0.2588190451025203,False,False,False,False,False,False,False,False,False,False,False,False,False,False,False,False,False,False,False,False,False,False,False
19.7,75.0,1008.3,330.0,4.0,CORDOBA OBSERVATO,,,,,-0.8660254037844386,0.5000000000000001,False,False,False,False,False,False,False,False,False,False,False,False,False,False,False,False,False,False,False,False,False,False,False
18.0,84.0,1009.7,230.0,4.0,CORDOBA OBSERVATO,,,,,-0.7071067811865477,0.7071067811865474,False,False,False,False,False,False,False,False,False,False,False,False,False,False,False,False,False,False,False,False,False,False,False
18.4,79.0,1011.2,210.0,11.0,CORDOBA OBSERVATO,,,,,-0.5000000000000004,0.8660254037844384,False,False,False,False,False,False,False,False,False,False,False,False,False,False,False,False,False,False,False,False,False,False,False
18.2,78.0,1012.6,210.0,15.0,CORDOBA OBSERVATO,,,,,-0.25881904510252157,0.9659258262890681,False,False,False,False,False,False,False,False,False,False,False,False,False,False,False,False,False,False,False,False,False,False,False
10.7,96.0,1016.2,70.0,11.0,CORONEL SUAREZ AE,,,,,1.0,6.123233995736766e-17,False,False,False,False,False,False,False,False,False,False,False,False,False,False,False,False,False,False,False,False,False,False,False
10.2,97.0,1016.2,70.0,13.0,CORONEL SUAREZ AE,,,,,0.7071067811865476,-0.7071067811865475,False,False,False,False,False,False,False,False,False,False,False,False,False,False,False,False,False,False,False,False,False,False,False
11.1,97.0,1015.4,70.0,9.0,CORONEL SUAREZ AE,,,,,1.2246467991473532e-16,-1.0,False,False,False,False,False,False,False,False,False,False,False,False,False,False,False,False,False,False,False,False,False,False,False
11.8,95.0,1013.3,110.0,4.0,CORONEL SUAREZ AE,,,,,-0.7071067811865471,-0.7071067811865479,False,False,False,False,False,False,False,False,False,False,False,False,False,False,False,False,False,False,False,False,False,False,False
12.4,96.0,1014.0,180.0,9.0,CORONEL SUAREZ AE,,,,,-1.0,-1.8369701987210297e-16,False,False,False,False,False,False,False,False,False,False,False,False,False,False,False,False,False,False,False,False,False,False,False
12.1,94.0,1014.8,180.0,15.0,CORONEL SUAREZ AE,,,,,-0.7071067811865477,0.7071067811865474,False,False,False,False,False,False,False,False,False,False,False,False,False,False,False,False,False,False,False,False,False,False,False
18.7,79.0,1017.8,100.0,7.0,CORRIENTES AERO,62.0,-26.566666666666666,-58.75,,0.0,1.0,False,False,False,False,False,False,True,False,False,False,False,False,False,False,False,False,False,False,False,False,False,False,False
18.3,80.0,1017.9,100.0,7.0,CORRIENTES AERO,62.0,-26.566666666666666,-58.75,,0.25881904510252074,0.9659258262890683,False,False,False,False,False,False,True,False,False,False,False,False,False,False,False,False,False,False,False,False,False,False,False
17.9,82.0,1017.5,110.0,9.0,CORRIENTES AERO,62.0,-26.566666666666666,-58.75,,0.49999999999999994,0.8660254037844387,False,False,False,False,False,False,True,False,False,False,False,False,False,False,False,False,False,False,False,False,False,False,False
17.5,82.0,1016.8,100.0,9.0,CORRIENTES AERO,62.0,-26.566666666666666,-58.75,,0.7071067811865476,0.7071067811865476,False,False,False,False,False,False,True,False,False,False,False,False,False,False,False,False,False,False,False,False,False,False,False
17.4,81.0,1016.6,100.0,7.0,CORRIENTES AERO,62.0,-26.566666666666666,-58.75,,0.8660254037844386,0.5000000000000001,False,False,False,False,False,False,True,False,False,False,False,False,False,False,False,False,False,False,False,False,False,False,False
17.2,81.0,1015.9,100.0,7.0,CORRIENTES AERO,62.0,-26.566666666666666,-58.75,,0.9659258262890683,0.25881904510252074,False,False,False,False,False,False,True,False,False,False,False,False,False,False,False,False,False,False,False,False,False,False,False
16.8,82.0,1015.7,100.0,9.0,CORRIENTES AERO,62.0,-26.566666666666666,-58.75,,1.0,6.123233995736766e-17,False,False,False,False,False,False,True,False,False,False,False,False,False,False,False,False,False,False,False,False,False,False,False
17.0,78.0,1015.7,100.0,11.0,CORRIENTES AERO,62.0,-26.566666666666666,-58.75,,0.9659258262890683,-0.25881904510252063,False,False,False,False,False,False,True,False,False,False,False,False,False,False,False,False,False,False,False,False,False,False,False
16.9,78.0,1016.1,90.0,7.0,CORRIENTES AERO,62.0,-26.566666666666666,-58.75,,0.8660254037844387,-0.4999999999999998,False,False,False,False,False,False,True,False,False,False,False,False,False,False,False,False,False,False,False,False,False,False,False
18.3,74.0,1016.3,90.0,9.0,CORRIENTES AERO,62.0,-26.566666666666666,-58.75,,0.7071067811865476,-0.7071067811865475,False,False,False,False,False,False,True,False,False,False,False,False,False,False,False,False,False,False,False,False,False,False,False
21.3,62.0,1016.4,60.0,19.0,CORRIENTES AERO,62.0,-26.566666666666666,-58.75,,0.49999999999999994,-0.8660254037844387,False,False,False,False,False,False,True,False,False,False,False,False,False,False,False,False,False,False,False,False,False,False,False
23.5,56.0,1016.6,70.0,17.0,CORRIENTES AERO,62.0,-26.566666666666666,-58.75,,0.258819045102521,-0.9659258262890682,False,False,False,False,False,False,True,False,False,False,False,False,False,False,False,False,False,False,False,False,False,False,False
25.5,51.0,1015.9,70.0,19.0,CORRIENTES AERO,62.0,-26.566666666666666,-58.75,,1.2246467991473532e-16,-1.0,False,False,False,False,False,False,True,False,False,False,False,False,False,False,False,False,False,False,False,False,False,False,False
27.7,47.0,1015.0,60.0,19.0,CORRIENTES AERO,62.0,-26.566666666666666,-58.75,,-0.2588190451025208,-0.9659258262890683,False,False,False,False,False,False,True,False,False,False,False,False,False,False,False,False,False,False,False,False,False,False,False
27.5,46.0,1013.8,50.0,17.0,CORRIENTES AERO,62.0,-26.566666666666666,-58.75,,-0.4999999999999997,-0.8660254037844388,False,False,False,False,False,False,True,False,False,False,False,False,False,False,False,False,False,False,False,False,False,False,False
27.8,45.0,1012.8,30.0,15.0,CORRIENTES AERO,62.0,-26.566666666666666,-58.75,,-0.7071067811865471,-0.7071067811865479,False,False,False,False,False,False,True,False,False,False,False,False,False,False,False,False,False,False,False,False,False,False,False
28.0,45.0,1012.1,40.0,11.0,CORRIENTES AERO,62.0,-26.566666666666666,-58.75,,-0.8660254037844385,-0.5000000000000004,False,False,False,False,False,False,True,False,False,False,False,False,False,False,False,False,False,False,False,False,False,False,False
27.5,50.0,1011.6,70.0,11.0,CORRIENTES AERO,62.0,-26.566666666666666,-58.75,,-0.9659258262890683,-0.25881904510252063,False,False,False,False,False,False,True,False,False,False,False,False,False,False,False,False,False,False,False,False,False,False,False
25.5,61.0,1011.5,120.0,7.0,CORRIENTES AERO,62.0,-26.566666666666666,-58.75,,-1.0,-1.8369701987210297e-16,False,False,False,False,False,False,True,False,False,False,False,False,False,False,False,False,False,False,False,False,False,False,False
23.5,67.0,1011.6,120.0,9.0,CORRIENTES AERO,62.0,-26.566666666666666,-58.75,,-0.9659258262890684,0.2588190451025203,False,False,False,False,False,False,True,False,False,False,False,False,False,False,False,False,False,False,False,False,False,False,False
22.7,69.0,1012.0,120.0,9.0,CORRIENTES AERO,62.0,-26.566666666666666,-58.75,,-0.8660254037844386,0.5000000000000001,False,False,False,False,False,False,True,False,False,False,False,False,False,False,False,False,False,False,False,False,False,False,False
21.9,74.0,1012.4,110.0,9.0,CORRIENTES AERO,62.0,-26.566666666666666,-58.75,,-0.7071067811865477,0.7071067811865474,False,False,False,False,False,False,True,False,False,False,False,False,False,False,False,False,False,False,False,False,False,False,False
21.5,75.0,1012.3,90.0,9.0,CORRIENTES AERO,62.0,-26.566666666666666,-58.75,,-0.5000000000000004,0.8660254037844384,False,False,False,False,False,False,True,False,False,False,False,False,False,False,False,False,False,False,False,False,False,False,False
21.2,76.0,1012.4,90.0,9.0,CORRIENTES AERO,62.0,-26.566666666666666,-58.75,,-0.25881904510252157,0.9659258262890681,False,False,False,False,False,False,True,False,False,False,False,False,False,False,False,False,False,False,False,False,False,False,False
8.2,100.0,1021.6,360.0,15.0,DOLORES AERO,9.0,-35.68333333333333,-57.71666666666667,,0.0,1.0,True,False,False,False,False,False,False,False,False,False,False,False,False,False,False,False,False,False,False,False,False,False,False
9.2,100.0,1021.7,360.0,9.0,DOLORES AERO,9.0,-35.68333333333333,-57.71666666666667,,0.25881904510252074,0.9659258262890683,True,False,False,False,False,False,False,False,False,False,False,False,False,False,False,False,False,False,False,False,False,False,False
9.4,100.0,1019.4,360.0,24.0,DOLORES AERO,9.0,-35.68333333333333,-57.71666666666667,,0.49999999999999994,0.8660254037844387,True,False,False,False,False,False,False,False,False,False,False,False,False,False,False,False,False,False,False,False,False,False,False
10.6,100.0,1018.9,20.0,22.0,DOLORES AERO,9.0,-35.68333333333333,-57.71666666666667,,0.7071067811865476,0.7071067811865476,True,False,False,False,False,False,False,False,False,False,False,False,False,False,False,False,False,False,False,False,False,False,False
10.7,100.0,1019.0,50.0,11.0,DOLORES AERO,9.0,-35.68333333333333,-57.71666666666667,,0.8660254037844386,0.5000000000000001,True,False,False,False,False,False,False,False,False,False,False,False,False,False,False,False,False,False,False,False,False,False,False
10.6,100.0,1019.1,90.0,9.0,DOLORES AERO,9.0,-35.68333333333333,-57.71666666666667,,0.9659258262890683,0.25881904510252074,True,False,False,False,False,False,False,False,False,False,False,False,False,False,False,False,False,False,False,False,False,False,False
11.4,100.0,1018.1,50.0,15.0,DOLORES AERO,9.0,-35.68333333333333,-57.71666666666667,,1.0,6.123233995736766e-17,True,False,False,False,False,False,False,False,False,False,False,False,False,False,False,False,False,False,False,False,False,False,False
11.6,100.0,1018.1,360.0,13.0,DOLORES AERO,9.0,-35.68333333333333,-57.71666666666667,,0.9659258262890683,-0.25881904510252063,True,False,False,False,False,False,False,False,False,False,False,False,False,False,False,False,False,False,False,False,False,False,False
11.7,100.0,1018.4,360.0,13.0,DOLORES AERO,9.0,-35.68333333333333,-57.71666666666667,,0.8660254037844387,-0.4999999999999998,True,False,False,False,False,False,False,False,False,False,False,False,False,False,False,False,False,False,False,False,False,False,False
11.9,100.0,1018.3,30.0,11.0,DOLORES AERO,9.0,-35.68333333333333,-57.71666666666667,,0.7071067811865476,-0.7071067811865475,True,False,False,False,False,False,False,False,False,False,False,False,False,False,False,False,False,False,False,False,False,False,False
12.0,100.0,1018.7,20.0,7.0,DOLORES AERO,9.0,-35.68333333333333,-57.71666666666667,,0.49999999999999994,-0.8660254037844387,True,False,False,False,False,False,False,False,False,False,False,False,False,False,False,False,False,False,False,False,False,False,False
12.2,100.0,1016.9,50.0,22.0,DOLORES AERO,9.0,-35.68333333333333,-57.71666666666667,,0.258819045102521,-0.9659258262890682,True,False,False,False,False,False,False,False,False,False,False,False,False,False,False,False,False,False,False,False,False,False,False
12.2,100.0,1017.0,30.0,19.0,DOLORES AERO,9.0,-35.68333333333333,-57.71666666666667,,1.2246467991473532e-16,-1.0,True,False,False,False,False,False,False,False,False,False,False,False,False,False,False,False,False,False,False,False,False,False,False
12.1,100.0,1016.3,30.0,15.0,DOLORES AERO,9.0,-35.68333333333333,-57.71666666666667,,-0.2588190451025208,-0.9659258262890683,True,False,False,False,False,False,False,False,False,False,False,False,False,False,False,False,False,False,False,False,False,False,False
11.8,100.0,1014.9,70.0,15.0,DOLORES AERO,9.0,-35.68333333333333,-57.71666666666667,,-0.4999999999999997,-0.8660254037844388,True,False,False,False,False,False,False,False,False,False,False,False,False,False,False,False,False,False,False,False,False,False,False
12.3,100.0,1014.8,30.0,11.0,DOLORES AERO,9.0,-35.68333333333333,-57.71666666666667,,-0.7071067811865471,-0.7071067811865479,True,False,False,False,False,False,False,False,False,False,False,False,False,False,False,False,False,False,False,False,False,False,False
13.2,99.0,1014.1,20.0,15.0,DOLORES AERO,9.0,-35.68333333333333,-57.71666666666667,,-0.8660254037844385,-0.5000000000000004,True,False,False,False,False,False,False,False,False,False,False,False,False,False,False,False,False,False,False,False,False,False,False
13.3,99.0,1013.6,50.0,11.0,DOLORES AERO,9.0,-35.68333333333333,-57.71666666666667,,-0.9659258262890683,-0.25881904510252063,True,False,False,False,False,False,False,False,False,False,False,False,False,False,False,False,False,False,False,False,False,False,False
12.8,99.0,1013.2,50.0,11.0,DOLORES AERO,9.0,-35.68333333333333,-57.71666666666667,,-1.0,-1.8369701987210297e-16,True,False,False,False,False,False,False,False,False,False,False,False,False,False,False,False,False,False,False,False,False,False,False
12.8,97.0,1013.1,50.0,15.0,DOLORES AERO,9.0,-35.68333333333333,-57.71666666666667,,-0.9659258262890684,0.2588190451025203,True,False,False,False,False,False,False,False,False,False,False,False,False,False,False,False,False,False,False,False,False,False,False
13.5,97.0,1012.7,20.0,11.0,DOLORES AERO,9.0,-35.68333333333333,-57.71666666666667,,-0.8660254037844386,0.5000000000000001,True,False,False,False,False,False,False,False,False,False,False,False,False,False,False,False,False,False,False,False,False,False,False
13.6,97.0,1012.2,360.0,11.0,DOLORES AERO,9.0,-35.68333333333333,-57.71666666666667,,-0.7071067811865477,0.7071067811865474,True,False,False,False,False,False,False,False,False,False,False,False,False,False,False,False,False,False,False,False,False,False,False
13.6,97.0,1012.4,360.0,15.0,DOLORES AERO,9.0,-35.68333333333333,-57.71666666666667,,-0.5000000000000004,0.8660254037844384,True,False,False,False,False,False,False,False,False,False,False,False,False,False,False,False,False,False,False,False,False,False,False
13.5,97.0,1012.2,360.0,9.0,DOLORES AERO,9.0,-35.68333333333333,-57.71666666666667,,-0.25881904510252157,0.9659258262890681,True,False,False,False,False,False,False,False,False,False,False,False,False,False,False,False,False,False,False,False,False,False,False
3.2,97.0,1016.4,0.0,0.0,EL BOLSON AERO,326.0,-40.05,-71.53333333333333,,0.7071067811865476,-0.7071067811865475,False,False,False,False,False,False,False,False,False,False,False,False,False,False,False,True,False,False,False,False,False,False,False
6.7,95.0,1019.3,0.0,0.0,EL BOLSON AERO,326.0,-40.05,-71.53333333333333,,1.2246467991473532e-16,-1.0,False,False,False,False,False,False,False,False,False,False,False,False,False,False,False,True,False,False,False,False,False,False,False
10.8,66.0,1021.5,0.0,0.0,EL BOLSON AERO,326.0,-40.05,-71.53333333333333,,-0.7071067811865471,-0.7071067811865479,False,False,False,False,False,False,False,False,False,False,False,False,False,False,False,True,False,False,False,False,False,False,False
8.6,66.0,1023.7,0.0,0.0,EL BOLSON AERO,326.0,-40.05,-71.53333333333333,,-1.0,-1.8369701987210297e-16,False,False,False,False,False,False,False,False,False,False,False,False,False,False,False,True,False,False,False,False,False,False,False
2.4,87.0,1028.3,0.0,0.0,EL BOLSON AERO,326.0,-40.05,-71.53333333333333,,-0.7071067811865477,0.7071067811865474,False,False,False,False,False,False,False,False,False,False,False,False,False,False,False,True,False,False,False,False,False,False,False
0.2,96.0,1005.0,140.0,4.0,EL CALAFATE AERO,204.0,-49.71666666666667,-72.05,,0.0,1.0,False,False,False,False,False,False,False,False,False,False,False,False,False,False,False,False,False,False,False,True,False,False,False
-0.6,92.0,1005.8,140.0,9.0,EL CALAFATE AERO,204.0,-49.71666666666667,-72.05,,0.25881904510252074,0.9659258262890683,False,False,False,False,False,False,False,False,False,False,False,False,False,False,False,False,False,False,False,True,False,False,False
-1.4,92.0,1005.9,140.0,11.0,EL CALAFATE AERO,204.0,-49.71666666666667,-72.05,,0.49999999999999994,0.8660254037844387,False,False,False,False,False,False,False,False,False,False,False,False,False,False,False,False,False,False,False,True,False,False,False
-1.6,92.0,1006.5,140.0,4.0,EL CALAFATE AERO,204.0,-49.71666666666667,-72.05,,0.7071067811865476,0.7071067811865476,False,False,False,False,False,False,False,False,False,False,False,False,False,False,False,False,False,False,False,True,False,False,False
-2.0,90.0,1006.8,140.0,4.0,EL CALAFATE AERO,204.0,-49.71666666666667,-72.05,,0.8660254037844386,0.5000000000000001,False,False,False,False,False,False,False,False,False,False,False,False,False,False,False,False,False,False,False,True,False,False,False
-1.6,90.0,1007.4,140.0,11.0,EL CALAFATE AERO,204.0,-49.71666666666667,-72.05,,0.9659258262890683,0.25881904510252074,False,False,False,False,False,False,False,False,False,False,False,False,False,False,False,False,False,False,False,True,False,False,False
-2.0,90.0,1007.6,140.0,4.0,EL CALAFATE AERO,204.0,-49.71666666666667,-72.05,,1.0,6.123233995736766e-17,False,False,False,False,False,False,False,False,False,False,False,False,False,False,False,False,False,False,False,True,False,False,False
-2.0,98.0,1008.5,200.0,4.0,EL CALAFATE AERO,204.0,-49.71666666666667,-72.05,,0.9659258262890683,-0.25881904510252063,False,False,False,False,False,False,False,False,False,False,False,False,False,False,False,False,False,False,False,True,False,False,False
-2.6,98.0,1009.2,190.0,11.0,EL CALAFATE AERO,204.0,-49.71666666666667,-72.05,,0.8660254037844387,-0.4999999999999998,False,False,False,False,False,False,False,False,False,False,False,False,False,False,False,False,False,False,False,True,False,False,False
0.8,85.0,1009.5,990.0,4.0,EL CALAFATE AERO,204.0,-49.71666666666667,-72.05,,0.7071067811865476,-0.7071067811865475,False,False,False,False,False,False,False,False,False,False,False,False,False,False,False,False,False,False,False,True,False,False,False
-1.0,95.0,1009.9,990.0,4.0,EL CALAFATE AERO,204.0,-49.71666666666667,-72.05,,0.49999999999999994,-0.8660254037844387,False,False,False,False,False,False,False,False,False,False,False,False,False,False,False,False,False,False,False,True,False,False,False
-0.4,96.0,1010.3,990.0,4.0,EL CALAFATE AERO,204.0,-49.71666666666667,-72.05,,0.258819045102521,-0.9659258262890682,False,False,False,False,False,False,False,False,False,False,False,False,False,False,False,False,False,False,False,True,False,False,False
3.8,42.0,1010.3,50.0,7.0,EL CALAFATE AERO,204.0,-49.71666666666667,-72.05,,1.2246467991473532e-16,-1.0,False,False,False,False,False,False,False,False,False,False,False,False,False,False,False,False,False,False,False,True,False,False,False
5.4,46.0,1010.4,990.0,2.0,EL CALAFATE AERO,204.0,-49.71666666666667,-72.05,,-0.2588190451025208,-0.9659258262890683,False,False,False,False,False,False,False,False,False,False,False,False,False,False,False,False,False,False,False,True,False,False,False
7.0,63.0,1009.7,290.0,6.0,EL CALAFATE AERO,204.0,-49.71666666666667,-72.05,,-0.4999999999999997,-0.8660254037844388,False,False,False,False,False,False,False,False,False,False,False,False,False,False,False,False,False,False,False,True,False,False,False
7.8,54.0,1009.5,250.0,9.0,EL CALAFATE AERO,204.0,-49.71666666666667,-72.05,,-0.7071067811865471,-0.7071067811865479,False,False,False,False,False,False,False,False,False,False,False,False,False,False,False,False,False,False,False,True,False,False,False
8.6,51.0,1009.5,270.0,15.0,EL CALAFATE AERO,204.0,-49.71666666666667,-72.05,,-0.8660254037844385,-0.5000000000000004,False,False,False,False,False,False,False,False,False,False,False,False,False,False,False,False,False,False,False,True,False,False,False
8.0,62.0,1010.2,990.0,6.0,EL CALAFATE AERO,204.0,-49.71666666666667,-72.05,,-0.9659258262890683,-0.25881904510252063,False,False,False,False,False,False,False,False,False,False,False,False,False,False,False,False,False,False,False,True,False,False,False
6.4,71.0,1010.6,320.0,11.0,EL CALAFATE AERO,204.0,-49.71666666666667,-72.05,,-1.0,-1.8369701987210297e-16,False,False,False,False,False,False,False,False,False,False,False,False,False,False,False,False,False,False,False,True,False,False,False
4.4,71.0,1011.5,360.0,9.0,EL CALAFATE AERO,204.0,-49.71666666666667,-72.05,,-0.9659258262890684,0.2588190451025203,False,False,False,False,False,False,False,False,False,False,False,False,False,False,False,False,False,False,False,True,False,False,False
1.8,82.0,1012.3,990.0,4.0,EL CALAFATE AERO,204.0,-49.71666666666667,-72.05,,-0.8660254037844386,0.5000000000000001,False,False,False,False,False,False,False,False,False,False,False,False,False,False,False,False,False,False,False,True,False,False,False
2.6,73.0,1012.2,230.0,7.0,EL CALAFATE AERO,204.0,-49.71666666666667,-72.05,,-0.7071067811865477,0.7071067811865474,False,False,False,False,False,False,False,False,False,False,False,False,False,False,False,False,False,False,False,True,False,False,False
3.8,64.0,1012.5,180.0,7.0,EL CALAFATE AERO,204.0,-49.71666666666667,-72.05,,-0.5000000000000004,0.8660254037844384,False,False,False,False,False,False,False,False,False,False,False,False,False,False,False,False,False,False,False,True,False,False,False
1.0,89.0,1012.1,90.0,9.0,EL CALAFATE AERO,204.0,-49.71666666666667,-72.05,,-0.25881904510252157,0.9659258262890681,False,False,False,False,False,False,False,False,False,False,False,False,False,False,False,False,False,False,False,True,False,False,False
14.0,86.0,1019.5,60.0,13.0,EL PALOMAR AERO,12.0,-33.4,-58.6,,0.0,1.0,True,False,False,False,False,False,False,False,False,False,False,False,False,False,False,False,False,False,False,False,False,False,False
13.6,90.0,1019.0,60.0,9.0,EL PALOMAR AERO,12.0,-33.4,-58.6,,0.25881904510252074,0.9659258262890683,True,False,False,False,False,False,False,False,False,False,False,False,False,False,False,False,False,False,False,False,False,False,False
13.6,90.0,1018.6,50.0,7.0,EL PALOMAR AERO,12.0,-33.4,-58.6,,0.49999999999999994,0.8660254037844387,True,False,False,False,False,False,False,False,False,False,False,False,False,False,False,False,False,False,False,False,False,False,False
13.5,91.0,1017.9,60.0,9.0,EL PALOMAR AERO,12.0,-33.4,-58.6,,0.7071067811865476,0.7071067811865476,True,False,False,False,False,False,False,False,False,False,False,False,False,False,False,False,False,False,False,False,False,False,False
13.6,90.0,1017.6,50.0,7.0,EL PALOMAR AERO,12.0,-33.4,-58.6,,0.8660254037844386,0.5000000000000001,True,False,False,False,False,False,False,False,False,False,False,False,False,False,False,False,False,False,False,False,False,False,False
13.7,89.0,1017.3,50.0,11.0,EL PALOMAR AERO,12.0,-33.4,-58.6,,0.9659258262890683,0.25881904510252074,True,False,False,False,False,False,False,False,False,False,False,False,False,False,False,False,False,False,False,False,False,False,False
13.9,87.0,1017.3,50.0,7.0,EL PALOMAR AERO,12.0,-33.4,-58.6,,1.0,6.123233995736766e-17,True,False,False,False,False,False,False,False,False,False,False,False,False,False,False,False,False,False,False,False,False,False,False
13.8,92.0,1017.0,50.0,7.0,EL PALOMAR AERO,12.0,-33.4,-58.6,,0.9659258262890683,-0.25881904510252063,True,False,False,False,False,False,False,False,False,False,False,False,False,False,False,False,False,False,False,False,False,False,False
13.8,92.0,1017.0,50.0,9.0,EL PALOMAR AERO,12.0,-33.4,-58.6,,0.8660254037844387,-0.4999999999999998,True,False,False,False,False,False,False,False,False,False,False,False,False,False,False,False,False,False,False,False,False,False,False
14.2,90.0,1016.8,50.0,9.0,EL PALOMAR AERO,12.0,-33.4,-58.6,,0.7071067811865476,-0.7071067811865475,True,False,False,False,False,False,False,False,False,False,False,False,False,False,False,False,False,False,False,False,False,False,False
15.6,85.0,1017.0,50.0,7.0,EL PALOMAR AERO,12.0,-33.4,-58.6,,0.49999999999999994,-0.8660254037844387,True,False,False,False,False,False,False,False,False,False,False,False,False,False,False,False,False,False,False,False,False,False,False
17.2,78.0,1016.8,30.0,11.0,EL PALOMAR AERO,12.0,-33.4,-58.6,,0.258819045102521,-0.9659258262890682,True,False,False,False,False,False,False,False,False,False,False,False,False,False,False,False,False,False,False,False,False,False,False
19.8,67.0,1016.3,360.0,13.0,EL PALOMAR AERO,12.0,-33.4,-58.6,,1.2246467991473532e-16,-1.0,True,False,False,False,False,False,False,False,False,False,False,False,False,False,False,False,False,False,False,False,False,False,False
20.4,66.0,1015.3,30.0,11.0,EL PALOMAR AERO,12.0,-33.4,-58.6,,-0.2588190451025208,-0.9659258262890683,True,False,False,False,False,False,False,False,False,False,False,False,False,False,False,False,False,False,False,False,False,False,False
21.4,62.0,1014.2,20.0,11.0,EL PALOMAR AERO,12.0,-33.4,-58.6,,-0.4999999999999997,-0.8660254037844388,True,False,False,False,False,False,False,False,False,False,False,False,False,False,False,False,False,False,False,False,False,False,False
21.5,64.0,1013.2,50.0,9.0,EL PALOMAR AERO,12.0,-33.4,-58.6,,-0.7071067811865471,-0.7071067811865479,True,False,False,False,False,False,False,False,False,False,False,False,False,False,False,False,False,False,False,False,False,False,False
20.4,69.0,1012.5,50.0,7.0,EL PALOMAR AERO,12.0,-33.4,-58.6,,-0.8660254037844385,-0.5000000000000004,True,False,False,False,False,False,False,False,False,False,False,False,False,False,False,False,False,False,False,False,False,False,False
20.4,68.0,1012.2,70.0,9.0,EL PALOMAR AERO,12.0,-33.4,-58.6,,-0.9659258262890683,-0.25881904510252063,True,False,False,False,False,False,False,False,False,False,False,False,False,False,False,False,False,False,False,False,False,False,False
19.6,72.0,1011.8,40.0,7.0,EL PALOMAR AERO,12.0,-33.4,-58.6,,-1.0,-1.8369701987210297e-16,True,False,False,False,False,False,False,False,False,False,False,False,False,False,False,False,False,False,False,False,False,False,False
17.6,80.0,1012.3,60.0,6.0,EL PALOMAR AERO,12.0,-33.4,-58.6,,-0.9659258262890684,0.2588190451025203,True,False,False,False,False,False,False,False,False,False,False,False,False,False,False,False,False,False,False,False,False,False,False
17.4,76.0,1012.0,50.0,7.0,EL PALOMAR AERO,12.0,-33.4,-58.6,,-0.8660254037844386,0.5000000000000001,True,False,False,False,False,False,False,False,False,False,False,False,False,False,False,False,False,False,False,False,False,False,False
18.4,78.0,1011.7,40.0,13.0,EL PALOMAR AERO,12.0,-33.4,-58.6,,-0.7071067811865477,0.7071067811865474,True,False,False,False,False,False,False,False,False,False,False,False,False,False,False,False,False,False,False,False,False,False,False
18.2,82.0,1011.5,40.0,9.0,EL PALOMAR AERO,12.0,-33.4,-58.6,,-0.5000000000000004,0.8660254037844384,True,False,False,False,False,False,False,False,False,False,False,False,False,False,False,False,False,False,False,False,False,False,False
18.3,79.0,1011.4,40.0,7.0,EL PALOMAR AERO,12.0,-33.4,-58.6,,-0.25881904510252157,0.9659258262890681,True,False,False,False,False,False,False,False,False,False,False,False,False,False,False,False,False,False,False,False,False,False,False
9.4,95.0,1013.5,360.0,6.0,ESCUELA DE AVIACI,,,,,0.9659258262890683,-0.25881904510252063,False,False,False,False,False,False,False,False,False,False,False,False,False,False,False,False,False,False,False,False,False,False,False
9.4,97.0,1013.6,270.0,7.0,ESCUELA DE AVIACI,,,,,0.8660254037844387,-0.4999999999999998,False,False,False,False,False,False,False,False,False,False,False,False,False,False,False,False,False,False,False,False,False,False,False
10.6,95.0,1013.9,0.0,0.0,ESCUELA DE AVIACI,,,,,0.7071067811865476,-0.7071067811865475,False,False,False,False,False,False,False,False,False,False,False,False,False,False,False,False,False,False,False,False,False,False,False
15.6,86.0,1013.2,360.0,6.0,ESCUELA DE AVIACI,,,,,0.49999999999999994,-0.8660254037844387,False,False,False,False,False,False,False,False,False,False,False,False,False,False,False,False,False,False,False,False,False,False,False
17.5,80.0,1012.8,360.0,7.0,ESCUELA DE AVIACI,,,,,0.258819045102521,-0.9659258262890682,False,False,False,False,False,False,False,False,False,False,False,False,False,False,False,False,False,False,False,False,False,False,False
21.2,68.0,1012.0,50.0,6.0,ESCUELA DE AVIACI,,,,,1.2246467991473532e-16,-1.0,False,False,False,False,False,False,False,False,False,False,False,False,False,False,False,False,False,False,False,False,False,False,False
24.4,54.0,1010.8,50.0,15.0,ESCUELA DE AVIACI,,,,,-0.2588190451025208,-0.9659258262890683,False,False,False,False,False,False,False,False,False,False,False,False,False,False,False,False,False,False,False,False,False,False,False
25.2,55.0,1010.3,110.0,17.0,ESCUELA DE AVIACI,,,,,-0.4999999999999997,-0.8660254037844388,False,False,False,False,False,False,False,False,False,False,False,False,False,False,False,False,False,False,False,False,False,False,False
25.1,55.0,1008.4,50.0,13.0,ESCUELA DE AVIACI,,,,,-0.7071067811865471,-0.7071067811865479,False,False,False,False,False,False,False,False,False,False,False,False,False,False,False,False,False,False,False,False,False,False,False
24.9,53.0,1007.4,20.0,17.0,ESCUELA DE AVIACI,,,,,-0.8660254037844385,-0.5000000000000004,False,False,False,False,False,False,False,False,False,False,False,False,False,False,False,False,False,False,False,False,False,False,False
24.3,54.0,1007.3,20.0,22.0,ESCUELA DE AVIACI,,,,,-0.9659258262890683,-0.25881904510252063,False,False,False,False,False,False,False,False,False,False,False,False,False,False,False,False,False,False,False,False,False,False,False
23.0,60.0,1008.1,20.0,13.0,ESCUELA DE AVIACI,,,,,-1.0,-1.8369701987210297e-16,False,False,False,False,False,False,False,False,False,False,False,False,False,False,False,False,False,False,False,False,False,False,False
21.4,66.0,1008.6,20.0,9.0,ESCUELA DE AVIACI,,,,,-0.9659258262890684,0.2588190451025203,False,False,False,False,False,False,False,False,False,False,False,False,False,False,False,False,False,False,False,False,False,False,False
19.8,67.0,1009.5,20.0,7.0,ESCUELA DE AVIACI,,,,,-0.8660254037844386,0.5000000000000001,False,False,False,False,False,False,False,False,False,False,False,False,False,False,False,False,False,False,False,False,False,False,False
17.3,71.0,1010.4,180.0,4.0,ESCUELA DE AVIACI,,,,,-0.7071067811865477,0.7071067811865474,False,False,False,False,False,False,False,False,False,False,False,False,False,False,False,False,False,False,False,False,False,False,False
2.5,79.0,1013.7,270.0,4.0,ESQUEL AERO,797.0,-41.1,-71.13333333333334,,0.0,1.0,False,False,False,False,True,False,False,False,False,False,False,False,False,False,False,False,False,False,False,False,False,False,False
3.1,76.0,1013.0,40.0,6.0,ESQUEL AERO,797.0,-41.1,-71.13333333333334,,0.25881904510252074,0.9659258262890683,False,False,False,False,True,False,False,False,False,False,False,False,False,False,False,False,False,False,False,False,False,False,False
2.7,79.0,1012.8,990.0,4.0,ESQUEL AERO,797.0,-41.1,-71.13333333333334,,0.49999999999999994,0.8660254037844387,False,False,False,False,True,False,False,False,False,False,False,False,False,False,False,False,False,False,False,False,False,False,False
3.1,83.0,1012.2,120.0,4.0,ESQUEL AERO,797.0,-41.1,-71.13333333333334,,0.7071067811865476,0.7071067811865476,False,False,False,False,True,False,False,False,False,False,False,False,False,False,False,False,False,False,False,False,False,False,False
3.4,80.0,1012.1,990.0,2.0,ESQUEL AERO,797.0,-41.1,-71.13333333333334,,0.8660254037844386,0.5000000000000001,False,False,False,False,True,False,False,False,False,False,False,False,False,False,False,False,False,False,False,False,False,False,False
3.2,86.0,1012.4,990.0,2.0,ESQUEL AERO,797.0,-41.1,-71.13333333333334,,0.9659258262890683,0.25881904510252074,False,False,False,False,True,False,False,False,False,False,False,False,False,False,False,False,False,False,False,False,False,False,False
3.5,83.0,1012.7,990.0,4.0,ESQUEL AERO,797.0,-41.1,-71.13333333333334,,1.0,6.123233995736766e-17,False,False,False,False,True,False,False,False,False,False,False,False,False,False,False,False,False,False,False,False,False,False,False
2.8,86.0,1013.7,990.0,4.0,ESQUEL AERO,797.0,-41.1,-71.13333333333334,,0.9659258262890683,-0.25881904510252063,False,False,False,False,True,False,False,False,False,False,False,False,False,False,False,False,False,False,False,False,False,False,False
4.6,73.0,1014.0,160.0,13.0,ESQUEL AERO,797.0,-41.1,-71.13333333333334,,0.8660254037844387,-0.4999999999999998,False,False,False,False,True,False,False,False,False,False,False,False,False,False,False,False,False,False,False,False,False,False,False
4.0,79.0,1015.0,250.0,6.0,ESQUEL AERO,797.0,-41.1,-71.13333333333334,,0.7071067811865476,-0.7071067811865475,False,False,False,False,True,False,False,False,False,False,False,False,False,False,False,False,False,False,False,False,False,False,False
4.2,76.0,1017.2,240.0,7.0,ESQUEL AERO,797.0,-41.1,-71.13333333333334,,0.49999999999999994,-0.8660254037844387,False,False,False,False,True,False,False,False,False,False,False,False,False,False,False,False,False,False,False,False,False,False,False
4.8,73.0,1018.1,230.0,7.0,ESQUEL AERO,797.0,-41.1,-71.13333333333334,,0.258819045102521,-0.9659258262890682,False,False,False,False,True,False,False,False,False,False,False,False,False,False,False,False,False,False,False,False,False,False,False
5.0,66.0,1018.1,240.0,22.0,ESQUEL AERO,797.0,-41.1,-71.13333333333334,,1.2246467991473532e-16,-1.0,False,False,False,False,True,False,False,False,False,False,False,False,False,False,False,False,False,False,False,False,False,False,False
5.2,66.0,1019.2,240.0,22.0,ESQUEL AERO,797.0,-41.1,-71.13333333333334,,-0.2588190451025208,-0.9659258262890683,False,False,False,False,True,False,False,False,False,False,False,False,False,False,False,False,False,False,False,False,False,False,False
5.6,61.0,1019.8,220.0,26.0,ESQUEL AERO,797.0,-41.1,-71.13333333333334,,-0.4999999999999997,-0.8660254037844388,False,False,False,False,True,False,False,False,False,False,False,False,False,False,False,False,False,False,False,False,False,False,False
5.6,61.0,1020.0,230.0,24.0,ESQUEL AERO,797.0,-41.1,-71.13333333333334,,-0.7071067811865471,-0.7071067811865479,False,False,False,False,True,False,False,False,False,False,False,False,False,False,False,False,False,False,False,False,False,False,False
6.5,54.0,1020.4,230.0,28.0,ESQUEL AERO,797.0,-41.1,-71.13333333333334,,-0.8660254037844385,-0.5000000000000004,False,False,False,False,True,False,False,False,False,False,False,False,False,False,False,False,False,False,False,False,False,False,False
7.2,48.0,1021.6,240.0,13.0,ESQUEL AERO,797.0,-41.1,-71.13333333333334,,-0.9659258262890683,-0.25881904510252063,False,False,False,False,True,False,False,False,False,False,False,False,False,False,False,False,False,False,False,False,False,False,False
5.8,53.0,1022.8,240.0,9.0,ESQUEL AERO,797.0,-41.1,-71.13333333333334,,-1.0,-1.8369701987210297e-16,False,False,False,False,True,False,False,False,False,False,False,False,False,False,False,False,False,False,False,False,False,False,False
4.8,58.0,1024.3,250.0,6.0,ESQUEL AERO,797.0,-41.1,-71.13333333333334,,-0.9659258262890684,0.2588190451025203,False,False,False,False,True,False,False,False,False,False,False,False,False,False,False,False,False,False,False,False,False,False,False
3.5,68.0,1024.7,990.0,4.0,ESQUEL AERO,797.0,-41.1,-71.13333333333334,,-0.8660254037844386,0.5000000000000001,False,False,False,False,True,False,False,False,False,False,False,False,False,False,False,False,False,False,False,False,False,False,False
3.3,67.0,1025.4,990.0,4.0,ESQUEL AERO,797.0,-41.1,-71.13333333333334,,-0.7071067811865477,0.7071067811865474,False,False,False,False,True,False,False,False,False,False,False,False,False,False,False,False,False,False,False,False,False,False,False
2.7,65.0,1026.7,210.0,9.0,ESQUEL AERO,797.0,-41.1,-71.13333333333334,,-0.5000000000000004,0.8660254037844384,False,False,False,False,True,False,False,False,False,False,False,False,False,False,False,False,False,False,False,False,False,False,False
1.1,72.0,1027.8,990.0,6.0,ESQUEL AERO,797.0,-41.1,-71.13333333333334,,-0.25881904510252157,0.9659258262890681,False,False,False,False,True,False,False,False,False,False,False,False,False,False,False,False,False,False,False,False,False,False,False
13.6,89.0,1019.8,80.0,17.0,EZEIZA AERO,20.0,-33.18333333333333,-58.53333333333333,,0.0,1.0,True,False,False,False,False,False,False,False,False,False,False,False,False,False,False,False,False,False,False,False,False,False,False
13.3,91.0,1019.1,70.0,15.0,EZEIZA AERO,20.0,-33.18333333333333,-58.53333333333333,,0.25881904510252074,0.9659258262890683,True,False,False,False,False,False,False,False,False,False,False,False,False,False,False,False,False,False,False,False,False,False,False
13.4,92.0,1018.6,80.0,15.0,EZEIZA AERO,20.0,-33.18333333333333,-58.53333333333333,,0.49999999999999994,0.8660254037844387,True,False,False,False,False,False,False,False,False,False,False,False,False,False,False,False,False,False,False,False,False,False,False
13.3,93.0,1018.1,70.0,15.0,EZEIZA AERO,20.0,-33.18333333333333,-58.53333333333333,,0.7071067811865476,0.7071067811865476,True,False,False,False,False,False,False,False,False,False,False,False,False,False,False,False,False,False,False,False,False,False,False
13.0,93.0,1018.0,70.0,15.0,EZEIZA AERO,20.0,-33.18333333333333,-58.53333333333333,,0.8660254037844386,0.5000000000000001,True,False,False,False,False,False,False,False,False,False,False,False,False,False,False,False,False,False,False,False,False,False,False
13.1,94.0,1017.5,80.0,13.0,EZEIZA AERO,20.0,-33.18333333333333,-58.53333333333333,,0.9659258262890683,0.25881904510252074,True,False,False,False,False,False,False,False,False,False,False,False,False,False,False,False,False,False,False,False,False,False,False
13.4,93.0,1017.3,60.0,15.0,EZEIZA AERO,20.0,-33.18333333333333,-58.53333333333333,,1.0,6.123233995736766e-17,True,False,False,False,False,False,False,False,False,False,False,False,False,False,False,False,False,False,False,False,False,False,False
13.5,92.0,1017.2,70.0,11.0,EZEIZA AERO,20.0,-33.18333333333333,-58.53333333333333,,0.9659258262890683,-0.25881904510252063,True,False,False,False,False,False,False,False,False,False,False,False,False,False,False,False,False,False,False,False,False,False,False
13.4,94.0,1017.3,60.0,15.0,EZEIZA AERO,20.0,-33.18333333333333,-58.53333333333333,,0.8660254037844387,-0.4999999999999998,True,False,False,False,False,False,False,False,False,False,False,False,False,False,False,False,False,False,False,False,False,False,False
13.8,92.0,1017.4,50.0,9.0,EZEIZA AERO,20.0,-33.18333333333333,-58.53333333333333,,0.7071067811865476,-0.7071067811865475,True,False,False,False,False,False,False,False,False,False,False,False,False,False,False,False,False,False,False,False,False,False,False
15.2,85.0,1017.1,50.0,9.0,EZEIZA AERO,20.0,-33.18333333333333,-58.53333333333333,,0.49999999999999994,-0.8660254037844387,True,False,False,False,False,False,False,False,False,False,False,False,False,False,False,False,False,False,False,False,False,False,False
16.0,81.0,1017.0,50.0,7.0,EZEIZA AERO,20.0,-33.18333333333333,-58.53333333333333,,0.258819045102521,-0.9659258262890682,True,False,False,False,False,False,False,False,False,False,False,False,False,False,False,False,False,False,False,False,False,False,False
18.8,70.0,1016.5,30.0,15.0,EZEIZA AERO,20.0,-33.18333333333333,-58.53333333333333,,1.2246467991473532e-16,-1.0,True,False,False,False,False,False,False,False,False,False,False,False,False,False,False,False,False,False,False,False,False,False,False
19.8,68.0,1015.5,20.0,11.0,EZEIZA AERO,20.0,-33.18333333333333,-58.53333333333333,,-0.2588190451025208,-0.9659258262890683,True,False,False,False,False,False,False,False,False,False,False,False,False,False,False,False,False,False,False,False,False,False,False
19.8,68.0,1014.5,50.0,13.0,EZEIZA AERO,20.0,-33.18333333333333,-58.53333333333333,,-0.4999999999999997,-0.8660254037844388,True,False,False,False,False,False,False,False,False,False,False,False,False,False,False,False,False,False,False,False,False,False,False
20.8,65.0,1013.4,50.0,15.0,EZEIZA AERO,20.0,-33.18333333333333,-58.53333333333333,,-0.7071067811865471,-0.7071067811865479,True,False,False,False,False,False,False,False,False,False,False,False,False,False,False,False,False,False,False,False,False,False,False
20.8,65.0,1012.9,50.0,13.0,EZEIZA AERO,20.0,-33.18333333333333,-58.53333333333333,,-0.8660254037844385,-0.5000000000000004,True,False,False,False,False,False,False,False,False,False,False,False,False,False,False,False,False,False,False,False,False,False,False
19.6,69.0,1012.3,50.0,15.0,EZEIZA AERO,20.0,-33.18333333333333,-58.53333333333333,,-0.9659258262890683,-0.25881904510252063,True,False,False,False,False,False,False,False,False,False,False,False,False,False,False,False,False,False,False,False,False,False,False
18.8,74.0,1012.0,50.0,17.0,EZEIZA AERO,20.0,-33.18333333333333,-58.53333333333333,,-1.0,-1.8369701987210297e-16,True,False,False,False,False,False,False,False,False,False,False,False,False,False,False,False,False,False,False,False,False,False,False
18.0,79.0,1012.7,50.0,9.0,EZEIZA AERO,20.0,-33.18333333333333,-58.53333333333333,,-0.9659258262890684,0.2588190451025203,True,False,False,False,False,False,False,False,False,False,False,False,False,False,False,False,False,False,False,False,False,False,False
16.0,85.0,1012.1,50.0,15.0,EZEIZA AERO,20.0,-33.18333333333333,-58.53333333333333,,-0.8660254037844386,0.5000000000000001,True,False,False,False,False,False,False,False,False,False,False,False,False,False,False,False,False,False,False,False,False,False,False
17.3,82.0,1011.7,50.0,13.0,EZEIZA AERO,20.0,-33.18333333333333,-58.53333333333333,,-0.7071067811865477,0.7071067811865474,True,False,False,False,False,False,False,False,False,False,False,False,False,False,False,False,False,False,False,False,False,False,False
19.6,72.0,1011.7,40.0,11.0,EZEIZA AERO,20.0,-33.18333333333333,-58.53333333333333,,-0.5000000000000004,0.8660254037844384,True,False,False,False,False,False,False,False,False,False,False,False,False,False,False,False,False,False,False,False,False,False,False
19.0,75.0,1011.3,30.0,15.0,EZEIZA AERO,20.0,-33.18333333333333,-58.53333333333333,,-0.25881904510252157,0.9659258262890681,True,False,False,False,False,False,False,False,False,False,False,False,False,False,False,False,False,False,False,False,False,False,False
17.9,82.0,1017.9,90.0,9.0,FORMOSA AERO,60.0,-25.8,-58.21666666666667,,0.0,1.0,False,False,False,False,False,False,False,False,True,False,False,False,False,False,False,False,False,False,False,False,False,False,False
17.1,87.0,1017.8,100.0,7.0,FORMOSA AERO,60.0,-25.8,-58.21666666666667,,0.25881904510252074,0.9659258262890683,False,False,False,False,False,False,False,False,True,False,False,False,False,False,False,False,False,False,False,False,False,False,False
16.5,90.0,1017.5,100.0,4.0,FORMOSA AERO,60.0,-25.8,-58.21666666666667,,0.49999999999999994,0.8660254037844387,False,False,False,False,False,False,False,False,True,False,False,False,False,False,False,False,False,False,False,False,False,False,False
16.1,90.0,1017.0,90.0,6.0,FORMOSA AERO,60.0,-25.8,-58.21666666666667,,0.7071067811865476,0.7071067811865476,False,False,False,False,False,False,False,False,True,False,False,False,False,False,False,False,False,False,False,False,False,False,False
15.0,91.0,1016.7,90.0,7.0,FORMOSA AERO,60.0,-25.8,-58.21666666666667,,0.8660254037844386,0.5000000000000001,False,False,False,False,False,False,False,False,True,False,False,False,False,False,False,False,False,False,False,False,False,False,False
14.5,90.0,1016.4,50.0,11.0,FORMOSA AERO,60.0,-25.8,-58.21666666666667,,0.9659258262890683,0.25881904510252074,False,False,False,False,False,False,False,False,True,False,False,False,False,False,False,False,False,False,False,False,False,False,False
15.1,89.0,1015.8,50.0,9.0,FORMOSA AERO,60.0,-25.8,-58.21666666666667,,1.0,6.123233995736766e-17,False,False,False,False,False,False,False,False,True,False,False,False,False,False,False,False,False,False,False,False,False,False,False
16.9,82.0,1016.0,50.0,15.0,FORMOSA AERO,60.0,-25.8,-58.21666666666667,,0.9659258262890683,-0.25881904510252063,False,False,False,False,False,False,False,False,True,False,False,False,False,False,False,False,False,False,False,False,False,False,False
16.7,84.0,1016.0,100.0,7.0,FORMOSA AERO,60.0,-25.8,-58.21666666666667,,0.8660254037844387,-0.4999999999999998,False,False,False,False,False,False,False,False,True,False,False,False,False,False,False,False,False,False,False,False,False,False,False
17.9,79.0,1016.4,110.0,9.0,FORMOSA AERO,60.0,-25.8,-58.21666666666667,,0.7071067811865476,-0.7071067811865475,False,False,False,False,False,False,False,False,True,False,False,False,False,False,False,False,False,False,False,False,False,False,False
22.3,63.0,1016.5,50.0,22.0,FORMOSA AERO,60.0,-25.8,-58.21666666666667,,0.49999999999999994,-0.8660254037844387,False,False,False,False,False,False,False,False,True,False,False,False,False,False,False,False,False,False,False,False,False,False,False
24.9,53.0,1016.5,50.0,22.0,FORMOSA AERO,60.0,-25.8,-58.21666666666667,,0.258819045102521,-0.9659258262890682,False,False,False,False,False,False,False,False,True,False,False,False,False,False,False,False,False,False,False,False,False,False,False
26.1,52.0,1016.0,20.0,20.0,FORMOSA AERO,60.0,-25.8,-58.21666666666667,,1.2246467991473532e-16,-1.0,False,False,False,False,False,False,False,False,True,False,False,False,False,False,False,False,False,False,False,False,False,False,False
28.1,48.0,1014.9,20.0,17.0,FORMOSA AERO,60.0,-25.8,-58.21666666666667,,-0.2588190451025208,-0.9659258262890683,False,False,False,False,False,False,False,False,True,False,False,False,False,False,False,False,False,False,False,False,False,False,False
28.7,48.0,1013.8,360.0,13.0,FORMOSA AERO,60.0,-25.8,-58.21666666666667,,-0.4999999999999997,-0.8660254037844388,False,False,False,False,False,False,False,False,True,False,False,False,False,False,False,False,False,False,False,False,False,False,False
29.9,43.0,1012.8,360.0,6.0,FORMOSA AERO,60.0,-25.8,-58.21666666666667,,-0.7071067811865471,-0.7071067811865479,False,False,False,False,False,False,False,False,True,False,False,False,False,False,False,False,False,False,False,False,False,False,False
30.3,41.0,1012.2,360.0,6.0,FORMOSA AERO,60.0,-25.8,-58.21666666666667,,-0.8660254037844385,-0.5000000000000004,False,False,False,False,False,False,False,False,True,False,False,False,False,False,False,False,False,False,False,False,False,False,False
28.9,42.0,1011.9,360.0,15.0,FORMOSA AERO,60.0,-25.8,-58.21666666666667,,-0.9659258262890683,-0.25881904510252063,False,False,False,False,False,False,False,False,True,False,False,False,False,False,False,False,False,False,False,False,False,False,False
26.3,55.0,1011.4,70.0,7.0,FORMOSA AERO,60.0,-25.8,-58.21666666666667,,-1.0,-1.8369701987210297e-16,False,False,False,False,False,False,False,False,True,False,False,False,False,False,False,False,False,False,False,False,False,False,False
23.7,71.0,1011.5,110.0,7.0,FORMOSA AERO,60.0,-25.8,-58.21666666666667,,-0.9659258262890684,0.2588190451025203,False,False,False,False,False,False,False,False,True,False,False,False,False,False,False,False,False,False,False,False,False,False,False
21.9,76.0,1012.0,90.0,6.0,FORMOSA AERO,60.0,-25.8,-58.21666666666667,,-0.8660254037844386,0.5000000000000001,False,False,False,False,False,False,False,False,True,False,False,False,False,False,False,False,False,False,False,False,False,False,False
20.4,82.0,1012.7,90.0,7.0,FORMOSA AERO,60.0,-25.8,-58.21666666666667,,-0.7071067811865477,0.7071067811865474,False,False,False,False,False,False,False,False,True,False,False,False,False,False,False,False,False,False,False,False,False,False,False
19.9,81.0,1013.0,70.0,9.0,FORMOSA AERO,60.0,-25.8,-58.21666666666667,,-0.5000000000000004,0.8660254037844384,False,False,False,False,False,False,False,False,True,False,False,False,False,False,False,False,False,False,False,False,False,False,False
19.9,80.0,1013.1,50.0,11.0,FORMOSA AERO,60.0,-25.8,-58.21666666666667,,-0.25881904510252157,0.9659258262890681,False,False,False,False,False,False,False,False,True,False,False,False,False,False,False,False,False,False,False,False,False,False,False
9.3,96.0,1013.6,140.0,6.0,GENERAL PICO AERO,145.0,-34.31666666666667,-63.75,,1.0,6.123233995736766e-17,False,False,False,False,False,False,False,False,False,False,True,False,False,False,False,False,False,False,False,False,False,False,False
10.2,96.0,1013.6,110.0,4.0,GENERAL PICO AERO,145.0,-34.31666666666667,-63.75,,0.9659258262890683,-0.25881904510252063,False,False,False,False,False,False,False,False,False,False,True,False,False,False,False,False,False,False,False,False,False,False,False
10.6,96.0,1013.4,90.0,11.0,GENERAL PICO AERO,145.0,-34.31666666666667,-63.75,,0.8660254037844387,-0.4999999999999998,False,False,False,False,False,False,False,False,False,False,True,False,False,False,False,False,False,False,False,False,False,False,False
11.0,97.0,1013.7,90.0,7.0,GENERAL PICO AERO,145.0,-34.31666666666667,-63.75,,0.7071067811865476,-0.7071067811865475,False,False,False,False,False,False,False,False,False,False,True,False,False,False,False,False,False,False,False,False,False,False,False
12.1,93.0,1014.0,20.0,4.0,GENERAL PICO AERO,145.0,-34.31666666666667,-63.75,,0.49999999999999994,-0.8660254037844387,False,False,False,False,False,False,False,False,False,False,True,False,False,False,False,False,False,False,False,False,False,False,False
12.5,94.0,1013.8,110.0,7.0,GENERAL PICO AERO,145.0,-34.31666666666667,-63.75,,0.258819045102521,-0.9659258262890682,False,False,False,False,False,False,False,False,False,False,True,False,False,False,False,False,False,False,False,False,False,False,False
14.1,92.0,1013.5,20.0,7.0,GENERAL PICO AERO,145.0,-34.31666666666667,-63.75,,1.2246467991473532e-16,-1.0,False,False,False,False,False,False,False,False,False,False,True,False,False,False,False,False,False,False,False,False,False,False,False
15.4,90.0,1012.6,200.0,9.0,GENERAL PICO AERO,145.0,-34.31666666666667,-63.75,,-0.2588190451025208,-0.9659258262890683,False,False,False,False,False,False,False,False,False,False,True,False,False,False,False,False,False,False,False,False,False,False,False
17.1,79.0,1011.6,180.0,9.0,GENERAL PICO AERO,145.0,-34.31666666666667,-63.75,,-0.4999999999999997,-0.8660254037844388,False,False,False,False,False,False,False,False,False,False,True,False,False,False,False,False,False,False,False,False,False,False,False
16.5,83.0,1011.3,200.0,15.0,GENERAL PICO AERO,145.0,-34.31666666666667,-63.75,,-0.7071067811865471,-0.7071067811865479,False,False,False,False,False,False,False,False,False,False,True,False,False,False,False,False,False,False,False,False,False,False,False
15.9,80.0,1011.7,200.0,22.0,GENERAL PICO AERO,145.0,-34.31666666666667,-63.75,,-0.8660254037844385,-0.5000000000000004,False,False,False,False,False,False,False,False,False,False,True,False,False,False,False,False,False,False,False,False,False,False,False
14.1,92.0,1012.4,200.0,20.0,GENERAL PICO AERO,145.0,-34.31666666666667,-63.75,,-0.9659258262890683,-0.25881904510252063,False,False,False,False,False,False,False,False,False,False,True,False,False,False,False,False,False,False,False,False,False,False,False
12.9,90.0,1013.2,200.0,24.0,GENERAL PICO AERO,145.0,-34.31666666666667,-63.75,,-1.0,-1.8369701987210297e-16,False,False,False,False,False,False,False,False,False,False,True,False,False,False,False,False,False,False,False,False,False,False,False
13.9,90.0,1014.0,200.0,26.0,GENERAL PICO AERO,145.0,-34.31666666666667,-63.75,,-0.9659258262890684,0.2588190451025203,False,False,False,False,False,False,False,False,False,False,True,False,False,False,False,False,False,False,False,False,False,False,False
13.3,87.0,1014.9,180.0,26.0,GENERAL PICO AERO,145.0,-34.31666666666667,-63.75,,-0.8660254037844386,0.5000000000000001,False,False,False,False,False,False,False,False,False,False,True,False,False,False,False,False,False,False,False,False,False,False,False
13.1,87.0,1015.8,200.0,24.0,GENERAL PICO AERO,145.0,-34.31666666666667,-63.75,,-0.7071067811865477,0.7071067811865474,False,False,False,False,False,False,False,False,False,False,True,False,False,False,False,False,False,False,False,False,False,False,False
2.0,68.0,1008.7,0.0,0.0,GOBERNADOR GREGOR,,,,,0.7071067811865476,-0.7071067811865475,False,False,False,False,False,False,False,False,False,False,False,False,False,False,False,False,False,False,False,False,False,False,False
8.6,47.0,,270.0,37.0,GOBERNADOR GREGOR,,,,,-0.7071067811865471,-0.7071067811865479,False,False,False,False,False,False,False,False,False,False,False,False,False,False,False,False,False,False,False,False,False,False,False
7.0,50.0,1012.3,270.0,56.0,GOBERNADOR GREGOR,,,,,-0.7071067811865477,0.7071067811865474,False,False,False,False,False,False,False,False,False,False,False,False,False,False,False,False,False,False,False,False,False,False,False
13.0,94.0,1016.9,70.0,9.0,GUALEGUAYCHU AERO,23.0,-33.0,-58.6,,1.0,6.123233995736766e-17,False,False,False,False,False,False,False,True,False,False,False,False,False,False,False,False,False,False,False,False,False,False,False
13.1,94.0,1016.8,70.0,9.0,GUALEGUAYCHU AERO,23.0,-33.0,-58.6,,0.9659258262890683,-0.25881904510252063,False,False,False,False,False,False,False,True,False,False,False,False,False,False,False,False,False,False,False,False,False,False,False
13.0,96.0,1016.9,50.0,13.0,GUALEGUAYCHU AERO,23.0,-33.0,-58.6,,0.8660254037844387,-0.4999999999999998,False,False,False,False,False,False,False,True,False,False,False,False,False,False,False,False,False,False,False,False,False,False,False
13.8,91.0,1017.0,50.0,13.0,GUALEGUAYCHU AERO,23.0,-33.0,-58.6,,0.7071067811865476,-0.7071067811865475,False,False,False,False,False,False,False,True,False,False,False,False,False,False,False,False,False,False,False,False,False,False,False
15.6,85.0,1017.0,20.0,19.0,GUALEGUAYCHU AERO,23.0,-33.0,-58.6,,0.49999999999999994,-0.8660254037844387,False,False,False,False,False,False,False,True,False,False,False,False,False,False,False,False,False,False,False,False,False,False,False
19.0,75.0,1016.7,360.0,19.0,GUALEGUAYCHU AERO,23.0,-33.0,-58.6,,0.258819045102521,-0.9659258262890682,False,False,False,False,False,False,False,True,False,False,False,False,False,False,False,False,False,False,False,False,False,False,False
20.2,70.0,1016.6,360.0,19.0,GUALEGUAYCHU AERO,23.0,-33.0,-58.6,,1.2246467991473532e-16,-1.0,False,False,False,False,False,False,False,True,False,False,False,False,False,False,False,False,False,False,False,False,False,False,False
23.0,62.0,1015.8,360.0,15.0,GUALEGUAYCHU AERO,23.0,-33.0,-58.6,,-0.2588190451025208,-0.9659258262890683,False,False,False,False,False,False,False,True,False,False,False,False,False,False,False,False,False,False,False,False,False,False,False
26.4,43.0,1014.6,320.0,24.0,GUALEGUAYCHU AERO,23.0,-33.0,-58.6,,-0.4999999999999997,-0.8660254037844388,False,False,False,False,False,False,False,True,False,False,False,False,False,False,False,False,False,False,False,False,False,False,False
25.9,51.0,1013.2,320.0,28.0,GUALEGUAYCHU AERO,23.0,-33.0,-58.6,,-0.7071067811865471,-0.7071067811865479,False,False,False,False,False,False,False,True,False,False,False,False,False,False,False,False,False,False,False,False,False,False,False
26.7,43.0,1012.3,340.0,24.0,GUALEGUAYCHU AERO,23.0,-33.0,-58.6,,-0.8660254037844385,-0.5000000000000004,False,False,False,False,False,False,False,True,False,False,False,False,False,False,False,False,False,False,False,False,False,False,False
25.7,48.0,1012.0,360.0,19.0,GUALEGUAYCHU AERO,23.0,-33.0,-58.6,,-0.9659258262890683,-0.25881904510252063,False,False,False,False,False,False,False,True,False,False,False,False,False,False,False,False,False,False,False,False,False,False,False
23.1,57.0,1011.8,50.0,13.0,GUALEGUAYCHU AERO,23.0,-33.0,-58.6,,-1.0,-1.8369701987210297e-16,False,False,False,False,False,False,False,True,False,False,False,False,False,False,False,False,False,False,False,False,False,False,False
21.5,65.0,1011.9,50.0,11.0,GUALEGUAYCHU AERO,23.0,-33.0,-58.6,,-0.9659258262890684,0.2588190451025203,False,False,False,False,False,False,False,True,False,False,False,False,False,False,False,False,False,False,False,False,False,False,False
21.0,62.0,1012.2,50.0,13.0,GUALEGUAYCHU AERO,23.0,-33.0,-58.6,,-0.8660254037844386,0.5000000000000001,False,False,False,False,False,False,False,True,False,False,False,False,False,False,False,False,False,False,False,False,False,False,False
20.0,67.0,1012.2,50.0,13.0,GUALEGUAYCHU AERO,23.0,-33.0,-58.6,,-0.7071067811865477,0.7071067811865474,False,False,False,False,False,False,False,True,False,False,False,False,False,False,False,False,False,False,False,False,False,False,False
17.0,88.0,1020.4,110.0,6.0,IGUAZU AERO,270.0,-24.283333333333335,-54.46666666666667,,0.0,1.0,False,False,False,False,False,False,False,False,False,False,False,False,False,True,False,False,False,False,False,False,False,False,False
16.9,88.0,1020.2,110.0,7.0,IGUAZU AERO,270.0,-24.283333333333335,-54.46666666666667,,0.25881904510252074,0.9659258262890683,False,False,False,False,False,False,False,False,False,False,False,False,False,True,False,False,False,False,False,False,False,False,False
16.5,86.0,1019.9,110.0,9.0,IGUAZU AERO,270.0,-24.283333333333335,-54.46666666666667,,0.49999999999999994,0.8660254037844387,False,False,False,False,False,False,False,False,False,False,False,False,False,True,False,False,False,False,False,False,False,False,False
16.3,87.0,1019.4,90.0,6.0,IGUAZU AERO,270.0,-24.283333333333335,-54.46666666666667,,0.7071067811865476,0.7071067811865476,False,False,False,False,False,False,False,False,False,False,False,False,False,True,False,False,False,False,False,False,False,False,False
16.2,89.0,1019.2,90.0,6.0,IGUAZU AERO,270.0,-24.283333333333335,-54.46666666666667,,0.8660254037844386,0.5000000000000001,False,False,False,False,False,False,False,False,False,False,False,False,False,True,False,False,False,False,False,False,False,False,False
16.0,86.0,1018.8,90.0,6.0,IGUAZU AERO,270.0,-24.283333333333335,-54.46666666666667,,0.9659258262890683,0.25881904510252074,False,False,False,False,False,False,False,False,False,False,False,False,False,True,False,False,False,False,False,False,False,False,False
15.5,89.0,1019.4,50.0,7.0,IGUAZU AERO,270.0,-24.283333333333335,-54.46666666666667,,1.0,6.123233995736766e-17,False,False,False,False,False,False,False,False,False,False,False,False,False,True,False,False,False,False,False,False,False,False,False
15.0,88.0,1019.7,90.0,7.0,IGUAZU AERO,270.0,-24.283333333333335,-54.46666666666667,,0.9659258262890683,-0.25881904510252063,False,False,False,False,False,False,False,False,False,False,False,False,False,True,False,False,False,False,False,False,False,False,False
14.4,87.0,1019.8,90.0,9.0,IGUAZU AERO,270.0,-24.283333333333335,-54.46666666666667,,0.8660254037844387,-0.4999999999999998,False,False,False,False,False,False,False,False,False,False,False,False,False,True,False,False,False,False,False,False,False,False,False
16.8,76.0,1020.4,90.0,9.0,IGUAZU AERO,270.0,-24.283333333333335,-54.46666666666667,,0.7071067811865476,-0.7071067811865475,False,False,False,False,False,False,False,False,False,False,False,False,False,True,False,False,False,False,False,False,False,False,False
17.9,72.0,1020.8,90.0,11.0,IGUAZU AERO,270.0,-24.283333333333335,-54.46666666666667,,0.49999999999999994,-0.8660254037844387,False,False,False,False,False,False,False,False,False,False,False,False,False,True,False,False,False,False,False,False,False,False,False
20.0,69.0,1020.3,90.0,15.0,IGUAZU AERO,270.0,-24.283333333333335,-54.46666666666667,,0.258819045102521,-0.9659258262890682,False,False,False,False,False,False,False,False,False,False,False,False,False,True,False,False,False,False,False,False,False,False,False
20.8,64.0,1019.5,90.0,9.0,IGUAZU AERO,270.0,-24.283333333333335,-54.46666666666667,,1.2246467991473532e-16,-1.0,False,False,False,False,False,False,False,False,False,False,False,False,False,True,False,False,False,False,False,False,False,False,False
23.3,60.0,1018.6,50.0,13.0,IGUAZU AERO,270.0,-24.283333333333335,-54.46666666666667,,-0.2588190451025208,-0.9659258262890683,False,False,False,False,False,False,False,False,False,False,False,False,False,True,False,False,False,False,False,False,False,False,False
23.8,58.0,1017.5,90.0,9.0,IGUAZU AERO,270.0,-24.283333333333335,-54.46666666666667,,-0.4999999999999997,-0.8660254037844388,False,False,False,False,False,False,False,False,False,False,False,False,False,True,False,False,False,False,False,False,False,False,False
25.7,57.0,1016.5,50.0,7.0,IGUAZU AERO,270.0,-24.283333333333335,-54.46666666666667,,-0.7071067811865471,-0.7071067811865479,False,False,False,False,False,False,False,False,False,False,False,False,False,True,False,False,False,False,False,False,False,False,False
26.0,56.0,1016.1,50.0,9.0,IGUAZU AERO,270.0,-24.283333333333335,-54.46666666666667,,-0.8660254037844385,-0.5000000000000004,False,False,False,False,False,False,False,False,False,False,False,False,False,True,False,False,False,False,False,False,False,False,False
25.1,64.0,1015.7,140.0,7.0,IGUAZU AERO,270.0,-24.283333333333335,-54.46666666666667,,-0.9659258262890683,-0.25881904510252063,False,False,False,False,False,False,False,False,False,False,False,False,False,True,False,False,False,False,False,False,False,False,False
22.4,75.0,1015.5,140.0,9.0,IGUAZU AERO,270.0,-24.283333333333335,-54.46666666666667,,-1.0,-1.8369701987210297e-16,False,False,False,False,False,False,False,False,False,False,False,False,False,True,False,False,False,False,False,False,False,False,False
21.4,77.0,1015.7,140.0,6.0,IGUAZU AERO,270.0,-24.283333333333335,-54.46666666666667,,-0.9659258262890684,0.2588190451025203,False,False,False,False,False,False,False,False,False,False,False,False,False,True,False,False,False,False,False,False,False,False,False
20.8,79.0,1016.0,140.0,7.0,IGUAZU AERO,270.0,-24.283333333333335,-54.46666666666667,,-0.8660254037844386,0.5000000000000001,False,False,False,False,False,False,False,False,False,False,False,False,False,True,False,False,False,False,False,False,False,False,False
20.0,79.0,1016.1,90.0,6.0,IGUAZU AERO,270.0,-24.283333333333335,-54.46666666666667,,-0.7071067811865477,0.7071067811865474,False,False,False,False,False,False,False,False,False,False,False,False,False,True,False,False,False,False,False,False,False,False,False
20.0,75.0,1016.2,90.0,11.0,IGUAZU AERO,270.0,-24.283333333333335,-54.46666666666667,,-0.5000000000000004,0.8660254037844384,False,False,False,False,False,False,False,False,False,False,False,False,False,True,False,False,False,False,False,False,False,False,False
20.0,73.0,1016.3,90.0,15.0,IGUAZU AERO,270.0,-24.283333333333335,-54.46666666666667,,-0.25881904510252157,0.9659258262890681,False,False,False,False,False,False,False,False,False,False,False,False,False,True,False,False,False,False,False,False,False,False,False
14.2,100.0,1017.0,0.0,0.0,ITUZAINGO,72.0,-26.416666666666668,-56.666666666666664,,1.0,6.123233995736766e-17,False,False,False,False,False,False,True,False,False,False,False,False,False,False,False,False,False,False,False,False,False,False,False
17.2,92.0,1017.3,50.0,11.0,ITUZAINGO,72.0,-26.416666666666668,-56.666666666666664,,0.7071067811865476,-0.7071067811865475,False,False,False,False,False,False,True,False,False,False,False,False,False,False,False,False,False,False,False,False,False,False,False
20.6,78.0,1017.6,50.0,11.0,ITUZAINGO,72.0,-26.416666666666668,-56.666666666666664,,0.49999999999999994,-0.8660254037844387,False,False,False,False,False,False,True,False,False,False,False,False,False,False,False,False,False,False,False,False,False,False,False
23.2,63.0,1017.3,50.0,11.0,ITUZAINGO,72.0,-26.416666666666668,-56.666666666666664,,0.258819045102521,-0.9659258262890682,False,False,False,False,False,False,True,False,False,False,False,False,False,False,False,False,False,False,False,False,False,False,False
24.6,60.0,1016.4,360.0,11.0,ITUZAINGO,72.0,-26.416666666666668,-56.666666666666664,,1.2246467991473532e-16,-1.0,False,False,False,False,False,False,True,False,False,False,False,False,False,False,False,False,False,False,False,False,False,False,False
25.0,63.0,1016.1,50.0,11.0,ITUZAINGO,72.0,-26.416666666666668,-56.666666666666664,,-0.2588190451025208,-0.9659258262890683,False,False,False,False,False,False,True,False,False,False,False,False,False,False,False,False,False,False,False,False,False,False,False
26.2,58.0,1014.9,50.0,11.0,ITUZAINGO,72.0,-26.416666666666668,-56.666666666666664,,-0.4999999999999997,-0.8660254037844388,False,False,False,False,False,False,True,False,False,False,False,False,False,False,False,False,False,False,False,False,False,False,False
25.0,69.0,1014.0,50.0,11.0,ITUZAINGO,72.0,-26.416666666666668,-56.666666666666664,,-0.7071067811865471,-0.7071067811865479,False,False,False,False,False,False,True,False,False,False,False,False,False,False,False,False,False,False,False,False,False,False,False
25.2,60.0,1013.1,50.0,17.0,ITUZAINGO,72.0,-26.416666666666668,-56.666666666666664,,-0.8660254037844385,-0.5000000000000004,False,False,False,False,False,False,True,False,False,False,False,False,False,False,False,False,False,False,False,False,False,False,False
23.6,74.0,1012.9,50.0,11.0,ITUZAINGO,72.0,-26.416666666666668,-56.666666666666664,,-0.9659258262890683,-0.25881904510252063,False,False,False,False,False,False,True,False,False,False,False,False,False,False,False,False,False,False,False,False,False,False,False
22.6,74.0,1012.7,50.0,11.0,ITUZAINGO,72.0,-26.416666666666668,-56.666666666666664,,-1.0,-1.8369701987210297e-16,False,False,False,False,False,False,True,False,False,False,False,False,False,False,False,False,False,False,False,False,False,False,False
19.6,89.0,1012.6,360.0,7.0,ITUZAINGO,72.0,-26.416666666666668,-56.666666666666664,,-0.9659258262890684,0.2588190451025203,False,False,False,False,False,False,True,False,False,False,False,False,False,False,False,False,False,False,False,False,False,False,False
19.4,89.0,1012.7,50.0,11.0,ITUZAINGO,72.0,-26.416666666666668,-56.666666666666664,,-0.8660254037844386,0.5000000000000001,False,False,False,False,False,False,True,False,False,False,False,False,False,False,False,False,False,False,False,False,False,False,False
18.8,90.0,1013.2,50.0,9.0,ITUZAINGO,72.0,-26.416666666666668,-56.666666666666664,,-0.7071067811865477,0.7071067811865474,False,False,False,False,False,False,True,False,False,False,False,False,False,False,False,False,False,False,False,False,False,False,False
1.9,65.0,,140.0,4.0,JACHAL,1175.0,-29.783333333333335,-68.73333333333333,,0.7071067811865476,-0.7071067811865475,False,False,False,False,False,False,False,False,False,False,False,False,False,False,False,False,False,True,False,False,False,False,False
25.2,18.0,,140.0,4.0,JACHAL,1175.0,-29.783333333333335,-68.73333333333333,,-0.7071067811865471,-0.7071067811865479,False,False,False,False,False,False,False,False,False,False,False,False,False,False,False,False,False,True,False,False,False,False,False
14.0,48.0,,180.0,24.0,JACHAL,1175.0,-29.783333333333335,-68.73333333333333,,-0.7071067811865477,0.7071067811865474,False,False,False,False,False,False,False,False,False,False,False,False,False,False,False,False,False,True,False,False,False,False,False
16.2,87.0,,230.0,6.0,JUJUY AERO,907.0,-23.616666666666667,-65.08333333333333,,0.0,1.0,False,False,False,False,False,False,False,False,False,True,False,False,False,False,False,False,False,False,False,False,False,False,False
15.7,88.0,,270.0,7.0,JUJUY AERO,907.0,-23.616666666666667,-65.08333333333333,,0.25881904510252074,0.9659258262890683,False,False,False,False,False,False,False,False,False,True,False,False,False,False,False,False,False,False,False,False,False,False,False
15.5,89.0,,290.0,7.0,JUJUY AERO,907.0,-23.616666666666667,-65.08333333333333,,0.49999999999999994,0.8660254037844387,False,False,False,False,False,False,False,False,False,True,False,False,False,False,False,False,False,False,False,False,False,False,False
14.9,89.0,,320.0,7.0,JUJUY AERO,907.0,-23.616666666666667,-65.08333333333333,,0.7071067811865476,0.7071067811865476,False,False,False,False,False,False,False,False,False,True,False,False,False,False,False,False,False,False,False,False,False,False,False
13.8,89.0,,320.0,9.0,JUJUY AERO,907.0,-23.616666666666667,-65.08333333333333,,0.8660254037844386,0.5000000000000001,False,False,False,False,False,False,False,False,False,True,False,False,False,False,False,False,False,False,False,False,False,False,False
13.6,83.0,,320.0,11.0,JUJUY AERO,907.0,-23.616666666666667,-65.08333333333333,,0.9659258262890683,0.25881904510252074,False,False,False,False,False,False,False,False,False,True,False,False,False,False,False,False,False,False,False,False,False,False,False
13.4,80.0,,300.0,11.0,JUJUY AERO,907.0,-23.616666666666667,-65.08333333333333,,1.0,6.123233995736766e-17,False,False,False,False,False,False,False,False,False,True,False,False,False,False,False,False,False,False,False,False,False,False,False
12.5,80.0,,320.0,13.0,JUJUY AERO,907.0,-23.616666666666667,-65.08333333333333,,0.9659258262890683,-0.25881904510252063,False,False,False,False,False,False,False,False,False,True,False,False,False,False,False,False,False,False,False,False,False,False,False
12.1,80.0,,310.0,11.0,JUJUY AERO,907.0,-23.616666666666667,-65.08333333333333,,0.8660254037844387,-0.4999999999999998,False,False,False,False,False,False,False,False,False,True,False,False,False,False,False,False,False,False,False,False,False,False,False
13.5,72.0,,310.0,13.0,JUJUY AERO,907.0,-23.616666666666667,-65.08333333333333,,0.7071067811865476,-0.7071067811865475,False,False,False,False,False,False,False,False,False,True,False,False,False,False,False,False,False,False,False,False,False,False,False
17.1,63.0,,330.0,9.0,JUJUY AERO,907.0,-23.616666666666667,-65.08333333333333,,0.49999999999999994,-0.8660254037844387,False,False,False,False,False,False,False,False,False,True,False,False,False,False,False,False,False,False,False,False,False,False,False
19.9,58.0,,180.0,6.0,JUJUY AERO,907.0,-23.616666666666667,-65.08333333333333,,0.258819045102521,-0.9659258262890682,False,False,False,False,False,False,False,False,False,True,False,False,False,False,False,False,False,False,False,False,False,False,False
21.3,56.0,,110.0,7.0,JUJUY AERO,907.0,-23.616666666666667,-65.08333333333333,,1.2246467991473532e-16,-1.0,False,False,False,False,False,False,False,False,False,True,False,False,False,False,False,False,False,False,False,False,False,False,False
22.9,54.0,,990.0,4.0,JUJUY AERO,907.0,-23.616666666666667,-65.08333333333333,,-0.2588190451025208,-0.9659258262890683,False,False,False,False,False,False,False,False,False,True,False,False,False,False,False,False,False,False,False,False,False,False,False
24.3,54.0,,990.0,6.0,JUJUY AERO,907.0,-23.616666666666667,-65.08333333333333,,-0.4999999999999997,-0.8660254037844388,False,False,False,False,False,False,False,False,False,True,False,False,False,False,False,False,False,False,False,False,False,False,False
25.1,50.0,,990.0,11.0,JUJUY AERO,907.0,-23.616666666666667,-65.08333333333333,,-0.7071067811865471,-0.7071067811865479,False,False,False,False,False,False,False,False,False,True,False,False,False,False,False,False,False,False,False,False,False,False,False
25.7,48.0,,70.0,9.0,JUJUY AERO,907.0,-23.616666666666667,-65.08333333333333,,-0.8660254037844385,-0.5000000000000004,False,False,False,False,False,False,False,False,False,True,False,False,False,False,False,False,False,False,False,False,False,False,False
25.5,49.0,,70.0,9.0,JUJUY AERO,907.0,-23.616666666666667,-65.08333333333333,,-0.9659258262890683,-0.25881904510252063,False,False,False,False,False,False,False,False,False,True,False,False,False,False,False,False,False,False,False,False,False,False,False
24.3,50.0,,50.0,13.0,JUJUY AERO,907.0,-23.616666666666667,-65.08333333333333,,-1.0,-1.8369701987210297e-16,False,False,False,False,False,False,False,False,False,True,False,False,False,False,False,False,False,False,False,False,False,False,False
21.7,60.0,,40.0,7.0,JUJUY AERO,907.0,-23.616666666666667,-65.08333333333333,,-0.9659258262890684,0.2588190451025203,False,False,False,False,False,False,False,False,False,True,False,False,False,False,False,False,False,False,False,False,False,False,False
20.0,68.0,,990.0,4.0,JUJUY AERO,907.0,-23.616666666666667,-65.08333333333333,,-0.8660254037844386,0.5000000000000001,False,False,False,False,False,False,False,False,False,True,False,False,False,False,False,False,False,False,False,False,False,False,False
18.7,70.0,,990.0,6.0,JUJUY AERO,907.0,-23.616666666666667,-65.08333333333333,,-0.7071067811865477,0.7071067811865474,False,False,False,False,False,False,False,False,False,True,False,False,False,False,False,False,False,False,False,False,False,False,False
16.9,77.0,,310.0,9.0,JUJUY AERO,907.0,-23.616666666666667,-65.08333333333333,,-0.5000000000000004,0.8660254037844384,False,False,False,False,False,False,False,False,False,True,False,False,False,False,False,False,False,False,False,False,False,False,False
15.4,82.0,,350.0,7.0,JUJUY AERO,907.0,-23.616666666666667,-65.08333333333333,,-0.25881904510252157,0.9659258262890681,False,False,False,False,False,False,False,False,False,True,False,False,False,False,False,False,False,False,False,False,False,False,False
10.0,88.0,,270.0,9.0,JUJUY U N,1302.0,-23.833333333333332,-65.31666666666666,,1.0,6.123233995736766e-17,False,False,False,False,False,False,False,False,False,True,False,False,False,False,False,False,False,False,False,False,False,False,False
9.5,89.0,,320.0,4.0,JUJUY U N,1302.0,-23.833333333333332,-65.31666666666666,,0.9659258262890683,-0.25881904510252063,False,False,False,False,False,False,False,False,False,True,False,False,False,False,False,False,False,False,False,False,False,False,False
9.9,86.0,,320.0,4.0,JUJUY U N,1302.0,-23.833333333333332,-65.31666666666666,,0.8660254037844387,-0.4999999999999998,False,False,False,False,False,False,False,False,False,True,False,False,False,False,False,False,False,False,False,False,False,False,False
10.2,86.0,,320.0,9.0,JUJUY U N,1302.0,-23.833333333333332,-65.31666666666666,,0.7071067811865476,-0.7071067811865475,False,False,False,False,False,False,False,False,False,True,False,False,False,False,False,False,False,False,False,False,False,False,False
13.8,73.0,,320.0,9.0,JUJUY U N,1302.0,-23.833333333333332,-65.31666666666666,,0.49999999999999994,-0.8660254037844387,False,False,False,False,False,False,False,False,False,True,False,False,False,False,False,False,False,False,False,False,False,False,False
18.0,63.0,,50.0,4.0,JUJUY U N,1302.0,-23.833333333333332,-65.31666666666666,,0.258819045102521,-0.9659258262890682,False,False,False,False,False,False,False,False,False,True,False,False,False,False,False,False,False,False,False,False,False,False,False
19.6,63.0,,50.0,4.0,JUJUY U N,1302.0,-23.833333333333332,-65.31666666666666,,1.2246467991473532e-16,-1.0,False,False,False,False,False,False,False,False,False,True,False,False,False,False,False,False,False,False,False,False,False,False,False
21.0,61.0,,140.0,4.0,JUJUY U N,1302.0,-23.833333333333332,-65.31666666666666,,-0.2588190451025208,-0.9659258262890683,False,False,False,False,False,False,False,False,False,True,False,False,False,False,False,False,False,False,False,False,False,False,False
22.4,57.0,,140.0,9.0,JUJUY U N,1302.0,-23.833333333333332,-65.31666666666666,,-0.4999999999999997,-0.8660254037844388,False,False,False,False,False,False,False,False,False,True,False,False,False,False,False,False,False,False,False,False,False,False,False
24.4,48.0,,140.0,9.0,JUJUY U N,1302.0,-23.833333333333332,-65.31666666666666,,-0.7071067811865471,-0.7071067811865479,False,False,False,False,False,False,False,False,False,True,False,False,False,False,False,False,False,False,False,False,False,False,False
24.2,49.0,,140.0,9.0,JUJUY U N,1302.0,-23.833333333333332,-65.31666666666666,,-0.8660254037844385,-0.5000000000000004,False,False,False,False,False,False,False,False,False,True,False,False,False,False,False,False,False,False,False,False,False,False,False
24.3,49.0,,90.0,4.0,JUJUY U N,1302.0,-23.833333333333332,-65.31666666666666,,-0.9659258262890683,-0.25881904510252063,False,False,False,False,False,False,False,False,False,True,False,False,False,False,False,False,False,False,False,False,False,False,False
23.2,54.0,,140.0,4.0,JUJUY U N,1302.0,-23.833333333333332,-65.31666666666666,,-1.0,-1.8369701987210297e-16,False,False,False,False,False,False,False,False,False,True,False,False,False,False,False,False,False,False,False,False,False,False,False
21.0,67.0,,90.0,4.0,JUJUY U N,1302.0,-23.833333333333332,-65.31666666666666,,-0.9659258262890684,0.2588190451025203,False,False,False,False,False,False,False,False,False,True,False,False,False,False,False,False,False,False,False,False,False,False,False
18.2,73.0,,270.0,4.0,JUJUY U N,1302.0,-23.833333333333332,-65.31666666666666,,-0.8660254037844386,0.5000000000000001,False,False,False,False,False,False,False,False,False,True,False,False,False,False,False,False,False,False,False,False,False,False,False
16.2,81.0,,270.0,4.0,JUJUY U N,1302.0,-23.833333333333332,-65.31666666666666,,-0.7071067811865477,0.7071067811865474,False,False,False,False,False,False,False,False,False,True,False,False,False,False,False,False,False,False,False,False,False,False,False
13.8,82.0,1017.3,20.0,17.0,JUNIN AERO,81.0,-33.45,-60.916666666666664,,0.0,1.0,True,False,False,False,False,False,False,False,False,False,False,False,False,False,False,False,False,False,False,False,False,False,False
14.0,83.0,1017.1,20.0,17.0,JUNIN AERO,81.0,-33.45,-60.916666666666664,,0.25881904510252074,0.9659258262890683,True,False,False,False,False,False,False,False,False,False,False,False,False,False,False,False,False,False,False,False,False,False,False
14.4,85.0,1016.5,50.0,19.0,JUNIN AERO,81.0,-33.45,-60.916666666666664,,0.49999999999999994,0.8660254037844387,True,False,False,False,False,False,False,False,False,False,False,False,False,False,False,False,False,False,False,False,False,False,False
14.4,87.0,1016.2,50.0,19.0,JUNIN AERO,81.0,-33.45,-60.916666666666664,,0.7071067811865476,0.7071067811865476,True,False,False,False,False,False,False,False,False,False,False,False,False,False,False,False,False,False,False,False,False,False,False
13.9,88.0,1015.7,50.0,15.0,JUNIN AERO,81.0,-33.45,-60.916666666666664,,0.8660254037844386,0.5000000000000001,True,False,False,False,False,False,False,False,False,False,False,False,False,False,False,False,False,False,False,False,False,False,False
13.6,90.0,1015.2,50.0,11.0,JUNIN AERO,81.0,-33.45,-60.916666666666664,,0.9659258262890683,0.25881904510252074,True,False,False,False,False,False,False,False,False,False,False,False,False,False,False,False,False,False,False,False,False,False,False
13.6,91.0,1014.8,50.0,15.0,JUNIN AERO,81.0,-33.45,-60.916666666666664,,1.0,6.123233995736766e-17,True,False,False,False,False,False,False,False,False,False,False,False,False,False,False,False,False,False,False,False,False,False,False
13.3,92.0,1014.8,20.0,13.0,JUNIN AERO,81.0,-33.45,-60.916666666666664,,0.9659258262890683,-0.25881904510252063,True,False,False,False,False,False,False,False,False,False,False,False,False,False,False,False,False,False,False,False,False,False,False
13.2,93.0,1015.0,50.0,13.0,JUNIN AERO,81.0,-33.45,-60.916666666666664,,0.8660254037844387,-0.4999999999999998,True,False,False,False,False,False,False,False,False,False,False,False,False,False,False,False,False,False,False,False,False,False,False
13.9,92.0,1015.0,20.0,17.0,JUNIN AERO,81.0,-33.45,-60.916666666666664,,0.7071067811865476,-0.7071067811865475,True,False,False,False,False,False,False,False,False,False,False,False,False,False,False,False,False,False,False,False,False,False,False
15.8,87.0,1015.1,20.0,19.0,JUNIN AERO,81.0,-33.45,-60.916666666666664,,0.49999999999999994,-0.8660254037844387,True,False,False,False,False,False,False,False,False,False,False,False,False,False,False,False,False,False,False,False,False,False,False
17.5,81.0,1014.9,360.0,20.0,JUNIN AERO,81.0,-33.45,-60.916666666666664,,0.258819045102521,-0.9659258262890682,True,False,False,False,False,False,False,False,False,False,False,False,False,False,False,False,False,False,False,False,False,False,False
20.6,68.0,1014.7,360.0,17.0,JUNIN AERO,81.0,-33.45,-60.916666666666664,,1.2246467991473532e-16,-1.0,True,False,False,False,False,False,False,False,False,False,False,False,False,False,False,False,False,False,False,False,False,False,False
23.2,57.0,1013.6,340.0,28.0,JUNIN AERO,81.0,-33.45,-60.916666666666664,,-0.2588190451025208,-0.9659258262890683,True,False,False,False,False,False,False,False,False,False,False,False,False,False,False,False,False,False,False,False,False,False,False
22.0,61.0,1012.0,340.0,26.0,JUNIN AERO,81.0,-33.45,-60.916666666666664,,-0.4999999999999997,-0.8660254037844388,True,False,False,False,False,False,False,False,False,False,False,False,False,False,False,False,False,False,False,False,False,False,False
22.5,61.0,1010.6,360.0,26.0,JUNIN AERO,81.0,-33.45,-60.916666666666664,,-0.7071067811865471,-0.7071067811865479,True,False,False,False,False,False,False,False,False,False,False,False,False,False,False,False,False,False,False,False,False,False,False
23.8,56.0,1010.6,360.0,15.0,JUNIN AERO,81.0,-33.45,-60.916666666666664,,-0.8660254037844385,-0.5000000000000004,True,False,False,False,False,False,False,False,False,False,False,False,False,False,False,False,False,False,False,False,False,False,False
23.4,57.0,1010.6,360.0,20.0,JUNIN AERO,81.0,-33.45,-60.916666666666664,,-0.9659258262890683,-0.25881904510252063,True,False,False,False,False,False,False,False,False,False,False,False,False,False,False,False,False,False,False,False,False,False,False
21.8,66.0,1010.8,340.0,4.0,JUNIN AERO,81.0,-33.45,-60.916666666666664,,-1.0,-1.8369701987210297e-16,True,False,False,False,False,False,False,False,False,False,False,False,False,False,False,False,False,False,False,False,False,False,False
18.6,79.0,1010.6,50.0,9.0,JUNIN AERO,81.0,-33.45,-60.916666666666664,,-0.9659258262890684,0.2588190451025203,True,False,False,False,False,False,False,False,False,False,False,False,False,False,False,False,False,False,False,False,False,False,False
18.9,77.0,1010.5,50.0,7.0,JUNIN AERO,81.0,-33.45,-60.916666666666664,,-0.8660254037844386,0.5000000000000001,True,False,False,False,False,False,False,False,False,False,False,False,False,False,False,False,False,False,False,False,False,False,False
16.6,84.0,1010.2,20.0,9.0,JUNIN AERO,81.0,-33.45,-60.916666666666664,,-0.7071067811865477,0.7071067811865474,True,False,False,False,False,False,False,False,False,False,False,False,False,False,False,False,False,False,False,False,False,False,False
16.2,85.0,1012.2,230.0,13.0,JUNIN AERO,81.0,-33.45,-60.916666666666664,,-0.5000000000000004,0.8660254037844384,True,False,False,False,False,False,False,False,False,False,False,False,False,False,False,False,False,False,False,False,False,False,False
17.2,89.0,1012.4,140.0,11.0,JUNIN AERO,81.0,-33.45,-60.916666666666664,,-0.25881904510252157,0.9659258262890681,True,False,False,False,False,False,False,False,False,False,False,False,False,False,False,False,False,False,False,False,False,False,False
11.2,97.0,1021.4,110.0,4.0,LA PLATA AERO,23.0,-33.05,-57.88333333333333,,0.0,1.0,True,False,False,False,False,False,False,False,False,False,False,False,False,False,False,False,False,False,False,False,False,False,False
11.0,99.0,1020.6,90.0,9.0,LA PLATA AERO,23.0,-33.05,-57.88333333333333,,0.25881904510252074,0.9659258262890683,True,False,False,False,False,False,False,False,False,False,False,False,False,False,False,False,False,False,False,False,False,False,False
11.2,97.0,1019.9,90.0,13.0,LA PLATA AERO,23.0,-33.05,-57.88333333333333,,0.49999999999999994,0.8660254037844387,True,False,False,False,False,False,False,False,False,False,False,False,False,False,False,False,False,False,False,False,False,False,False
11.6,94.0,1019.7,70.0,11.0,LA PLATA AERO,23.0,-33.05,-57.88333333333333,,0.7071067811865476,0.7071067811865476,True,False,False,False,False,False,False,False,False,False,False,False,False,False,False,False,False,False,False,False,False,False,False
11.8,96.0,1019.2,70.0,13.0,LA PLATA AERO,23.0,-33.05,-57.88333333333333,,0.8660254037844386,0.5000000000000001,True,False,False,False,False,False,False,False,False,False,False,False,False,False,False,False,False,False,False,False,False,False,False
11.5,96.0,1018.8,70.0,13.0,LA PLATA AERO,23.0,-33.05,-57.88333333333333,,0.9659258262890683,0.25881904510252074,True,False,False,False,False,False,False,False,False,False,False,False,False,False,False,False,False,False,False,False,False,False,False
12.0,96.0,1018.5,70.0,11.0,LA PLATA AERO,23.0,-33.05,-57.88333333333333,,1.0,6.123233995736766e-17,True,False,False,False,False,False,False,False,False,False,False,False,False,False,False,False,False,False,False,False,False,False,False
12.0,97.0,1018.2,70.0,15.0,LA PLATA AERO,23.0,-33.05,-57.88333333333333,,0.9659258262890683,-0.25881904510252063,True,False,False,False,False,False,False,False,False,False,False,False,False,False,False,False,False,False,False,False,False,False,False
12.2,96.0,1018.6,70.0,11.0,LA PLATA AERO,23.0,-33.05,-57.88333333333333,,0.8660254037844387,-0.4999999999999998,True,False,False,False,False,False,False,False,False,False,False,False,False,False,False,False,False,False,False,False,False,False,False
12.5,100.0,1018.5,50.0,11.0,LA PLATA AERO,23.0,-33.05,-57.88333333333333,,0.7071067811865476,-0.7071067811865475,True,False,False,False,False,False,False,False,False,False,False,False,False,False,False,False,False,False,False,False,False,False,False
13.5,97.0,1018.1,50.0,11.0,LA PLATA AERO,23.0,-33.05,-57.88333333333333,,0.49999999999999994,-0.8660254037844387,True,False,False,False,False,False,False,False,False,False,False,False,False,False,False,False,False,False,False,False,False,False,False
14.8,90.0,1018.1,50.0,13.0,LA PLATA AERO,23.0,-33.05,-57.88333333333333,,0.258819045102521,-0.9659258262890682,True,False,False,False,False,False,False,False,False,False,False,False,False,False,False,False,False,False,False,False,False,False,False
15.6,89.0,1017.9,30.0,9.0,LA PLATA AERO,23.0,-33.05,-57.88333333333333,,1.2246467991473532e-16,-1.0,True,False,False,False,False,False,False,False,False,False,False,False,False,False,False,False,False,False,False,False,False,False,False
16.5,86.0,1016.9,50.0,9.0,LA PLATA AERO,23.0,-33.05,-57.88333333333333,,-0.2588190451025208,-0.9659258262890683,True,False,False,False,False,False,False,False,False,False,False,False,False,False,False,False,False,False,False,False,False,False,False
16.9,85.0,1015.7,50.0,7.0,LA PLATA AERO,23.0,-33.05,-57.88333333333333,,-0.4999999999999997,-0.8660254037844388,True,False,False,False,False,False,False,False,False,False,False,False,False,False,False,False,False,False,False,False,False,False,False
17.5,83.0,1014.9,60.0,9.0,LA PLATA AERO,23.0,-33.05,-57.88333333333333,,-0.7071067811865471,-0.7071067811865479,True,False,False,False,False,False,False,False,False,False,False,False,False,False,False,False,False,False,False,False,False,False,False
18.5,79.0,1014.3,60.0,9.0,LA PLATA AERO,23.0,-33.05,-57.88333333333333,,-0.8660254037844385,-0.5000000000000004,True,False,False,False,False,False,False,False,False,False,False,False,False,False,False,False,False,False,False,False,False,False,False
17.4,82.0,1014.0,60.0,11.0,LA PLATA AERO,23.0,-33.05,-57.88333333333333,,-0.9659258262890683,-0.25881904510252063,True,False,False,False,False,False,False,False,False,False,False,False,False,False,False,False,False,False,False,False,False,False,False
15.5,89.0,1013.5,50.0,9.0,LA PLATA AERO,23.0,-33.05,-57.88333333333333,,-1.0,-1.8369701987210297e-16,True,False,False,False,False,False,False,False,False,False,False,False,False,False,False,False,False,False,False,False,False,False,False
14.5,93.0,1013.6,50.0,6.0,LA PLATA AERO,23.0,-33.05,-57.88333333333333,,-0.9659258262890684,0.2588190451025203,True,False,False,False,False,False,False,False,False,False,False,False,False,False,False,False,False,False,False,False,False,False,False
15.4,90.0,1013.3,50.0,7.0,LA PLATA AERO,23.0,-33.05,-57.88333333333333,,-0.8660254037844386,0.5000000000000001,True,False,False,False,False,False,False,False,False,False,False,False,False,False,False,False,False,False,False,False,False,False,False
15.4,93.0,1013.2,20.0,11.0,LA PLATA AERO,23.0,-33.05,-57.88333333333333,,-0.7071067811865477,0.7071067811865474,True,False,False,False,False,False,False,False,False,False,False,False,False,False,False,False,False,False,False,False,False,False,False
16.1,90.0,1013.0,20.0,11.0,LA PLATA AERO,23.0,-33.05,-57.88333333333333,,-0.5000000000000004,0.8660254037844384,True,False,False,False,False,False,False,False,False,False,False,False,False,False,False,False,False,False,False,False,False,False,False
16.0,89.0,1012.2,20.0,13.0,LA PLATA AERO,23.0,-33.05,-57.88333333333333,,-0.25881904510252157,0.9659258262890681,True,False,False,False,False,False,False,False,False,False,False,False,False,False,False,False,False,False,False,False,False,False,False
3.6,28.0,,140.0,4.0,LA QUIACA OBSERVA,,,,,0.0,1.0,False,False,False,False,False,False,False,False,False,False,False,False,False,False,False,False,False,False,False,False,False,False,False
2.5,35.0,,140.0,4.0,LA QUIACA OBSERVA,,,,,0.25881904510252074,0.9659258262890683,False,False,False,False,False,False,False,False,False,False,False,False,False,False,False,False,False,False,False,False,False,False,False
1.7,36.0,,0.0,0.0,LA QUIACA OBSERVA,,,,,0.49999999999999994,0.8660254037844387,False,False,False,False,False,False,False,False,False,False,False,False,False,False,False,False,False,False,False,False,False,False,False
-1.1,40.0,,0.0,0.0,LA QUIACA OBSERVA,,,,,0.7071067811865476,0.7071067811865476,False,False,False,False,False,False,False,False,False,False,False,False,False,False,False,False,False,False,False,False,False,False,False
-1.3,41.0,,0.0,0.0,LA QUIACA OBSERVA,,,,,0.8660254037844386,0.5000000000000001,False,False,False,False,False,False,False,False,False,False,False,False,False,False,False,False,False,False,False,False,False,False,False
-1.4,42.0,,140.0,4.0,LA QUIACA OBSERVA,,,,,0.9659258262890683,0.25881904510252074,False,False,False,False,False,False,False,False,False,False,False,False,False,False,False,False,False,False,False,False,False,False,False
-1.5,42.0,,140.0,4.0,LA QUIACA OBSERVA,,,,,1.0,6.123233995736766e-17,False,False,False,False,False,False,False,False,False,False,False,False,False,False,False,False,False,False,False,False,False,False,False
-3.2,44.0,,50.0,4.0,LA QUIACA OBSERVA,,,,,0.9659258262890683,-0.25881904510252063,False,False,False,False,False,False,False,False,False,False,False,False,False,False,False,False,False,False,False,False,False,False,False
-3.5,47.0,,0.0,0.0,LA QUIACA OBSERVA,,,,,0.8660254037844387,-0.4999999999999998,False,False,False,False,False,False,False,False,False,False,False,False,False,False,False,False,False,False,False,False,False,False,False
-1.4,47.0,,180.0,4.0,LA QUIACA OBSERVA,,,,,0.7071067811865476,-0.7071067811865475,False,False,False,False,False,False,False,False,False,False,False,False,False,False,False,False,False,False,False,False,False,False,False
2.7,47.0,,0.0,0.0,LA QUIACA OBSERVA,,,,,0.49999999999999994,-0.8660254037844387,False,False,False,False,False,False,False,False,False,False,False,False,False,False,False,False,False,False,False,False,False,False,False
6.9,43.0,,0.0,0.0,LA QUIACA OBSERVA,,,,,0.258819045102521,-0.9659258262890682,False,False,False,False,False,False,False,False,False,False,False,False,False,False,False,False,False,False,False,False,False,False,False
11.0,39.0,,180.0,4.0,LA QUIACA OBSERVA,,,,,1.2246467991473532e-16,-1.0,False,False,False,False,False,False,False,False,False,False,False,False,False,False,False,False,False,False,False,False,False,False,False
13.6,34.0,,90.0,4.0,LA QUIACA OBSERVA,,,,,-0.2588190451025208,-0.9659258262890683,False,False,False,False,False,False,False,False,False,False,False,False,False,False,False,False,False,False,False,False,False,False,False
15.3,29.0,,20.0,9.0,LA QUIACA OBSERVA,,,,,-0.4999999999999997,-0.8660254037844388,False,False,False,False,False,False,False,False,False,False,False,False,False,False,False,False,False,False,False,False,False,False,False
16.1,25.0,,50.0,9.0,LA QUIACA OBSERVA,,,,,-0.7071067811865471,-0.7071067811865479,False,False,False,False,False,False,False,False,False,False,False,False,False,False,False,False,False,False,False,False,False,False,False
17.2,21.0,,50.0,15.0,LA QUIACA OBSERVA,,,,,-0.8660254037844385,-0.5000000000000004,False,False,False,False,False,False,False,False,False,False,False,False,False,False,False,False,False,False,False,False,False,False,False
16.8,17.0,,50.0,9.0,LA QUIACA OBSERVA,,,,,-0.9659258262890683,-0.25881904510252063,False,False,False,False,False,False,False,False,False,False,False,False,False,False,False,False,False,False,False,False,False,False,False
17.9,17.0,,320.0,9.0,LA QUIACA OBSERVA,,,,,-1.0,-1.8369701987210297e-16,False,False,False,False,False,False,False,False,False,False,False,False,False,False,False,False,False,False,False,False,False,False,False
16.7,22.0,,320.0,24.0,LA QUIACA OBSERVA,,,,,-0.9659258262890684,0.2588190451025203,False,False,False,False,False,False,False,False,False,False,False,False,False,False,False,False,False,False,False,False,False,False,False
13.4,18.0,,360.0,9.0,LA QUIACA OBSERVA,,,,,-0.8660254037844386,0.5000000000000001,False,False,False,False,False,False,False,False,False,False,False,False,False,False,False,False,False,False,False,False,False,False,False
10.8,24.0,,360.0,9.0,LA QUIACA OBSERVA,,,,,-0.7071067811865477,0.7071067811865474,False,False,False,False,False,False,False,False,False,False,False,False,False,False,False,False,False,False,False,False,False,False,False
9.0,32.0,,360.0,4.0,LA QUIACA OBSERVA,,,,,-0.5000000000000004,0.8660254037844384,False,False,False,False,False,False,False,False,False,False,False,False,False,False,False,False,False,False,False,False,False,False,False
8.2,36.0,,360.0,4.0,LA QUIACA OBSERVA,,,,,-0.25881904510252157,0.9659258262890681,False,False,False,False,False,False,False,False,False,False,False,False,False,False,False,False,False,False,False,False,False,False,False
12.1,82.0,1011.8,270.0,9.0,LA RIOJA AERO,429.0,-28.633333333333333,-66.78333333333333,,0.0,1.0,False,False,False,False,False,False,False,False,False,False,False,True,False,False,False,False,False,False,False,False,False,False,False
11.2,81.0,1011.5,230.0,9.0,LA RIOJA AERO,429.0,-28.633333333333333,-66.78333333333333,,0.25881904510252074,0.9659258262890683,False,False,False,False,False,False,False,False,False,False,False,True,False,False,False,False,False,False,False,False,False,False,False
10.4,79.0,1011.1,200.0,4.0,LA RIOJA AERO,429.0,-28.633333333333333,-66.78333333333333,,0.49999999999999994,0.8660254037844387,False,False,False,False,False,False,False,False,False,False,False,True,False,False,False,False,False,False,False,False,False,False,False
9.3,83.0,1010.9,270.0,9.0,LA RIOJA AERO,429.0,-28.633333333333333,-66.78333333333333,,0.7071067811865476,0.7071067811865476,False,False,False,False,False,False,False,False,False,False,False,True,False,False,False,False,False,False,False,False,False,False,False
8.8,81.0,1010.7,270.0,9.0,LA RIOJA AERO,429.0,-28.633333333333333,-66.78333333333333,,0.8660254037844386,0.5000000000000001,False,False,False,False,False,False,False,False,False,False,False,True,False,False,False,False,False,False,False,False,False,False,False
9.4,78.0,1010.8,290.0,7.0,LA RIOJA AERO,429.0,-28.633333333333333,-66.78333333333333,,0.9659258262890683,0.25881904510252074,False,False,False,False,False,False,False,False,False,False,False,True,False,False,False,False,False,False,False,False,False,False,False
8.2,83.0,1010.9,270.0,9.0,LA RIOJA AERO,429.0,-28.633333333333333,-66.78333333333333,,1.0,6.123233995736766e-17,False,False,False,False,False,False,False,False,False,False,False,True,False,False,False,False,False,False,False,False,False,False,False
7.8,85.0,1011.7,270.0,7.0,LA RIOJA AERO,429.0,-28.633333333333333,-66.78333333333333,,0.9659258262890683,-0.25881904510252063,False,False,False,False,False,False,False,False,False,False,False,True,False,False,False,False,False,False,False,False,False,False,False
9.2,76.0,1012.2,290.0,11.0,LA RIOJA AERO,429.0,-28.633333333333333,-66.78333333333333,,0.8660254037844387,-0.4999999999999998,False,False,False,False,False,False,False,False,False,False,False,True,False,False,False,False,False,False,False,False,False,False,False
9.8,75.0,1012.4,290.0,9.0,LA RIOJA AERO,429.0,-28.633333333333333,-66.78333333333333,,0.7071067811865476,-0.7071067811865475,False,False,False,False,False,False,False,False,False,False,False,True,False,False,False,False,False,False,False,False,False,False,False
14.4,61.0,1012.0,270.0,4.0,LA RIOJA AERO,429.0,-28.633333333333333,-66.78333333333333,,0.49999999999999994,-0.8660254037844387,False,False,False,False,False,False,False,False,False,False,False,True,False,False,False,False,False,False,False,False,False,False,False
18.4,64.0,1011.8,230.0,4.0,LA RIOJA AERO,429.0,-28.633333333333333,-66.78333333333333,,0.258819045102521,-0.9659258262890682,False,False,False,False,False,False,False,False,False,False,False,True,False,False,False,False,False,False,False,False,False,False,False
19.6,57.0,1011.4,270.0,4.0,LA RIOJA AERO,429.0,-28.633333333333333,-66.78333333333333,,1.2246467991473532e-16,-1.0,False,False,False,False,False,False,False,False,False,False,False,True,False,False,False,False,False,False,False,False,False,False,False
21.3,52.0,1010.0,230.0,6.0,LA RIOJA AERO,429.0,-28.633333333333333,-66.78333333333333,,-0.2588190451025208,-0.9659258262890683,False,False,False,False,False,False,False,False,False,False,False,True,False,False,False,False,False,False,False,False,False,False,False
23.4,47.0,1008.3,230.0,9.0,LA RIOJA AERO,429.0,-28.633333333333333,-66.78333333333333,,-0.4999999999999997,-0.8660254037844388,False,False,False,False,False,False,False,False,False,False,False,True,False,False,False,False,False,False,False,False,False,False,False
23.4,48.0,1006.8,140.0,9.0,LA RIOJA AERO,429.0,-28.633333333333333,-66.78333333333333,,-0.7071067811865471,-0.7071067811865479,False,False,False,False,False,False,False,False,False,False,False,True,False,False,False,False,False,False,False,False,False,False,False
24.5,45.0,1005.8,90.0,19.0,LA RIOJA AERO,429.0,-28.633333333333333,-66.78333333333333,,-0.8660254037844385,-0.5000000000000004,False,False,False,False,False,False,False,False,False,False,False,True,False,False,False,False,False,False,False,False,False,False,False
25.0,37.0,1005.5,90.0,7.0,LA RIOJA AERO,429.0,-28.633333333333333,-66.78333333333333,,-0.9659258262890683,-0.25881904510252063,False,False,False,False,False,False,False,False,False,False,False,True,False,False,False,False,False,False,False,False,False,False,False
24.9,38.0,1005.5,50.0,7.0,LA RIOJA AERO,429.0,-28.633333333333333,-66.78333333333333,,-1.0,-1.8369701987210297e-16,False,False,False,False,False,False,False,False,False,False,False,True,False,False,False,False,False,False,False,False,False,False,False
21.1,49.0,1006.0,320.0,7.0,LA RIOJA AERO,429.0,-28.633333333333333,-66.78333333333333,,-0.9659258262890684,0.2588190451025203,False,False,False,False,False,False,False,False,False,False,False,True,False,False,False,False,False,False,False,False,False,False,False
18.2,59.0,1006.8,270.0,9.0,LA RIOJA AERO,429.0,-28.633333333333333,-66.78333333333333,,-0.8660254037844386,0.5000000000000001,False,False,False,False,False,False,False,False,False,False,False,True,False,False,False,False,False,False,False,False,False,False,False
14.9,62.0,1008.4,270.0,11.0,LA RIOJA AERO,429.0,-28.633333333333333,-66.78333333333333,,-0.7071067811865477,0.7071067811865474,False,False,False,False,False,False,False,False,False,False,False,True,False,False,False,False,False,False,False,False,False,False,False
13.2,66.0,1009.6,250.0,9.0,LA RIOJA AERO,429.0,-28.633333333333333,-66.78333333333333,,-0.5000000000000004,0.8660254037844384,False,False,False,False,False,False,False,False,False,False,False,True,False,False,False,False,False,False,False,False,False,False,False
12.4,64.0,1011.0,250.0,19.0,LA RIOJA AERO,429.0,-28.633333333333333,-66.78333333333333,,-0.25881904510252157,0.9659258262890681,False,False,False,False,False,False,False,False,False,False,False,True,False,False,False,False,False,False,False,False,False,False,False
14.0,89.0,1012.7,50.0,9.0,LABOULAYE AERO,137.0,-33.88333333333333,-63.36666666666667,,1.0,6.123233995736766e-17,False,False,False,False,False,True,False,False,False,False,False,False,False,False,False,False,False,False,False,False,False,False,False
14.0,90.0,1012.8,50.0,9.0,LABOULAYE AERO,137.0,-33.88333333333333,-63.36666666666667,,0.9659258262890683,-0.25881904510252063,False,False,False,False,False,True,False,False,False,False,False,False,False,False,False,False,False,False,False,False,False,False,False
13.2,91.0,1013.1,50.0,4.0,LABOULAYE AERO,137.0,-33.88333333333333,-63.36666666666667,,0.8660254037844387,-0.4999999999999998,False,False,False,False,False,True,False,False,False,False,False,False,False,False,False,False,False,False,False,False,False,False,False
13.6,92.0,1013.5,360.0,4.0,LABOULAYE AERO,137.0,-33.88333333333333,-63.36666666666667,,0.7071067811865476,-0.7071067811865475,False,False,False,False,False,True,False,False,False,False,False,False,False,False,False,False,False,False,False,False,False,False,False
14.5,91.0,1013.4,360.0,4.0,LABOULAYE AERO,137.0,-33.88333333333333,-63.36666666666667,,0.49999999999999994,-0.8660254037844387,False,False,False,False,False,True,False,False,False,False,False,False,False,False,False,False,False,False,False,False,False,False,False
15.8,87.0,1013.2,0.0,0.0,LABOULAYE AERO,137.0,-33.88333333333333,-63.36666666666667,,0.258819045102521,-0.9659258262890682,False,False,False,False,False,True,False,False,False,False,False,False,False,False,False,False,False,False,False,False,False,False,False
17.6,83.0,1012.5,360.0,4.0,LABOULAYE AERO,137.0,-33.88333333333333,-63.36666666666667,,1.2246467991473532e-16,-1.0,False,False,False,False,False,True,False,False,False,False,False,False,False,False,False,False,False,False,False,False,False,False,False
19.7,74.0,1011.6,360.0,4.0,LABOULAYE AERO,137.0,-33.88333333333333,-63.36666666666667,,-0.2588190451025208,-0.9659258262890683,False,False,False,False,False,True,False,False,False,False,False,False,False,False,False,False,False,False,False,False,False,False,False
21.8,66.0,1010.3,320.0,4.0,LABOULAYE AERO,137.0,-33.88333333333333,-63.36666666666667,,-0.4999999999999997,-0.8660254037844388,False,False,False,False,False,True,False,False,False,False,False,False,False,False,False,False,False,False,False,False,False,False,False
23.2,60.0,1008.9,50.0,4.0,LABOULAYE AERO,137.0,-33.88333333333333,-63.36666666666667,,-0.7071067811865471,-0.7071067811865479,False,False,False,False,False,True,False,False,False,False,False,False,False,False,False,False,False,False,False,False,False,False,False
23.8,58.0,1008.5,90.0,9.0,LABOULAYE AERO,137.0,-33.88333333333333,-63.36666666666667,,-0.8660254037844385,-0.5000000000000004,False,False,False,False,False,True,False,False,False,False,False,False,False,False,False,False,False,False,False,False,False,False,False
22.9,59.0,1008.9,90.0,4.0,LABOULAYE AERO,137.0,-33.88333333333333,-63.36666666666667,,-0.9659258262890683,-0.25881904510252063,False,False,False,False,False,True,False,False,False,False,False,False,False,False,False,False,False,False,False,False,False,False,False
21.5,67.0,1009.8,0.0,0.0,LABOULAYE AERO,137.0,-33.88333333333333,-63.36666666666667,,-1.0,-1.8369701987210297e-16,False,False,False,False,False,True,False,False,False,False,False,False,False,False,False,False,False,False,False,False,False,False,False
19.3,73.0,1010.8,180.0,15.0,LABOULAYE AERO,137.0,-33.88333333333333,-63.36666666666667,,-0.9659258262890684,0.2588190451025203,False,False,False,False,False,True,False,False,False,False,False,False,False,False,False,False,False,False,False,False,False,False,False
17.5,80.0,1011.3,180.0,15.0,LABOULAYE AERO,137.0,-33.88333333333333,-63.36666666666667,,-0.8660254037844386,0.5000000000000001,False,False,False,False,False,True,False,False,False,False,False,False,False,False,False,False,False,False,False,False,False,False,False
16.4,86.0,1012.6,180.0,24.0,LABOULAYE AERO,137.0,-33.88333333333333,-63.36666666666667,,-0.7071067811865477,0.7071067811865474,False,False,False,False,False,True,False,False,False,False,False,False,False,False,False,False,False,False,False,False,False,False,False
10.9,100.0,1016.7,0.0,0.0,LAS FLORES,36.0,-35.96666666666667,-59.13333333333333,,1.0,6.123233995736766e-17,True,False,False,False,False,False,False,False,False,False,False,False,False,False,False,False,False,False,False,False,False,False,False
12.6,97.0,1015.8,50.0,7.0,LAS FLORES,36.0,-35.96666666666667,-59.13333333333333,,0.7071067811865476,-0.7071067811865475,True,False,False,False,False,False,False,False,False,False,False,False,False,False,False,False,False,False,False,False,False,False,False
13.9,93.0,1015.8,360.0,11.0,LAS FLORES,36.0,-35.96666666666667,-59.13333333333333,,1.2246467991473532e-16,-1.0,True,False,False,False,False,False,False,False,False,False,False,False,False,False,False,False,False,False,False,False,False,False,False
16.0,94.0,1012.8,50.0,4.0,LAS FLORES,36.0,-35.96666666666667,-59.13333333333333,,-0.7071067811865471,-0.7071067811865479,True,False,False,False,False,False,False,False,False,False,False,False,False,False,False,False,False,False,False,False,False,False,False
16.0,94.0,1011.7,90.0,7.0,LAS FLORES,36.0,-35.96666666666667,-59.13333333333333,,-1.0,-1.8369701987210297e-16,True,False,False,False,False,False,False,False,False,False,False,False,False,False,False,False,False,False,False,False,False,False,False
15.2,100.0,1011.1,90.0,4.0,LAS FLORES,36.0,-35.96666666666667,-59.13333333333333,,-0.7071067811865477,0.7071067811865474,True,False,False,False,False,False,False,False,False,False,False,False,False,False,False,False,False,False,False,False,False,False,False
19.0,74.0,1015.5,90.0,4.0,LAS LOMITAS,130.0,-23.3,-60.583333333333336,,1.0,6.123233995736766e-17,False,False,False,False,False,False,False,False,True,False,False,False,False,False,False,False,False,False,False,False,False,False,False
18.6,75.0,1015.9,90.0,4.0,LAS LOMITAS,130.0,-23.3,-60.583333333333336,,0.9659258262890683,-0.25881904510252063,False,False,False,False,False,False,False,False,True,False,False,False,False,False,False,False,False,False,False,False,False,False,False
18.0,77.0,1015.9,90.0,6.0,LAS LOMITAS,130.0,-23.3,-60.583333333333336,,0.8660254037844387,-0.4999999999999998,False,False,False,False,False,False,False,False,True,False,False,False,False,False,False,False,False,False,False,False,False,False,False
19.8,71.0,1016.6,90.0,6.0,LAS LOMITAS,130.0,-23.3,-60.583333333333336,,0.7071067811865476,-0.7071067811865475,False,False,False,False,False,False,False,False,True,False,False,False,False,False,False,False,False,False,False,False,False,False,False
22.8,59.0,1016.4,50.0,9.0,LAS LOMITAS,130.0,-23.3,-60.583333333333336,,0.49999999999999994,-0.8660254037844387,False,False,False,False,False,False,False,False,True,False,False,False,False,False,False,False,False,False,False,False,False,False,False
25.8,48.0,1015.4,50.0,11.0,LAS LOMITAS,130.0,-23.3,-60.583333333333336,,0.258819045102521,-0.9659258262890682,False,False,False,False,False,False,False,False,True,False,False,False,False,False,False,False,False,False,False,False,False,False,False
28.2,37.0,1014.4,50.0,15.0,LAS LOMITAS,130.0,-23.3,-60.583333333333336,,1.2246467991473532e-16,-1.0,False,False,False,False,False,False,False,False,True,False,False,False,False,False,False,False,False,False,False,False,False,False,False
29.8,35.0,1013.4,50.0,15.0,LAS LOMITAS,130.0,-23.3,-60.583333333333336,,-0.2588190451025208,-0.9659258262890683,False,False,False,False,False,False,False,False,True,False,False,False,False,False,False,False,False,False,False,False,False,False,False
31.2,32.0,1012.2,360.0,19.0,LAS LOMITAS,130.0,-23.3,-60.583333333333336,,-0.4999999999999997,-0.8660254037844388,False,False,False,False,False,False,False,False,True,False,False,False,False,False,False,False,False,False,False,False,False,False,False
31.5,33.0,1010.8,360.0,19.0,LAS LOMITAS,130.0,-23.3,-60.583333333333336,,-0.7071067811865471,-0.7071067811865479,False,False,False,False,False,False,False,False,True,False,False,False,False,False,False,False,False,False,False,False,False,False,False
31.2,33.0,1009.9,360.0,19.0,LAS LOMITAS,130.0,-23.3,-60.583333333333336,,-0.8660254037844385,-0.5000000000000004,False,False,False,False,False,False,False,False,True,False,False,False,False,False,False,False,False,False,False,False,False,False,False
30.8,32.0,1009.3,360.0,24.0,LAS LOMITAS,130.0,-23.3,-60.583333333333336,,-0.9659258262890683,-0.25881904510252063,False,False,False,False,False,False,False,False,True,False,False,False,False,False,False,False,False,False,False,False,False,False,False
29.0,39.0,1009.2,360.0,7.0,LAS LOMITAS,130.0,-23.3,-60.583333333333336,,-1.0,-1.8369701987210297e-16,False,False,False,False,False,False,False,False,True,False,False,False,False,False,False,False,False,False,False,False,False,False,False
26.2,49.0,1009.7,50.0,4.0,LAS LOMITAS,130.0,-23.3,-60.583333333333336,,-0.9659258262890684,0.2588190451025203,False,False,False,False,False,False,False,False,True,False,False,False,False,False,False,False,False,False,False,False,False,False,False
24.4,57.0,1010.2,50.0,4.0,LAS LOMITAS,130.0,-23.3,-60.583333333333336,,-0.8660254037844386,0.5000000000000001,False,False,False,False,False,False,False,False,True,False,False,False,False,False,False,False,False,False,False,False,False,False,False
23.4,56.0,1010.8,50.0,4.0,LAS LOMITAS,130.0,-23.3,-60.583333333333336,,-0.7071067811865477,0.7071067811865474,False,False,False,False,False,False,False,False,True,False,False,False,False,False,False,False,False,False,False,False,False,False,False
4.2,42.0,,200.0,9.0,MALARGUE AERO,1425.0,-34.53333333333333,-69.58333333333333,,0.0,1.0,False,False,False,False,False,False,False,False,False,False,False,False,True,False,False,False,False,False,False,False,False,False,False
3.5,50.0,,140.0,6.0,MALARGUE AERO,1425.0,-34.53333333333333,-69.58333333333333,,0.25881904510252074,0.9659258262890683,False,False,False,False,False,False,False,False,False,False,False,False,True,False,False,False,False,False,False,False,False,False,False
3.7,56.0,,180.0,7.0,MALARGUE AERO,1425.0,-34.53333333333333,-69.58333333333333,,0.49999999999999994,0.8660254037844387,False,False,False,False,False,False,False,False,False,False,False,False,True,False,False,False,False,False,False,False,False,False,False
4.0,72.0,,230.0,6.0,MALARGUE AERO,1425.0,-34.53333333333333,-69.58333333333333,,0.7071067811865476,0.7071067811865476,False,False,False,False,False,False,False,False,False,False,False,False,True,False,False,False,False,False,False,False,False,False,False
3.0,74.0,,250.0,7.0,MALARGUE AERO,1425.0,-34.53333333333333,-69.58333333333333,,0.8660254037844386,0.5000000000000001,False,False,False,False,False,False,False,False,False,False,False,False,True,False,False,False,False,False,False,False,False,False,False
1.1,73.0,,230.0,9.0,MALARGUE AERO,1425.0,-34.53333333333333,-69.58333333333333,,0.9659258262890683,0.25881904510252074,False,False,False,False,False,False,False,False,False,False,False,False,True,False,False,False,False,False,False,False,False,False,False
0.0,75.0,,230.0,6.0,MALARGUE AERO,1425.0,-34.53333333333333,-69.58333333333333,,1.0,6.123233995736766e-17,False,False,False,False,False,False,False,False,False,False,False,False,True,False,False,False,False,False,False,False,False,False,False
-0.8,80.0,,290.0,4.0,MALARGUE AERO,1425.0,-34.53333333333333,-69.58333333333333,,0.9659258262890683,-0.25881904510252063,False,False,False,False,False,False,False,False,False,False,False,False,True,False,False,False,False,False,False,False,False,False,False
-1.4,81.0,,270.0,4.0,MALARGUE AERO,1425.0,-34.53333333333333,-69.58333333333333,,0.8660254037844387,-0.4999999999999998,False,False,False,False,False,False,False,False,False,False,False,False,True,False,False,False,False,False,False,False,False,False,False
-1.5,79.0,,270.0,6.0,MALARGUE AERO,1425.0,-34.53333333333333,-69.58333333333333,,0.7071067811865476,-0.7071067811865475,False,False,False,False,False,False,False,False,False,False,False,False,True,False,False,False,False,False,False,False,False,False,False
2.6,64.0,,230.0,7.0,MALARGUE AERO,1425.0,-34.53333333333333,-69.58333333333333,,0.49999999999999994,-0.8660254037844387,False,False,False,False,False,False,False,False,False,False,False,False,True,False,False,False,False,False,False,False,False,False,False
7.8,51.0,,20.0,2.0,MALARGUE AERO,1425.0,-34.53333333333333,-69.58333333333333,,0.258819045102521,-0.9659258262890682,False,False,False,False,False,False,False,False,False,False,False,False,True,False,False,False,False,False,False,False,False,False,False
10.1,45.0,,140.0,4.0,MALARGUE AERO,1425.0,-34.53333333333333,-69.58333333333333,,1.2246467991473532e-16,-1.0,False,False,False,False,False,False,False,False,False,False,False,False,True,False,False,False,False,False,False,False,False,False,False
13.0,31.0,,360.0,7.0,MALARGUE AERO,1425.0,-34.53333333333333,-69.58333333333333,,-0.2588190451025208,-0.9659258262890683,False,False,False,False,False,False,False,False,False,False,False,False,True,False,False,False,False,False,False,False,False,False,False
15.1,25.0,,50.0,7.0,MALARGUE AERO,1425.0,-34.53333333333333,-69.58333333333333,,-0.4999999999999997,-0.8660254037844388,False,False,False,False,False,False,False,False,False,False,False,False,True,False,False,False,False,False,False,False,False,False,False
14.4,15.0,,270.0,26.0,MALARGUE AERO,1425.0,-34.53333333333333,-69.58333333333333,,-0.7071067811865471,-0.7071067811865479,False,False,False,False,False,False,False,False,False,False,False,False,True,False,False,False,False,False,False,False,False,False,False
13.0,10.0,,250.0,31.0,MALARGUE AERO,1425.0,-34.53333333333333,-69.58333333333333,,-0.8660254037844385,-0.5000000000000004,False,False,False,False,False,False,False,False,False,False,False,False,True,False,False,False,False,False,False,False,False,False,False
8.4,19.0,,250.0,35.0,MALARGUE AERO,1425.0,-34.53333333333333,-69.58333333333333,,-0.9659258262890683,-0.25881904510252063,False,False,False,False,False,False,False,False,False,False,False,False,True,False,False,False,False,False,False,False,False,False,False
7.6,23.0,,270.0,30.0,MALARGUE AERO,1425.0,-34.53333333333333,-69.58333333333333,,-1.0,-1.8369701987210297e-16,False,False,False,False,False,False,False,False,False,False,False,False,True,False,False,False,False,False,False,False,False,False,False
6.4,26.0,,250.0,26.0,MALARGUE AERO,1425.0,-34.53333333333333,-69.58333333333333,,-0.9659258262890684,0.2588190451025203,False,False,False,False,False,False,False,False,False,False,False,False,True,False,False,False,False,False,False,False,False,False,False
5.0,35.0,,250.0,22.0,MALARGUE AERO,1425.0,-34.53333333333333,-69.58333333333333,,-0.8660254037844386,0.5000000000000001,False,False,False,False,False,False,False,False,False,False,False,False,True,False,False,False,False,False,False,False,False,False,False
5.0,27.0,,230.0,22.0,MALARGUE AERO,1425.0,-34.53333333333333,-69.58333333333333,,-0.7071067811865477,0.7071067811865474,False,False,False,False,False,False,False,False,False,False,False,False,True,False,False,False,False,False,False,False,False,False,False
4.4,30.0,,230.0,19.0,MALARGUE AERO,1425.0,-34.53333333333333,-69.58333333333333,,-0.5000000000000004,0.8660254037844384,False,False,False,False,False,False,False,False,False,False,False,False,True,False,False,False,False,False,False,False,False,False,False
3.4,20.0,,200.0,9.0,MALARGUE AERO,1425.0,-34.53333333333333,-69.58333333333333,,-0.25881904510252157,0.9659258262890681,False,False,False,False,False,False,False,False,False,False,False,False,True,False,False,False,False,False,False,False,False,False,False
2.6,65.0,,0.0,0.0,MAQUINCHAO,888.0,-40.766666666666666,-68.7,,0.0,1.0,False,False,False,False,False,False,False,False,False,False,False,False,False,False,False,True,False,False,False,False,False,False,False
3.8,66.0,,270.0,15.0,MAQUINCHAO,888.0,-40.766666666666666,-68.7,,0.7071067811865476,0.7071067811865476,False,False,False,False,False,False,False,False,False,False,False,False,False,False,False,True,False,False,False,False,False,False,False
1.4,93.0,,270.0,9.0,MAQUINCHAO,888.0,-40.766666666666666,-68.7,,1.0,6.123233995736766e-17,False,False,False,False,False,False,False,False,False,False,False,False,False,False,False,True,False,False,False,False,False,False,False
0.4,92.0,,270.0,9.0,MAQUINCHAO,888.0,-40.766666666666666,-68.7,,0.9659258262890683,-0.25881904510252063,False,False,False,False,False,False,False,False,False,False,False,False,False,False,False,True,False,False,False,False,False,False,False
0.4,92.0,,270.0,9.0,MAQUINCHAO,888.0,-40.766666666666666,-68.7,,0.8660254037844387,-0.4999999999999998,False,False,False,False,False,False,False,False,False,False,False,False,False,False,False,True,False,False,False,False,False,False,False
0.0,85.0,,0.0,0.0,MAQUINCHAO,888.0,-40.766666666666666,-68.7,,0.7071067811865476,-0.7071067811865475,False,False,False,False,False,False,False,False,False,False,False,False,False,False,False,True,False,False,False,False,False,False,False
-0.4,88.0,,270.0,4.0,MAQUINCHAO,888.0,-40.766666666666666,-68.7,,0.49999999999999994,-0.8660254037844387,False,False,False,False,False,False,False,False,False,False,False,False,False,False,False,True,False,False,False,False,False,False,False
1.8,87.0,,270.0,9.0,MAQUINCHAO,888.0,-40.766666666666666,-68.7,,0.258819045102521,-0.9659258262890682,False,False,False,False,False,False,False,False,False,False,False,False,False,False,False,True,False,False,False,False,False,False,False
4.2,94.0,,270.0,9.0,MAQUINCHAO,888.0,-40.766666666666666,-68.7,,1.2246467991473532e-16,-1.0,False,False,False,False,False,False,False,False,False,False,False,False,False,False,False,True,False,False,False,False,False,False,False
4.6,86.0,,270.0,15.0,MAQUINCHAO,888.0,-40.766666666666666,-68.7,,-0.2588190451025208,-0.9659258262890683,False,False,False,False,False,False,False,False,False,False,False,False,False,False,False,True,False,False,False,False,False,False,False
5.8,72.0,,270.0,15.0,MAQUINCHAO,888.0,-40.766666666666666,-68.7,,-0.4999999999999997,-0.8660254037844388,False,False,False,False,False,False,False,False,False,False,False,False,False,False,False,True,False,False,False,False,False,False,False
5.8,72.0,,270.0,15.0,MAQUINCHAO,888.0,-40.766666666666666,-68.7,,-0.7071067811865471,-0.7071067811865479,False,False,False,False,False,False,False,False,False,False,False,False,False,False,False,True,False,False,False,False,False,False,False
6.7,66.0,,230.0,4.0,MAQUINCHAO,888.0,-40.766666666666666,-68.7,,-0.8660254037844385,-0.5000000000000004,False,False,False,False,False,False,False,False,False,False,False,False,False,False,False,True,False,False,False,False,False,False,False
6.9,66.0,,270.0,4.0,MAQUINCHAO,888.0,-40.766666666666666,-68.7,,-0.9659258262890683,-0.25881904510252063,False,False,False,False,False,False,False,False,False,False,False,False,False,False,False,True,False,False,False,False,False,False,False
6.0,65.0,,230.0,15.0,MAQUINCHAO,888.0,-40.766666666666666,-68.7,,-1.0,-1.8369701987210297e-16,False,False,False,False,False,False,False,False,False,False,False,False,False,False,False,True,False,False,False,False,False,False,False
3.8,63.0,,230.0,4.0,MAQUINCHAO,888.0,-40.766666666666666,-68.7,,-0.9659258262890684,0.2588190451025203,False,False,False,False,False,False,False,False,False,False,False,False,False,False,False,True,False,False,False,False,False,False,False
2.0,67.0,,230.0,4.0,MAQUINCHAO,888.0,-40.766666666666666,-68.7,,-0.8660254037844386,0.5000000000000001,False,False,False,False,False,False,False,False,False,False,False,False,False,False,False,True,False,False,False,False,False,False,False
-1.5,80.0,,230.0,4.0,MAQUINCHAO,888.0,-40.766666666666666,-68.7,,-0.7071067811865477,0.7071067811865474,False,False,False,False,False,False,False,False,False,False,False,False,False,False,False,True,False,False,False,False,False,False,False
9.2,99.0,1021.9,360.0,13.0,MAR DEL PLATA AER,,,,,0.0,1.0,False,False,False,False,False,False,False,False,False,False,False,False,False,False,False,False,False,False,False,False,False,False,False
9.7,99.0,1021.3,360.0,15.0,MAR DEL PLATA AER,,,,,0.25881904510252074,0.9659258262890683,False,False,False,False,False,False,False,False,False,False,False,False,False,False,False,False,False,False,False,False,False,False,False
9.8,99.0,1020.8,360.0,11.0,MAR DEL PLATA AER,,,,,0.49999999999999994,0.8660254037844387,False,False,False,False,False,False,False,False,False,False,False,False,False,False,False,False,False,False,False,False,False,False,False
9.9,99.0,1020.4,20.0,15.0,MAR DEL PLATA AER,,,,,0.7071067811865476,0.7071067811865476,False,False,False,False,False,False,False,False,False,False,False,False,False,False,False,False,False,False,False,False,False,False,False
10.0,99.0,1020.3,360.0,15.0,MAR DEL PLATA AER,,,,,0.8660254037844386,0.5000000000000001,False,False,False,False,False,False,False,False,False,False,False,False,False,False,False,False,False,False,False,False,False,False,False
10.1,99.0,1019.3,20.0,19.0,MAR DEL PLATA AER,,,,,0.9659258262890683,0.25881904510252074,False,False,False,False,False,False,False,False,False,False,False,False,False,False,False,False,False,False,False,False,False,False,False
10.2,100.0,1018.8,50.0,13.0,MAR DEL PLATA AER,,,,,1.0,6.123233995736766e-17,False,False,False,False,False,False,False,False,False,False,False,False,False,False,False,False,False,False,False,False,False,False,False
10.3,100.0,1018.9,50.0,13.0,MAR DEL PLATA AER,,,,,0.9659258262890683,-0.25881904510252063,False,False,False,False,False,False,False,False,False,False,False,False,False,False,False,False,False,False,False,False,False,False,False
10.4,100.0,1018.9,360.0,6.0,MAR DEL PLATA AER,,,,,0.8660254037844387,-0.4999999999999998,False,False,False,False,False,False,False,False,False,False,False,False,False,False,False,False,False,False,False,False,False,False,False
10.8,100.0,1018.1,50.0,13.0,MAR DEL PLATA AER,,,,,0.7071067811865476,-0.7071067811865475,False,False,False,False,False,False,False,False,False,False,False,False,False,False,False,False,False,False,False,False,False,False,False
11.0,100.0,1018.8,360.0,9.0,MAR DEL PLATA AER,,,,,0.49999999999999994,-0.8660254037844387,False,False,False,False,False,False,False,False,False,False,False,False,False,False,False,False,False,False,False,False,False,False,False
11.3,100.0,1017.7,20.0,9.0,MAR DEL PLATA AER,,,,,0.258819045102521,-0.9659258262890682,False,False,False,False,False,False,False,False,False,False,False,False,False,False,False,False,False,False,False,False,False,False,False
11.7,100.0,1017.2,360.0,11.0,MAR DEL PLATA AER,,,,,1.2246467991473532e-16,-1.0,False,False,False,False,False,False,False,False,False,False,False,False,False,False,False,False,False,False,False,False,False,False,False
12.2,100.0,1016.5,360.0,11.0,MAR DEL PLATA AER,,,,,-0.2588190451025208,-0.9659258262890683,False,False,False,False,False,False,False,False,False,False,False,False,False,False,False,False,False,False,False,False,False,False,False
12.4,100.0,1015.9,320.0,17.0,MAR DEL PLATA AER,,,,,-0.4999999999999997,-0.8660254037844388,False,False,False,False,False,False,False,False,False,False,False,False,False,False,False,False,False,False,False,False,False,False,False
12.7,100.0,1014.5,360.0,15.0,MAR DEL PLATA AER,,,,,-0.7071067811865471,-0.7071067811865479,False,False,False,False,False,False,False,False,False,False,False,False,False,False,False,False,False,False,False,False,False,False,False
12.7,99.0,1013.3,50.0,13.0,MAR DEL PLATA AER,,,,,-0.8660254037844385,-0.5000000000000004,False,False,False,False,False,False,False,False,False,False,False,False,False,False,False,False,False,False,False,False,False,False,False
13.0,100.0,1013.3,20.0,11.0,MAR DEL PLATA AER,,,,,-0.9659258262890683,-0.25881904510252063,False,False,False,False,False,False,False,False,False,False,False,False,False,False,False,False,False,False,False,False,False,False,False
13.1,100.0,1013.3,50.0,13.0,MAR DEL PLATA AER,,,,,-1.0,-1.8369701987210297e-16,False,False,False,False,False,False,False,False,False,False,False,False,False,False,False,False,False,False,False,False,False,False,False
13.0,100.0,1014.6,270.0,6.0,MAR DEL PLATA AER,,,,,-0.9659258262890684,0.2588190451025203,False,False,False,False,False,False,False,False,False,False,False,False,False,False,False,False,False,False,False,False,False,False,False
12.8,99.0,1013.1,70.0,17.0,MAR DEL PLATA AER,,,,,-0.8660254037844386,0.5000000000000001,False,False,False,False,False,False,False,False,False,False,False,False,False,False,False,False,False,False,False,False,False,False,False
12.9,100.0,1014.8,270.0,15.0,MAR DEL PLATA AER,,,,,-0.7071067811865477,0.7071067811865474,False,False,False,False,False,False,False,False,False,False,False,False,False,False,False,False,False,False,False,False,False,False,False
12.8,100.0,1014.9,270.0,7.0,MAR DEL PLATA AER,,,,,-0.5000000000000004,0.8660254037844384,False,False,False,False,False,False,False,False,False,False,False,False,False,False,False,False,False,False,False,False,False,False,False
12.7,100.0,1013.7,140.0,15.0,MAR DEL PLATA AER,,,,,-0.25881904510252157,0.9659258262890681,False,False,False,False,False,False,False,False,False,False,False,False,False,False,False,False,False,False,False,False,False,False,False
14.0,96.0,1013.9,50.0,15.0,MARCOS JUAREZ AER,,,,,1.0,6.123233995736766e-17,False,False,False,False,False,False,False,False,False,False,False,False,False,False,False,False,False,False,False,False,False,False,False
13.7,97.0,1014.1,50.0,13.0,MARCOS JUAREZ AER,,,,,0.9659258262890683,-0.25881904510252063,False,False,False,False,False,False,False,False,False,False,False,False,False,False,False,False,False,False,False,False,False,False,False
13.2,97.0,1014.1,50.0,11.0,MARCOS JUAREZ AER,,,,,0.8660254037844387,-0.4999999999999998,False,False,False,False,False,False,False,False,False,False,False,False,False,False,False,False,False,False,False,False,False,False,False
14.7,96.0,1014.2,50.0,15.0,MARCOS JUAREZ AER,,,,,0.7071067811865476,-0.7071067811865475,False,False,False,False,False,False,False,False,False,False,False,False,False,False,False,False,False,False,False,False,False,False,False
17.3,87.0,1013.9,20.0,19.0,MARCOS JUAREZ AER,,,,,0.49999999999999994,-0.8660254037844387,False,False,False,False,False,False,False,False,False,False,False,False,False,False,False,False,False,False,False,False,False,False,False
19.5,77.0,1013.8,360.0,17.0,MARCOS JUAREZ AER,,,,,0.258819045102521,-0.9659258262890682,False,False,False,False,False,False,False,False,False,False,False,False,False,False,False,False,False,False,False,False,False,False,False
21.3,71.0,1013.6,360.0,17.0,MARCOS JUAREZ AER,,,,,1.2246467991473532e-16,-1.0,False,False,False,False,False,False,False,False,False,False,False,False,False,False,False,False,False,False,False,False,False,False,False
22.0,68.0,1012.7,360.0,13.0,MARCOS JUAREZ AER,,,,,-0.2588190451025208,-0.9659258262890683,False,False,False,False,False,False,False,False,False,False,False,False,False,False,False,False,False,False,False,False,False,False,False
24.2,60.0,1010.9,360.0,20.0,MARCOS JUAREZ AER,,,,,-0.4999999999999997,-0.8660254037844388,False,False,False,False,False,False,False,False,False,False,False,False,False,False,False,False,False,False,False,False,False,False,False
25.4,55.0,1009.5,20.0,26.0,MARCOS JUAREZ AER,,,,,-0.7071067811865471,-0.7071067811865479,False,False,False,False,False,False,False,False,False,False,False,False,False,False,False,False,False,False,False,False,False,False,False
26.4,51.0,1008.2,20.0,35.0,MARCOS JUAREZ AER,,,,,-0.8660254037844385,-0.5000000000000004,False,False,False,False,False,False,False,False,False,False,False,False,False,False,False,False,False,False,False,False,False,False,False
23.0,60.0,1008.2,50.0,24.0,MARCOS JUAREZ AER,,,,,-0.9659258262890683,-0.25881904510252063,False,False,False,False,False,False,False,False,False,False,False,False,False,False,False,False,False,False,False,False,False,False,False
20.7,73.0,1008.7,50.0,19.0,MARCOS JUAREZ AER,,,,,-1.0,-1.8369701987210297e-16,False,False,False,False,False,False,False,False,False,False,False,False,False,False,False,False,False,False,False,False,False,False,False
19.7,77.0,1009.4,50.0,15.0,MARCOS JUAREZ AER,,,,,-0.9659258262890684,0.2588190451025203,False,False,False,False,False,False,False,False,False,False,False,False,False,False,False,False,False,False,False,False,False,False,False
17.4,86.0,1010.0,50.0,13.0,MARCOS JUAREZ AER,,,,,-0.8660254037844386,0.5000000000000001,False,False,False,False,False,False,False,False,False,False,False,False,False,False,False,False,False,False,False,False,False,False,False
17.6,86.0,1010.0,50.0,13.0,MARCOS JUAREZ AER,,,,,-0.7071067811865477,0.7071067811865474,False,False,False,False,False,False,False,False,False,False,False,False,False,False,False,False,False,False,False,False,False,False,False
13.2,91.0,1016.9,50.0,9.0,MARIANO MORENO AE,,,,,0.8660254037844387,-0.4999999999999998,False,False,False,False,False,False,False,False,False,False,False,False,False,False,False,False,False,False,False,False,False,False,False
13.8,91.0,1016.9,50.0,9.0,MARIANO MORENO AE,,,,,0.7071067811865476,-0.7071067811865475,False,False,False,False,False,False,False,False,False,False,False,False,False,False,False,False,False,False,False,False,False,False,False
15.4,83.0,1016.8,20.0,7.0,MARIANO MORENO AE,,,,,0.49999999999999994,-0.8660254037844387,False,False,False,False,False,False,False,False,False,False,False,False,False,False,False,False,False,False,False,False,False,False,False
17.2,74.0,1016.6,360.0,9.0,MARIANO MORENO AE,,,,,0.258819045102521,-0.9659258262890682,False,False,False,False,False,False,False,False,False,False,False,False,False,False,False,False,False,False,False,False,False,False,False
19.2,71.0,1016.3,360.0,11.0,MARIANO MORENO AE,,,,,1.2246467991473532e-16,-1.0,False,False,False,False,False,False,False,False,False,False,False,False,False,False,False,False,False,False,False,False,False,False,False
20.1,70.0,1015.1,360.0,11.0,MARIANO MORENO AE,,,,,-0.2588190451025208,-0.9659258262890683,False,False,False,False,False,False,False,False,False,False,False,False,False,False,False,False,False,False,False,False,False,False,False
21.3,64.0,1013.9,340.0,9.0,MARIANO MORENO AE,,,,,-0.4999999999999997,-0.8660254037844388,False,False,False,False,False,False,False,False,False,False,False,False,False,False,False,False,False,False,False,False,False,False,False
22.5,68.0,1012.7,360.0,9.0,MARIANO MORENO AE,,,,,-0.7071067811865471,-0.7071067811865479,False,False,False,False,False,False,False,False,False,False,False,False,False,False,False,False,False,False,False,False,False,False,False
22.7,67.0,1012.3,360.0,7.0,MARIANO MORENO AE,,,,,-0.8660254037844385,-0.5000000000000004,False,False,False,False,False,False,False,False,False,False,False,False,False,False,False,False,False,False,False,False,False,False,False
21.6,63.0,1011.9,30.0,6.0,MARIANO MORENO AE,,,,,-0.9659258262890683,-0.25881904510252063,False,False,False,False,False,False,False,False,False,False,False,False,False,False,False,False,False,False,False,False,False,False,False
20.7,63.0,1011.6,50.0,9.0,MARIANO MORENO AE,,,,,-1.0,-1.8369701987210297e-16,False,False,False,False,False,False,False,False,False,False,False,False,False,False,False,False,False,False,False,False,False,False,False
19.3,79.0,1012.0,50.0,4.0,MARIANO MORENO AE,,,,,-0.9659258262890684,0.2588190451025203,False,False,False,False,False,False,False,False,False,False,False,False,False,False,False,False,False,False,False,False,False,False,False
18.3,78.0,1011.9,50.0,7.0,MARIANO MORENO AE,,,,,-0.8660254037844386,0.5000000000000001,False,False,False,False,False,False,False,False,False,False,False,False,False,False,False,False,False,False,False,False,False,False,False
18.3,78.0,1011.5,50.0,7.0,MARIANO MORENO AE,,,,,-0.7071067811865477,0.7071067811865474,False,False,False,False,False,False,False,False,False,False,False,False,False,False,False,False,False,False,False,False,False,False,False
9.4,78.0,1014.5,230.0,7.0,MENDOZA AERO,704.0,-31.166666666666668,-68.78333333333333,,0.0,1.0,False,False,False,False,False,False,False,False,False,False,False,False,True,False,False,False,False,False,False,False,False,False,False
7.6,78.0,1015.1,140.0,7.0,MENDOZA AERO,704.0,-31.166666666666668,-68.78333333333333,,0.25881904510252074,0.9659258262890683,False,False,False,False,False,False,False,False,False,False,False,False,True,False,False,False,False,False,False,False,False,False,False
6.6,83.0,1014.1,230.0,7.0,MENDOZA AERO,704.0,-31.166666666666668,-68.78333333333333,,0.49999999999999994,0.8660254037844387,False,False,False,False,False,False,False,False,False,False,False,False,True,False,False,False,False,False,False,False,False,False,False
6.8,83.0,1013.8,270.0,6.0,MENDOZA AERO,704.0,-31.166666666666668,-68.78333333333333,,0.7071067811865476,0.7071067811865476,False,False,False,False,False,False,False,False,False,False,False,False,True,False,False,False,False,False,False,False,False,False,False
7.2,83.0,1013.4,230.0,6.0,MENDOZA AERO,704.0,-31.166666666666668,-68.78333333333333,,0.8660254037844386,0.5000000000000001,False,False,False,False,False,False,False,False,False,False,False,False,True,False,False,False,False,False,False,False,False,False,False
7.6,78.0,1012.9,180.0,6.0,MENDOZA AERO,704.0,-31.166666666666668,-68.78333333333333,,0.9659258262890683,0.25881904510252074,False,False,False,False,False,False,False,False,False,False,False,False,True,False,False,False,False,False,False,False,False,False,False
6.4,88.0,1013.0,180.0,6.0,MENDOZA AERO,704.0,-31.166666666666668,-68.78333333333333,,1.0,6.123233995736766e-17,False,False,False,False,False,False,False,False,False,False,False,False,True,False,False,False,False,False,False,False,False,False,False
6.0,80.0,1012.6,270.0,6.0,MENDOZA AERO,704.0,-31.166666666666668,-68.78333333333333,,0.9659258262890683,-0.25881904510252063,False,False,False,False,False,False,False,False,False,False,False,False,True,False,False,False,False,False,False,False,False,False,False
5.8,71.0,1013.4,230.0,6.0,MENDOZA AERO,704.0,-31.166666666666668,-68.78333333333333,,0.8660254037844387,-0.4999999999999998,False,False,False,False,False,False,False,False,False,False,False,False,True,False,False,False,False,False,False,False,False,False,False
5.9,74.0,1013.4,990.0,6.0,MENDOZA AERO,704.0,-31.166666666666668,-68.78333333333333,,0.7071067811865476,-0.7071067811865475,False,False,False,False,False,False,False,False,False,False,False,False,True,False,False,False,False,False,False,False,False,False,False
8.4,66.0,1013.1,200.0,6.0,MENDOZA AERO,704.0,-31.166666666666668,-68.78333333333333,,0.49999999999999994,-0.8660254037844387,False,False,False,False,False,False,False,False,False,False,False,False,True,False,False,False,False,False,False,False,False,False,False
13.4,54.0,1012.6,130.0,7.0,MENDOZA AERO,704.0,-31.166666666666668,-68.78333333333333,,0.258819045102521,-0.9659258262890682,False,False,False,False,False,False,False,False,False,False,False,False,True,False,False,False,False,False,False,False,False,False,False
15.5,49.0,1011.7,80.0,9.0,MENDOZA AERO,704.0,-31.166666666666668,-68.78333333333333,,1.2246467991473532e-16,-1.0,False,False,False,False,False,False,False,False,False,False,False,False,True,False,False,False,False,False,False,False,False,False,False
17.2,44.0,1010.8,990.0,9.0,MENDOZA AERO,704.0,-31.166666666666668,-68.78333333333333,,-0.2588190451025208,-0.9659258262890683,False,False,False,False,False,False,False,False,False,False,False,False,True,False,False,False,False,False,False,False,False,False,False
18.1,43.0,1010.0,180.0,15.0,MENDOZA AERO,704.0,-31.166666666666668,-68.78333333333333,,-0.4999999999999997,-0.8660254037844388,False,False,False,False,False,False,False,False,False,False,False,False,True,False,False,False,False,False,False,False,False,False,False
18.8,44.0,1009.8,130.0,15.0,MENDOZA AERO,704.0,-31.166666666666668,-68.78333333333333,,-0.7071067811865471,-0.7071067811865479,False,False,False,False,False,False,False,False,False,False,False,False,True,False,False,False,False,False,False,False,False,False,False
19.4,49.0,1009.7,130.0,22.0,MENDOZA AERO,704.0,-31.166666666666668,-68.78333333333333,,-0.8660254037844385,-0.5000000000000004,False,False,False,False,False,False,False,False,False,False,False,False,True,False,False,False,False,False,False,False,False,False,False
18.5,55.0,1010.8,110.0,20.0,MENDOZA AERO,704.0,-31.166666666666668,-68.78333333333333,,-0.9659258262890683,-0.25881904510252063,False,False,False,False,False,False,False,False,False,False,False,False,True,False,False,False,False,False,False,False,False,False,False
17.6,51.0,1012.9,120.0,20.0,MENDOZA AERO,704.0,-31.166666666666668,-68.78333333333333,,-1.0,-1.8369701987210297e-16,False,False,False,False,False,False,False,False,False,False,False,False,True,False,False,False,False,False,False,False,False,False,False
16.6,52.0,1014.7,140.0,24.0,MENDOZA AERO,704.0,-31.166666666666668,-68.78333333333333,,-0.9659258262890684,0.2588190451025203,False,False,False,False,False,False,False,False,False,False,False,False,True,False,False,False,False,False,False,False,False,False,False
15.8,58.0,1016.9,160.0,28.0,MENDOZA AERO,704.0,-31.166666666666668,-68.78333333333333,,-0.8660254037844386,0.5000000000000001,False,False,False,False,False,False,False,False,False,False,False,False,True,False,False,False,False,False,False,False,False,False,False
13.8,50.0,1020.2,140.0,37.0,MENDOZA AERO,704.0,-31.166666666666668,-68.78333333333333,,-0.7071067811865477,0.7071067811865474,False,False,False,False,False,False,False,False,False,False,False,False,True,False,False,False,False,False,False,False,False,False,False
11.2,74.0,1023.1,180.0,33.0,MENDOZA AERO,704.0,-31.166666666666668,-68.78333333333333,,-0.5000000000000004,0.8660254037844384,False,False,False,False,False,False,False,False,False,False,False,False,True,False,False,False,False,False,False,False,False,False,False
10.0,45.0,1023.7,180.0,20.0,MENDOZA AERO,704.0,-31.166666666666668,-68.78333333333333,,-0.25881904510252157,0.9659258262890681,False,False,False,False,False,False,False,False,False,False,False,False,True,False,False,False,False,False,False,False,False,False,False
8.2,72.0,,50.0,4.0,MENDOZA OBSERVATO,,,,,0.0,1.0,False,False,False,False,False,False,False,False,False,False,False,False,False,False,False,False,False,False,False,False,False,False,False
8.0,66.0,,0.0,0.0,MENDOZA OBSERVATO,,,,,0.7071067811865476,0.7071067811865476,False,False,False,False,False,False,False,False,False,False,False,False,False,False,False,False,False,False,False,False,False,False,False
7.3,72.0,,270.0,4.0,MENDOZA OBSERVATO,,,,,1.0,6.123233995736766e-17,False,False,False,False,False,False,False,False,False,False,False,False,False,False,False,False,False,False,False,False,False,False,False
7.2,72.0,,0.0,0.0,MENDOZA OBSERVATO,,,,,0.9659258262890683,-0.25881904510252063,False,False,False,False,False,False,False,False,False,False,False,False,False,False,False,False,False,False,False,False,False,False,False
6.9,72.0,,320.0,2.0,MENDOZA OBSERVATO,,,,,0.8660254037844387,-0.4999999999999998,False,False,False,False,False,False,False,False,False,False,False,False,False,False,False,False,False,False,False,False,False,False,False
6.2,75.0,,0.0,0.0,MENDOZA OBSERVATO,,,,,0.7071067811865476,-0.7071067811865475,False,False,False,False,False,False,False,False,False,False,False,False,False,False,False,False,False,False,False,False,False,False,False
10.8,64.0,,0.0,0.0,MENDOZA OBSERVATO,,,,,0.49999999999999994,-0.8660254037844387,False,False,False,False,False,False,False,False,False,False,False,False,False,False,False,False,False,False,False,False,False,False,False
14.7,54.0,,0.0,0.0,MENDOZA OBSERVATO,,,,,0.258819045102521,-0.9659258262890682,False,False,False,False,False,False,False,False,False,False,False,False,False,False,False,False,False,False,False,False,False,False,False
15.9,52.0,,0.0,0.0,MENDOZA OBSERVATO,,,,,1.2246467991473532e-16,-1.0,False,False,False,False,False,False,False,False,False,False,False,False,False,False,False,False,False,False,False,False,False,False,False
17.3,46.0,,0.0,0.0,MENDOZA OBSERVATO,,,,,-0.2588190451025208,-0.9659258262890683,False,False,False,False,False,False,False,False,False,False,False,False,False,False,False,False,False,False,False,False,False,False,False
18.6,47.0,,140.0,7.0,MENDOZA OBSERVATO,,,,,-0.4999999999999997,-0.8660254037844388,False,False,False,False,False,False,False,False,False,False,False,False,False,False,False,False,False,False,False,False,False,False,False
19.7,49.0,,140.0,7.0,MENDOZA OBSERVATO,,,,,-0.7071067811865471,-0.7071067811865479,False,False,False,False,False,False,False,False,False,False,False,False,False,False,False,False,False,False,False,False,False,False,False
19.9,52.0,,140.0,11.0,MENDOZA OBSERVATO,,,,,-0.8660254037844385,-0.5000000000000004,False,False,False,False,False,False,False,False,False,False,False,False,False,False,False,False,False,False,False,False,False,False,False
17.8,61.0,,140.0,11.0,MENDOZA OBSERVATO,,,,,-0.9659258262890683,-0.25881904510252063,False,False,False,False,False,False,False,False,False,False,False,False,False,False,False,False,False,False,False,False,False,False,False
16.7,60.0,,140.0,11.0,MENDOZA OBSERVATO,,,,,-1.0,-1.8369701987210297e-16,False,False,False,False,False,False,False,False,False,False,False,False,False,False,False,False,False,False,False,False,False,False,False
15.6,60.0,,140.0,9.0,MENDOZA OBSERVATO,,,,,-0.9659258262890684,0.2588190451025203,False,False,False,False,False,False,False,False,False,False,False,False,False,False,False,False,False,False,False,False,False,False,False
15.2,61.0,,140.0,15.0,MENDOZA OBSERVATO,,,,,-0.8660254037844386,0.5000000000000001,False,False,False,False,False,False,False,False,False,False,False,False,False,False,False,False,False,False,False,False,False,False,False
12.2,65.0,,170.0,15.0,MENDOZA OBSERVATO,,,,,-0.7071067811865477,0.7071067811865474,False,False,False,False,False,False,False,False,False,False,False,False,False,False,False,False,False,False,False,False,False,False,False
9.4,64.0,,210.0,17.0,MENDOZA OBSERVATO,,,,,-0.5000000000000004,0.8660254037844384,False,False,False,False,False,False,False,False,False,False,False,False,False,False,False,False,False,False,False,False,False,False,False
8.4,74.0,,160.0,9.0,MENDOZA OBSERVATO,,,,,-0.25881904510252157,0.9659258262890681,False,False,False,False,False,False,False,False,False,False,False,False,False,False,False,False,False,False,False,False,False,False,False
13.8,93.0,1017.2,20.0,13.0,MERCEDES AERO (CT,,,,,1.0,6.123233995736766e-17,False,False,False,False,False,False,False,False,False,False,False,False,False,False,False,False,False,False,False,False,False,False,False
13.4,92.0,1017.4,20.0,13.0,MERCEDES AERO (CT,,,,,0.9659258262890683,-0.25881904510252063,False,False,False,False,False,False,False,False,False,False,False,False,False,False,False,False,False,False,False,False,False,False,False
13.0,93.0,1017.8,20.0,11.0,MERCEDES AERO (CT,,,,,0.8660254037844387,-0.4999999999999998,False,False,False,False,False,False,False,False,False,False,False,False,False,False,False,False,False,False,False,False,False,False,False
14.2,89.0,1018.0,30.0,15.0,MERCEDES AERO (CT,,,,,0.7071067811865476,-0.7071067811865475,False,False,False,False,False,False,False,False,False,False,False,False,False,False,False,False,False,False,False,False,False,False,False
17.2,80.0,1018.1,20.0,15.0,MERCEDES AERO (CT,,,,,0.49999999999999994,-0.8660254037844387,False,False,False,False,False,False,False,False,False,False,False,False,False,False,False,False,False,False,False,False,False,False,False
20.6,66.0,1017.7,10.0,22.0,MERCEDES AERO (CT,,,,,0.258819045102521,-0.9659258262890682,False,False,False,False,False,False,False,False,False,False,False,False,False,False,False,False,False,False,False,False,False,False,False
23.5,54.0,1017.1,50.0,20.0,MERCEDES AERO (CT,,,,,1.2246467991473532e-16,-1.0,False,False,False,False,False,False,False,False,False,False,False,False,False,False,False,False,False,False,False,False,False,False,False
24.6,53.0,1015.8,20.0,22.0,MERCEDES AERO (CT,,,,,-0.2588190451025208,-0.9659258262890683,False,False,False,False,False,False,False,False,False,False,False,False,False,False,False,False,False,False,False,False,False,False,False
26.4,47.0,1014.9,340.0,19.0,MERCEDES AERO (CT,,,,,-0.4999999999999997,-0.8660254037844388,False,False,False,False,False,False,False,False,False,False,False,False,False,False,False,False,False,False,False,False,False,False,False
27.4,43.0,1013.8,360.0,17.0,MERCEDES AERO (CT,,,,,-0.7071067811865471,-0.7071067811865479,False,False,False,False,False,False,False,False,False,False,False,False,False,False,False,False,False,False,False,False,False,False,False
27.8,39.0,1013.0,360.0,15.0,MERCEDES AERO (CT,,,,,-0.8660254037844385,-0.5000000000000004,False,False,False,False,False,False,False,False,False,False,False,False,False,False,False,False,False,False,False,False,False,False,False
27.2,42.0,1012.8,360.0,17.0,MERCEDES AERO (CT,,,,,-0.9659258262890683,-0.25881904510252063,False,False,False,False,False,False,False,False,False,False,False,False,False,False,False,False,False,False,False,False,False,False,False
24.8,57.0,1012.6,20.0,11.0,MERCEDES AERO (CT,,,,,-1.0,-1.8369701987210297e-16,False,False,False,False,False,False,False,False,False,False,False,False,False,False,False,False,False,False,False,False,False,False,False
22.0,66.0,1012.7,20.0,9.0,MERCEDES AERO (CT,,,,,-0.9659258262890684,0.2588190451025203,False,False,False,False,False,False,False,False,False,False,False,False,False,False,False,False,False,False,False,False,False,False,False
20.6,73.0,1013.2,20.0,11.0,MERCEDES AERO (CT,,,,,-0.8660254037844386,0.5000000000000001,False,False,False,False,False,False,False,False,False,False,False,False,False,False,False,False,False,False,False,False,False,False,False
19.6,80.0,1013.4,20.0,13.0,MERCEDES AERO (CT,,,,,-0.7071067811865477,0.7071067811865474,False,False,False,False,False,False,False,False,False,False,False,False,False,False,False,False,False,False,False,False,False,False,False
14.0,83.0,1020.3,90.0,4.0,MERLO AERO,24.0,-33.31666666666667,-58.733333333333334,,0.0,1.0,True,False,False,False,False,False,False,False,False,False,False,False,False,False,False,False,False,False,False,False,False,False,False
14.2,81.0,1018.8,50.0,4.0,MERLO AERO,24.0,-33.31666666666667,-58.733333333333334,,0.7071067811865476,0.7071067811865476,True,False,False,False,False,False,False,False,False,False,False,False,False,False,False,False,False,False,False,False,False,False,False
13.8,86.0,1017.6,50.0,4.0,MERLO AERO,24.0,-33.31666666666667,-58.733333333333334,,1.0,6.123233995736766e-17,True,False,False,False,False,False,False,False,False,False,False,False,False,False,False,False,False,False,False,False,False,False,False
13.5,88.0,1017.2,50.0,4.0,MERLO AERO,24.0,-33.31666666666667,-58.733333333333334,,0.9659258262890683,-0.25881904510252063,True,False,False,False,False,False,False,False,False,False,False,False,False,False,False,False,False,False,False,False,False,False,False
13.5,88.0,1017.2,50.0,4.0,MERLO AERO,24.0,-33.31666666666667,-58.733333333333334,,0.8660254037844387,-0.4999999999999998,True,False,False,False,False,False,False,False,False,False,False,False,False,False,False,False,False,False,False,False,False,False,False
14.0,89.0,1017.4,50.0,9.0,MERLO AERO,24.0,-33.31666666666667,-58.733333333333334,,0.7071067811865476,-0.7071067811865475,True,False,False,False,False,False,False,False,False,False,False,False,False,False,False,False,False,False,False,False,False,False,False
15.8,81.0,1017.5,360.0,11.0,MERLO AERO,24.0,-33.31666666666667,-58.733333333333334,,0.49999999999999994,-0.8660254037844387,True,False,False,False,False,False,False,False,False,False,False,False,False,False,False,False,False,False,False,False,False,False,False
16.2,84.0,1017.3,360.0,9.0,MERLO AERO,24.0,-33.31666666666667,-58.733333333333334,,0.258819045102521,-0.9659258262890682,True,False,False,False,False,False,False,False,False,False,False,False,False,False,False,False,False,False,False,False,False,False,False
19.6,69.0,1018.1,320.0,4.0,MERLO AERO,24.0,-33.31666666666667,-58.733333333333334,,1.2246467991473532e-16,-1.0,True,False,False,False,False,False,False,False,False,False,False,False,False,False,False,False,False,False,False,False,False,False,False
20.0,68.0,1017.1,360.0,9.0,MERLO AERO,24.0,-33.31666666666667,-58.733333333333334,,-0.2588190451025208,-0.9659258262890683,True,False,False,False,False,False,False,False,False,False,False,False,False,False,False,False,False,False,False,False,False,False,False
21.8,63.0,1014.4,50.0,13.0,MERLO AERO,24.0,-33.31666666666667,-58.733333333333334,,-0.4999999999999997,-0.8660254037844388,True,False,False,False,False,False,False,False,False,False,False,False,False,False,False,False,False,False,False,False,False,False,False
22.4,60.0,1013.6,360.0,13.0,MERLO AERO,24.0,-33.31666666666667,-58.733333333333334,,-0.7071067811865471,-0.7071067811865479,True,False,False,False,False,False,False,False,False,False,False,False,False,False,False,False,False,False,False,False,False,False,False
22.5,60.0,1013.4,360.0,9.0,MERLO AERO,24.0,-33.31666666666667,-58.733333333333334,,-0.8660254037844385,-0.5000000000000004,True,False,False,False,False,False,False,False,False,False,False,False,False,False,False,False,False,False,False,False,False,False,False
21.8,63.0,1012.8,360.0,9.0,MERLO AERO,24.0,-33.31666666666667,-58.733333333333334,,-0.9659258262890683,-0.25881904510252063,True,False,False,False,False,False,False,False,False,False,False,False,False,False,False,False,False,False,False,False,False,False,False
20.0,73.0,1012.8,360.0,13.0,MERLO AERO,24.0,-33.31666666666667,-58.733333333333334,,-1.0,-1.8369701987210297e-16,True,False,False,False,False,False,False,False,False,False,False,False,False,False,False,False,False,False,False,False,False,False,False
18.7,76.0,1012.7,0.0,0.0,MERLO AERO,24.0,-33.31666666666667,-58.733333333333334,,-0.9659258262890684,0.2588190451025203,True,False,False,False,False,False,False,False,False,False,False,False,False,False,False,False,False,False,False,False,False,False,False
18.4,75.0,1012.5,360.0,9.0,MERLO AERO,24.0,-33.31666666666667,-58.733333333333334,,-0.8660254037844386,0.5000000000000001,True,False,False,False,False,False,False,False,False,False,False,False,False,False,False,False,False,False,False,False,False,False,False
18.2,75.0,1012.2,360.0,15.0,MERLO AERO,24.0,-33.31666666666667,-58.733333333333334,,-0.7071067811865477,0.7071067811865474,True,False,False,False,False,False,False,False,False,False,False,False,False,False,False,False,False,False,False,False,False,False,False
11.6,92.0,,0.0,0.0,METAN,855.0,-24.483333333333334,-64.96666666666667,,0.7071067811865476,-0.7071067811865475,False,False,False,False,False,False,False,False,False,False,False,False,False,False,False,False,True,False,False,False,False,False,False
26.2,50.0,,50.0,9.0,METAN,855.0,-24.483333333333334,-64.96666666666667,,-0.7071067811865471,-0.7071067811865479,False,False,False,False,False,False,False,False,False,False,False,False,False,False,False,False,True,False,False,False,False,False,False
17.4,86.0,,270.0,4.0,METAN,855.0,-24.483333333333334,-64.96666666666667,,-0.7071067811865477,0.7071067811865474,False,False,False,False,False,False,False,False,False,False,False,False,False,False,False,False,True,False,False,False,False,False,False
15.0,91.0,1020.0,90.0,13.0,MONTE CASEROS AER,,,,,0.0,1.0,False,False,False,False,False,False,False,False,False,False,False,False,False,False,False,False,False,False,False,False,False,False,False
14.0,93.0,1020.1,90.0,9.0,MONTE CASEROS AER,,,,,0.25881904510252074,0.9659258262890683,False,False,False,False,False,False,False,False,False,False,False,False,False,False,False,False,False,False,False,False,False,False,False
13.4,93.0,1019.8,90.0,9.0,MONTE CASEROS AER,,,,,0.49999999999999994,0.8660254037844387,False,False,False,False,False,False,False,False,False,False,False,False,False,False,False,False,False,False,False,False,False,False,False
13.0,93.0,1019.2,90.0,13.0,MONTE CASEROS AER,,,,,0.7071067811865476,0.7071067811865476,False,False,False,False,False,False,False,False,False,False,False,False,False,False,False,False,False,False,False,False,False,False,False
12.4,96.0,1018.9,90.0,9.0,MONTE CASEROS AER,,,,,0.8660254037844386,0.5000000000000001,False,False,False,False,False,False,False,False,False,False,False,False,False,False,False,False,False,False,False,False,False,False,False
12.6,97.0,1018.8,90.0,11.0,MONTE CASEROS AER,,,,,0.9659258262890683,0.25881904510252074,False,False,False,False,False,False,False,False,False,False,False,False,False,False,False,False,False,False,False,False,False,False,False
12.6,97.0,1018.6,90.0,15.0,MONTE CASEROS AER,,,,,1.0,6.123233995736766e-17,False,False,False,False,False,False,False,False,False,False,False,False,False,False,False,False,False,False,False,False,False,False,False
12.4,97.0,1018.3,90.0,13.0,MONTE CASEROS AER,,,,,0.9659258262890683,-0.25881904510252063,False,False,False,False,False,False,False,False,False,False,False,False,False,False,False,False,False,False,False,False,False,False,False
12.2,97.0,1018.7,90.0,7.0,MONTE CASEROS AER,,,,,0.8660254037844387,-0.4999999999999998,False,False,False,False,False,False,False,False,False,False,False,False,False,False,False,False,False,False,False,False,False,False,False
12.2,99.0,1019.2,90.0,11.0,MONTE CASEROS AER,,,,,0.7071067811865476,-0.7071067811865475,False,False,False,False,False,False,False,False,False,False,False,False,False,False,False,False,False,False,False,False,False,False,False
13.2,97.0,1019.3,140.0,9.0,MONTE CASEROS AER,,,,,0.49999999999999994,-0.8660254037844387,False,False,False,False,False,False,False,False,False,False,False,False,False,False,False,False,False,False,False,False,False,False,False
16.6,84.0,1019.0,90.0,13.0,MONTE CASEROS AER,,,,,0.258819045102521,-0.9659258262890682,False,False,False,False,False,False,False,False,False,False,False,False,False,False,False,False,False,False,False,False,False,False,False
20.2,66.0,1018.2,50.0,19.0,MONTE CASEROS AER,,,,,1.2246467991473532e-16,-1.0,False,False,False,False,False,False,False,False,False,False,False,False,False,False,False,False,False,False,False,False,False,False,False
22.4,62.0,1017.3,70.0,17.0,MONTE CASEROS AER,,,,,-0.2588190451025208,-0.9659258262890683,False,False,False,False,False,False,False,False,False,False,False,False,False,False,False,False,False,False,False,False,False,False,False
24.0,56.0,1016.0,90.0,17.0,MONTE CASEROS AER,,,,,-0.4999999999999997,-0.8660254037844388,False,False,False,False,False,False,False,False,False,False,False,False,False,False,False,False,False,False,False,False,False,False,False
25.6,53.0,1014.9,50.0,15.0,MONTE CASEROS AER,,,,,-0.7071067811865471,-0.7071067811865479,False,False,False,False,False,False,False,False,False,False,False,False,False,False,False,False,False,False,False,False,False,False,False
25.8,53.0,1014.0,50.0,17.0,MONTE CASEROS AER,,,,,-0.8660254037844385,-0.5000000000000004,False,False,False,False,False,False,False,False,False,False,False,False,False,False,False,False,False,False,False,False,False,False,False
25.2,56.0,1013.8,70.0,13.0,MONTE CASEROS AER,,,,,-0.9659258262890683,-0.25881904510252063,False,False,False,False,False,False,False,False,False,False,False,False,False,False,False,False,False,False,False,False,False,False,False
23.4,61.0,1013.5,70.0,15.0,MONTE CASEROS AER,,,,,-1.0,-1.8369701987210297e-16,False,False,False,False,False,False,False,False,False,False,False,False,False,False,False,False,False,False,False,False,False,False,False
21.4,71.0,1013.4,90.0,11.0,MONTE CASEROS AER,,,,,-0.9659258262890684,0.2588190451025203,False,False,False,False,False,False,False,False,False,False,False,False,False,False,False,False,False,False,False,False,False,False,False
20.0,76.0,1013.4,90.0,11.0,MONTE CASEROS AER,,,,,-0.8660254037844386,0.5000000000000001,False,False,False,False,False,False,False,False,False,False,False,False,False,False,False,False,False,False,False,False,False,False,False
19.0,79.0,1013.3,90.0,11.0,MONTE CASEROS AER,,,,,-0.7071067811865477,0.7071067811865474,False,False,False,False,False,False,False,False,False,False,False,False,False,False,False,False,False,False,False,False,False,False,False
19.2,78.0,1013.7,50.0,13.0,MONTE CASEROS AER,,,,,-0.5000000000000004,0.8660254037844384,False,False,False,False,False,False,False,False,False,False,False,False,False,False,False,False,False,False,False,False,False,False,False
17.8,84.0,1013.8,50.0,9.0,MONTE CASEROS AER,,,,,-0.25881904510252157,0.9659258262890681,False,False,False,False,False,False,False,False,False,False,False,False,False,False,False,False,False,False,False,False,False,False,False
14.2,85.0,1019.2,50.0,7.0,MORON AERO,24.0,-33.333333333333336,-58.63333333333333,,0.0,1.0,True,False,False,False,False,False,False,False,False,False,False,False,False,False,False,False,False,False,False,False,False,False,False
13.8,87.0,1018.4,50.0,11.0,MORON AERO,24.0,-33.333333333333336,-58.63333333333333,,0.25881904510252074,0.9659258262890683,True,False,False,False,False,False,False,False,False,False,False,False,False,False,False,False,False,False,False,False,False,False,False
13.8,87.0,1018.2,50.0,7.0,MORON AERO,24.0,-33.333333333333336,-58.63333333333333,,0.49999999999999994,0.8660254037844387,True,False,False,False,False,False,False,False,False,False,False,False,False,False,False,False,False,False,False,False,False,False,False
13.8,87.0,1017.5,50.0,9.0,MORON AERO,24.0,-33.333333333333336,-58.63333333333333,,0.7071067811865476,0.7071067811865476,True,False,False,False,False,False,False,False,False,False,False,False,False,False,False,False,False,False,False,False,False,False,False
13.8,89.0,1017.3,50.0,7.0,MORON AERO,24.0,-33.333333333333336,-58.63333333333333,,0.8660254037844386,0.5000000000000001,True,False,False,False,False,False,False,False,False,False,False,False,False,False,False,False,False,False,False,False,False,False,False
14.2,87.0,1016.9,20.0,7.0,MORON AERO,24.0,-33.333333333333336,-58.63333333333333,,0.9659258262890683,0.25881904510252074,True,False,False,False,False,False,False,False,False,False,False,False,False,False,False,False,False,False,False,False,False,False,False
14.2,87.0,1016.8,20.0,6.0,MORON AERO,24.0,-33.333333333333336,-58.63333333333333,,1.0,6.123233995736766e-17,True,False,False,False,False,False,False,False,False,False,False,False,False,False,False,False,False,False,False,False,False,False,False
14.2,89.0,1016.5,20.0,7.0,MORON AERO,24.0,-33.333333333333336,-58.63333333333333,,0.9659258262890683,-0.25881904510252063,True,False,False,False,False,False,False,False,False,False,False,False,False,False,False,False,False,False,False,False,False,False,False
14.2,89.0,1016.7,360.0,7.0,MORON AERO,24.0,-33.333333333333336,-58.63333333333333,,0.8660254037844387,-0.4999999999999998,True,False,False,False,False,False,False,False,False,False,False,False,False,False,False,False,False,False,False,False,False,False,False
14.5,89.0,1016.6,20.0,7.0,MORON AERO,24.0,-33.333333333333336,-58.63333333333333,,0.7071067811865476,-0.7071067811865475,True,False,False,False,False,False,False,False,False,False,False,False,False,False,False,False,False,False,False,False,False,False,False
15.9,83.0,1016.5,20.0,11.0,MORON AERO,24.0,-33.333333333333336,-58.63333333333333,,0.49999999999999994,-0.8660254037844387,True,False,False,False,False,False,False,False,False,False,False,False,False,False,False,False,False,False,False,False,False,False,False
17.7,77.0,1016.3,360.0,15.0,MORON AERO,24.0,-33.333333333333336,-58.63333333333333,,0.258819045102521,-0.9659258262890682,True,False,False,False,False,False,False,False,False,False,False,False,False,False,False,False,False,False,False,False,False,False,False
20.1,65.0,1016.0,340.0,17.0,MORON AERO,24.0,-33.333333333333336,-58.63333333333333,,1.2246467991473532e-16,-1.0,True,False,False,False,False,False,False,False,False,False,False,False,False,False,False,False,False,False,False,False,False,False,False
20.1,66.0,1015.0,360.0,17.0,MORON AERO,24.0,-33.333333333333336,-58.63333333333333,,-0.2588190451025208,-0.9659258262890683,True,False,False,False,False,False,False,False,False,False,False,False,False,False,False,False,False,False,False,False,False,False,False
21.3,62.0,1013.9,360.0,15.0,MORON AERO,24.0,-33.333333333333336,-58.63333333333333,,-0.4999999999999997,-0.8660254037844388,True,False,False,False,False,False,False,False,False,False,False,False,False,False,False,False,False,False,False,False,False,False,False
22.1,62.0,1012.6,20.0,13.0,MORON AERO,24.0,-33.333333333333336,-58.63333333333333,,-0.7071067811865471,-0.7071067811865479,True,False,False,False,False,False,False,False,False,False,False,False,False,False,False,False,False,False,False,False,False,False,False
21.3,66.0,1012.1,360.0,9.0,MORON AERO,24.0,-33.333333333333336,-58.63333333333333,,-0.8660254037844385,-0.5000000000000004,True,False,False,False,False,False,False,False,False,False,False,False,False,False,False,False,False,False,False,False,False,False,False
20.9,67.0,1011.8,20.0,9.0,MORON AERO,24.0,-33.333333333333336,-58.63333333333333,,-0.9659258262890683,-0.25881904510252063,True,False,False,False,False,False,False,False,False,False,False,False,False,False,False,False,False,False,False,False,False,False,False
20.2,67.0,1011.3,20.0,11.0,MORON AERO,24.0,-33.333333333333336,-58.63333333333333,,-1.0,-1.8369701987210297e-16,True,False,False,False,False,False,False,False,False,False,False,False,False,False,False,False,False,False,False,False,False,False,False
19.5,70.0,1011.9,360.0,6.0,MORON AERO,24.0,-33.333333333333336,-58.63333333333333,,-0.9659258262890684,0.2588190451025203,True,False,False,False,False,False,False,False,False,False,False,False,False,False,False,False,False,False,False,False,False,False,False
18.9,74.0,1011.6,50.0,9.0,MORON AERO,24.0,-33.333333333333336,-58.63333333333333,,-0.8660254037844386,0.5000000000000001,True,False,False,False,False,False,False,False,False,False,False,False,False,False,False,False,False,False,False,False,False,False,False
19.3,75.0,1011.3,360.0,13.0,MORON AERO,24.0,-33.333333333333336,-58.63333333333333,,-0.7071067811865477,0.7071067811865474,True,False,False,False,False,False,False,False,False,False,False,False,False,False,False,False,False,False,False,False,False,False,False
18.9,77.0,1011.1,20.0,15.0,MORON AERO,24.0,-33.333333333333336,-58.63333333333333,,-0.5000000000000004,0.8660254037844384,True,False,False,False,False,False,False,False,False,False,False,False,False,False,False,False,False,False,False,False,False,False,False
18.6,77.0,1010.8,20.0,13.0,MORON AERO,24.0,-33.333333333333336,-58.63333333333333,,-0.25881904510252157,0.9659258262890681,True,False,False,False,False,False,False,False,False,False,False,False,False,False,False,False,False,False,False,False,False,False,False
5.6,61.0,1016.4,0.0,0.0,NEUQUEN AERO,271.0,-37.05,-68.13333333333334,,0.0,1.0,False,False,False,False,False,False,False,False,False,False,False,False,False,False,True,False,False,False,False,False,False,False,False
4.4,62.0,1016.5,0.0,0.0,NEUQUEN AERO,271.0,-37.05,-68.13333333333334,,0.25881904510252074,0.9659258262890683,False,False,False,False,False,False,False,False,False,False,False,False,False,False,True,False,False,False,False,False,False,False,False
4.2,60.0,1016.4,270.0,6.0,NEUQUEN AERO,271.0,-37.05,-68.13333333333334,,0.49999999999999994,0.8660254037844387,False,False,False,False,False,False,False,False,False,False,False,False,False,False,True,False,False,False,False,False,False,False,False
3.8,63.0,1015.3,340.0,6.0,NEUQUEN AERO,271.0,-37.05,-68.13333333333334,,0.7071067811865476,0.7071067811865476,False,False,False,False,False,False,False,False,False,False,False,False,False,False,True,False,False,False,False,False,False,False,False
4.0,60.0,1015.6,270.0,6.0,NEUQUEN AERO,271.0,-37.05,-68.13333333333334,,0.8660254037844386,0.5000000000000001,False,False,False,False,False,False,False,False,False,False,False,False,False,False,True,False,False,False,False,False,False,False,False
3.1,67.0,1016.0,270.0,9.0,NEUQUEN AERO,271.0,-37.05,-68.13333333333334,,0.9659258262890683,0.25881904510252074,False,False,False,False,False,False,False,False,False,False,False,False,False,False,True,False,False,False,False,False,False,False,False
2.7,66.0,1015.7,270.0,7.0,NEUQUEN AERO,271.0,-37.05,-68.13333333333334,,1.0,6.123233995736766e-17,False,False,False,False,False,False,False,False,False,False,False,False,False,False,True,False,False,False,False,False,False,False,False
1.6,71.0,1016.2,0.0,0.0,NEUQUEN AERO,271.0,-37.05,-68.13333333333334,,0.9659258262890683,-0.25881904510252063,False,False,False,False,False,False,False,False,False,False,False,False,False,False,True,False,False,False,False,False,False,False,False
2.1,77.0,1016.6,0.0,0.0,NEUQUEN AERO,271.0,-37.05,-68.13333333333334,,0.8660254037844387,-0.4999999999999998,False,False,False,False,False,False,False,False,False,False,False,False,False,False,True,False,False,False,False,False,False,False,False
1.6,75.0,1016.8,270.0,6.0,NEUQUEN AERO,271.0,-37.05,-68.13333333333334,,0.7071067811865476,-0.7071067811865475,False,False,False,False,False,False,False,False,False,False,False,False,False,False,True,False,False,False,False,False,False,False,False
3.6,66.0,1017.3,270.0,7.0,NEUQUEN AERO,271.0,-37.05,-68.13333333333334,,0.49999999999999994,-0.8660254037844387,False,False,False,False,False,False,False,False,False,False,False,False,False,False,True,False,False,False,False,False,False,False,False
5.2,63.0,1017.5,290.0,9.0,NEUQUEN AERO,271.0,-37.05,-68.13333333333334,,0.258819045102521,-0.9659258262890682,False,False,False,False,False,False,False,False,False,False,False,False,False,False,True,False,False,False,False,False,False,False,False
7.3,62.0,1017.7,270.0,6.0,NEUQUEN AERO,271.0,-37.05,-68.13333333333334,,1.2246467991473532e-16,-1.0,False,False,False,False,False,False,False,False,False,False,False,False,False,False,True,False,False,False,False,False,False,False,False
9.4,57.0,1017.9,290.0,13.0,NEUQUEN AERO,271.0,-37.05,-68.13333333333334,,-0.2588190451025208,-0.9659258262890683,False,False,False,False,False,False,False,False,False,False,False,False,False,False,True,False,False,False,False,False,False,False,False
10.2,54.0,1018.5,290.0,20.0,NEUQUEN AERO,271.0,-37.05,-68.13333333333334,,-0.4999999999999997,-0.8660254037844388,False,False,False,False,False,False,False,False,False,False,False,False,False,False,True,False,False,False,False,False,False,False,False
11.6,49.0,1018.5,290.0,11.0,NEUQUEN AERO,271.0,-37.05,-68.13333333333334,,-0.7071067811865471,-0.7071067811865479,False,False,False,False,False,False,False,False,False,False,False,False,False,False,True,False,False,False,False,False,False,False,False
11.5,50.0,1018.9,290.0,9.0,NEUQUEN AERO,271.0,-37.05,-68.13333333333334,,-0.8660254037844385,-0.5000000000000004,False,False,False,False,False,False,False,False,False,False,False,False,False,False,True,False,False,False,False,False,False,False,False
12.0,52.0,1019.8,250.0,7.0,NEUQUEN AERO,271.0,-37.05,-68.13333333333334,,-0.9659258262890683,-0.25881904510252063,False,False,False,False,False,False,False,False,False,False,False,False,False,False,True,False,False,False,False,False,False,False,False
11.0,55.0,1020.7,270.0,6.0,NEUQUEN AERO,271.0,-37.05,-68.13333333333334,,-1.0,-1.8369701987210297e-16,False,False,False,False,False,False,False,False,False,False,False,False,False,False,True,False,False,False,False,False,False,False,False
10.2,57.0,1021.6,270.0,7.0,NEUQUEN AERO,271.0,-37.05,-68.13333333333334,,-0.9659258262890684,0.2588190451025203,False,False,False,False,False,False,False,False,False,False,False,False,False,False,True,False,False,False,False,False,False,False,False
9.9,68.0,1022.5,270.0,9.0,NEUQUEN AERO,271.0,-37.05,-68.13333333333334,,-0.8660254037844386,0.5000000000000001,False,False,False,False,False,False,False,False,False,False,False,False,False,False,True,False,False,False,False,False,False,False,False
9.2,61.0,1023.9,270.0,7.0,NEUQUEN AERO,271.0,-37.05,-68.13333333333334,,-0.7071067811865477,0.7071067811865474,False,False,False,False,False,False,False,False,False,False,False,False,False,False,True,False,False,False,False,False,False,False,False
7.9,63.0,1024.8,270.0,6.0,NEUQUEN AERO,271.0,-37.05,-68.13333333333334,,-0.5000000000000004,0.8660254037844384,False,False,False,False,False,False,False,False,False,False,False,False,False,False,True,False,False,False,False,False,False,False,False
8.4,58.0,1025.4,270.0,11.0,NEUQUEN AERO,271.0,-37.05,-68.13333333333334,,-0.25881904510252157,0.9659258262890681,False,False,False,False,False,False,False,False,False,False,False,False,False,False,True,False,False,False,False,False,False,False,False
12.2,94.0,1015.3,50.0,9.0,NUEVE DE JULIO,76.0,-34.56666666666667,-60.86666666666667,,1.0,6.123233995736766e-17,True,False,False,False,False,False,False,False,False,False,False,False,False,False,False,False,False,False,False,False,False,False,False
12.2,96.0,1015.5,50.0,7.0,NUEVE DE JULIO,76.0,-34.56666666666667,-60.86666666666667,,0.7071067811865476,-0.7071067811865475,True,False,False,False,False,False,False,False,False,False,False,False,False,False,False,False,False,False,False,False,False,False,False
18.4,76.0,1014.6,50.0,15.0,NUEVE DE JULIO,76.0,-34.56666666666667,-60.86666666666667,,1.2246467991473532e-16,-1.0,True,False,False,False,False,False,False,False,False,False,False,False,False,False,False,False,False,False,False,False,False,False,False
21.0,69.0,1011.3,320.0,15.0,NUEVE DE JULIO,76.0,-34.56666666666667,-60.86666666666667,,-0.7071067811865471,-0.7071067811865479,True,False,False,False,False,False,False,False,False,False,False,False,False,False,False,False,False,False,False,False,False,False,False
19.6,81.0,1010.7,140.0,6.0,NUEVE DE JULIO,76.0,-34.56666666666667,-60.86666666666667,,-1.0,-1.8369701987210297e-16,True,False,False,False,False,False,False,False,False,False,False,False,False,False,False,False,False,False,False,False,False,False,False
15.6,96.0,1012.2,180.0,15.0,NUEVE DE JULIO,76.0,-34.56666666666667,-60.86666666666667,,-0.7071067811865477,0.7071067811865474,True,False,False,False,False,False,False,False,False,False,False,False,False,False,False,False,False,False,False,False,False,False,False
16.8,82.0,1020.0,360.0,4.0,OBERA,303.0,-26.516666666666666,-55.11666666666667,,0.7071067811865476,-0.7071067811865475,False,False,False,False,False,False,False,False,False,False,False,False,False,True,False,False,False,False,False,False,False,False,False
23.8,48.0,1013.1,50.0,4.0,OBERA,303.0,-26.516666666666666,-55.11666666666667,,-0.7071067811865471,-0.7071067811865479,False,False,False,False,False,False,False,False,False,False,False,False,False,True,False,False,False,False,False,False,False,False,False
19.8,83.0,1016.0,,,OBERA,303.0,-26.516666666666666,-55.11666666666667,,-0.7071067811865477,0.7071067811865474,False,False,False,False,False,False,False,False,False,False,False,False,False,True,False,False,False,False,False,False,False,False,False
9.4,97.0,1017.5,50.0,15.0,OLAVARRIA AERO,166.0,-35.11666666666667,-60.21666666666667,,1.0,6.123233995736766e-17,True,False,False,False,False,False,False,False,False,False,False,False,False,False,False,False,False,False,False,False,False,False,False
9.3,97.0,1017.3,50.0,15.0,OLAVARRIA AERO,166.0,-35.11666666666667,-60.21666666666667,,0.9659258262890683,-0.25881904510252063,True,False,False,False,False,False,False,False,False,False,False,False,False,False,False,False,False,False,False,False,False,False,False
9.6,99.0,1017.2,90.0,11.0,OLAVARRIA AERO,166.0,-35.11666666666667,-60.21666666666667,,0.8660254037844387,-0.4999999999999998,True,False,False,False,False,False,False,False,False,False,False,False,False,False,False,False,False,False,False,False,False,False,False
9.8,99.0,1017.0,90.0,20.0,OLAVARRIA AERO,166.0,-35.11666666666667,-60.21666666666667,,0.7071067811865476,-0.7071067811865475,True,False,False,False,False,False,False,False,False,False,False,False,False,False,False,False,False,False,False,False,False,False,False
10.0,100.0,1016.5,50.0,15.0,OLAVARRIA AERO,166.0,-35.11666666666667,-60.21666666666667,,0.49999999999999994,-0.8660254037844387,True,False,False,False,False,False,False,False,False,False,False,False,False,False,False,False,False,False,False,False,False,False,False
10.2,100.0,1016.5,90.0,15.0,OLAVARRIA AERO,166.0,-35.11666666666667,-60.21666666666667,,0.258819045102521,-0.9659258262890682,True,False,False,False,False,False,False,False,False,False,False,False,False,False,False,False,False,False,False,False,False,False,False
10.4,99.0,1016.5,50.0,19.0,OLAVARRIA AERO,166.0,-35.11666666666667,-60.21666666666667,,1.2246467991473532e-16,-1.0,True,False,False,False,False,False,False,False,False,False,False,False,False,False,False,False,False,False,False,False,False,False,False
11.2,99.0,1015.6,90.0,19.0,OLAVARRIA AERO,166.0,-35.11666666666667,-60.21666666666667,,-0.2588190451025208,-0.9659258262890683,True,False,False,False,False,False,False,False,False,False,False,False,False,False,False,False,False,False,False,False,False,False,False
11.9,100.0,1014.3,90.0,11.0,OLAVARRIA AERO,166.0,-35.11666666666667,-60.21666666666667,,-0.4999999999999997,-0.8660254037844388,True,False,False,False,False,False,False,False,False,False,False,False,False,False,False,False,False,False,False,False,False,False,False
12.2,100.0,1013.4,90.0,11.0,OLAVARRIA AERO,166.0,-35.11666666666667,-60.21666666666667,,-0.7071067811865471,-0.7071067811865479,True,False,False,False,False,False,False,False,False,False,False,False,False,False,False,False,False,False,False,False,False,False,False
9.9,100.0,1013.3,90.0,19.0,OLAVARRIA AERO,166.0,-35.11666666666667,-60.21666666666667,,-0.8660254037844385,-0.5000000000000004,True,False,False,False,False,False,False,False,False,False,False,False,False,False,False,False,False,False,False,False,False,False,False
9.9,100.0,1012.8,90.0,7.0,OLAVARRIA AERO,166.0,-35.11666666666667,-60.21666666666667,,-0.9659258262890683,-0.25881904510252063,True,False,False,False,False,False,False,False,False,False,False,False,False,False,False,False,False,False,False,False,False,False,False
10.1,100.0,1013.1,0.0,0.0,OLAVARRIA AERO,166.0,-35.11666666666667,-60.21666666666667,,-1.0,-1.8369701987210297e-16,True,False,False,False,False,False,False,False,False,False,False,False,False,False,False,False,False,False,False,False,False,False,False
10.1,100.0,1013.3,0.0,0.0,OLAVARRIA AERO,166.0,-35.11666666666667,-60.21666666666667,,-0.9659258262890684,0.2588190451025203,True,False,False,False,False,False,False,False,False,False,False,False,False,False,False,False,False,False,False,False,False,False,False
9.9,100.0,1013.7,90.0,19.0,OLAVARRIA AERO,166.0,-35.11666666666667,-60.21666666666667,,-0.8660254037844386,0.5000000000000001,True,False,False,False,False,False,False,False,False,False,False,False,False,False,False,False,False,False,False,False,False,False,False
9.9,100.0,1014.7,140.0,22.0,OLAVARRIA AERO,166.0,-35.11666666666667,-60.21666666666667,,-0.7071067811865477,0.7071067811865474,True,False,False,False,False,False,False,False,False,False,False,False,False,False,False,False,False,False,False,False,False,False,False
21.5,73.0,1013.7,0.0,0.0,ORAN AERO,357.0,-22.85,-64.31666666666666,,0.0,1.0,False,False,False,False,False,False,False,False,False,False,False,False,False,False,False,False,True,False,False,False,False,False,False
20.6,91.0,1013.2,0.0,0.0,ORAN AERO,357.0,-22.85,-64.31666666666666,,0.25881904510252074,0.9659258262890683,False,False,False,False,False,False,False,False,False,False,False,False,False,False,False,False,True,False,False,False,False,False,False
19.8,83.0,1012.9,0.0,0.0,ORAN AERO,357.0,-22.85,-64.31666666666666,,0.49999999999999994,0.8660254037844387,False,False,False,False,False,False,False,False,False,False,False,False,False,False,False,False,True,False,False,False,False,False,False
19.8,81.0,1011.6,0.0,0.0,ORAN AERO,357.0,-22.85,-64.31666666666666,,0.7071067811865476,0.7071067811865476,False,False,False,False,False,False,False,False,False,False,False,False,False,False,False,False,True,False,False,False,False,False,False
18.8,91.0,1011.7,0.0,0.0,ORAN AERO,357.0,-22.85,-64.31666666666666,,0.8660254037844386,0.5000000000000001,False,False,False,False,False,False,False,False,False,False,False,False,False,False,False,False,True,False,False,False,False,False,False
18.5,93.0,1011.2,180.0,4.0,ORAN AERO,357.0,-22.85,-64.31666666666666,,0.9659258262890683,0.25881904510252074,False,False,False,False,False,False,False,False,False,False,False,False,False,False,False,False,True,False,False,False,False,False,False
18.2,95.0,1010.8,0.0,0.0,ORAN AERO,357.0,-22.85,-64.31666666666666,,1.0,6.123233995736766e-17,False,False,False,False,False,False,False,False,False,False,False,False,False,False,False,False,True,False,False,False,False,False,False
17.4,95.0,1011.3,140.0,4.0,ORAN AERO,357.0,-22.85,-64.31666666666666,,0.9659258262890683,-0.25881904510252063,False,False,False,False,False,False,False,False,False,False,False,False,False,False,False,False,True,False,False,False,False,False,False
16.5,97.0,1011.6,140.0,4.0,ORAN AERO,357.0,-22.85,-64.31666666666666,,0.8660254037844387,-0.4999999999999998,False,False,False,False,False,False,False,False,False,False,False,False,False,False,False,False,True,False,False,False,False,False,False
17.0,96.0,1011.4,270.0,9.0,ORAN AERO,357.0,-22.85,-64.31666666666666,,0.7071067811865476,-0.7071067811865475,False,False,False,False,False,False,False,False,False,False,False,False,False,False,False,False,True,False,False,False,False,False,False
19.3,88.0,1011.6,270.0,9.0,ORAN AERO,357.0,-22.85,-64.31666666666666,,0.49999999999999994,-0.8660254037844387,False,False,False,False,False,False,False,False,False,False,False,False,False,False,False,False,True,False,False,False,False,False,False
22.6,71.0,1011.3,360.0,4.0,ORAN AERO,357.0,-22.85,-64.31666666666666,,0.258819045102521,-0.9659258262890682,False,False,False,False,False,False,False,False,False,False,False,False,False,False,False,False,True,False,False,False,False,False,False
24.3,64.0,1010.3,360.0,4.0,ORAN AERO,357.0,-22.85,-64.31666666666666,,1.2246467991473532e-16,-1.0,False,False,False,False,False,False,False,False,False,False,False,False,False,False,False,False,True,False,False,False,False,False,False
25.5,58.0,1009.0,360.0,9.0,ORAN AERO,357.0,-22.85,-64.31666666666666,,-0.2588190451025208,-0.9659258262890683,False,False,False,False,False,False,False,False,False,False,False,False,False,False,False,False,True,False,False,False,False,False,False
26.8,54.0,1007.7,50.0,9.0,ORAN AERO,357.0,-22.85,-64.31666666666666,,-0.4999999999999997,-0.8660254037844388,False,False,False,False,False,False,False,False,False,False,False,False,False,False,False,False,True,False,False,False,False,False,False
27.8,48.0,1006.4,50.0,9.0,ORAN AERO,357.0,-22.85,-64.31666666666666,,-0.7071067811865471,-0.7071067811865479,False,False,False,False,False,False,False,False,False,False,False,False,False,False,False,False,True,False,False,False,False,False,False
27.3,51.0,1006.0,90.0,9.0,ORAN AERO,357.0,-22.85,-64.31666666666666,,-0.8660254037844385,-0.5000000000000004,False,False,False,False,False,False,False,False,False,False,False,False,False,False,False,False,True,False,False,False,False,False,False
27.0,51.0,1006.0,90.0,9.0,ORAN AERO,357.0,-22.85,-64.31666666666666,,-0.9659258262890683,-0.25881904510252063,False,False,False,False,False,False,False,False,False,False,False,False,False,False,False,False,True,False,False,False,False,False,False
26.8,54.0,1006.1,50.0,4.0,ORAN AERO,357.0,-22.85,-64.31666666666666,,-1.0,-1.8369701987210297e-16,False,False,False,False,False,False,False,False,False,False,False,False,False,False,False,False,True,False,False,False,False,False,False
25.0,61.0,1006.5,50.0,4.0,ORAN AERO,357.0,-22.85,-64.31666666666666,,-0.9659258262890684,0.2588190451025203,False,False,False,False,False,False,False,False,False,False,False,False,False,False,False,False,True,False,False,False,False,False,False
21.9,71.0,1007.2,50.0,9.0,ORAN AERO,357.0,-22.85,-64.31666666666666,,-0.8660254037844386,0.5000000000000001,False,False,False,False,False,False,False,False,False,False,False,False,False,False,False,False,True,False,False,False,False,False,False
21.0,77.0,1007.8,320.0,9.0,ORAN AERO,357.0,-22.85,-64.31666666666666,,-0.7071067811865477,0.7071067811865474,False,False,False,False,False,False,False,False,False,False,False,False,False,False,False,False,True,False,False,False,False,False,False
20.3,82.0,1008.3,320.0,4.0,ORAN AERO,357.0,-22.85,-64.31666666666666,,-0.5000000000000004,0.8660254037844384,False,False,False,False,False,False,False,False,False,False,False,False,False,False,False,False,True,False,False,False,False,False,False
19.8,85.0,1008.2,0.0,0.0,ORAN AERO,357.0,-22.85,-64.31666666666666,,-0.25881904510252157,0.9659258262890681,False,False,False,False,False,False,False,False,False,False,False,False,False,False,False,False,True,False,False,False,False,False,False
16.8,84.0,1017.0,50.0,13.0,PARANA AERO,78.0,-30.216666666666665,-60.483333333333334,,0.0,1.0,False,False,False,False,False,False,False,True,False,False,False,False,False,False,False,False,False,False,False,False,False,False,False
16.9,84.0,1016.7,50.0,13.0,PARANA AERO,78.0,-30.216666666666665,-60.483333333333334,,0.25881904510252074,0.9659258262890683,False,False,False,False,False,False,False,True,False,False,False,False,False,False,False,False,False,False,False,False,False,False,False
17.2,82.0,1016.2,50.0,13.0,PARANA AERO,78.0,-30.216666666666665,-60.483333333333334,,0.49999999999999994,0.8660254037844387,False,False,False,False,False,False,False,True,False,False,False,False,False,False,False,False,False,False,False,False,False,False,False
17.2,85.0,1015.7,360.0,11.0,PARANA AERO,78.0,-30.216666666666665,-60.483333333333334,,0.7071067811865476,0.7071067811865476,False,False,False,False,False,False,False,True,False,False,False,False,False,False,False,False,False,False,False,False,False,False,False
17.4,85.0,1015.4,360.0,13.0,PARANA AERO,78.0,-30.216666666666665,-60.483333333333334,,0.8660254037844386,0.5000000000000001,False,False,False,False,False,False,False,True,False,False,False,False,False,False,False,False,False,False,False,False,False,False,False
17.6,84.0,1015.0,360.0,13.0,PARANA AERO,78.0,-30.216666666666665,-60.483333333333334,,0.9659258262890683,0.25881904510252074,False,False,False,False,False,False,False,True,False,False,False,False,False,False,False,False,False,False,False,False,False,False,False
17.2,84.0,1014.9,360.0,15.0,PARANA AERO,78.0,-30.216666666666665,-60.483333333333334,,1.0,6.123233995736766e-17,False,False,False,False,False,False,False,True,False,False,False,False,False,False,False,False,False,False,False,False,False,False,False
16.8,88.0,1015.2,360.0,17.0,PARANA AERO,78.0,-30.216666666666665,-60.483333333333334,,0.9659258262890683,-0.25881904510252063,False,False,False,False,False,False,False,True,False,False,False,False,False,False,False,False,False,False,False,False,False,False,False
17.2,85.0,1015.5,360.0,20.0,PARANA AERO,78.0,-30.216666666666665,-60.483333333333334,,0.8660254037844387,-0.4999999999999998,False,False,False,False,False,False,False,True,False,False,False,False,False,False,False,False,False,False,False,False,False,False,False
17.6,78.0,1015.5,360.0,19.0,PARANA AERO,78.0,-30.216666666666665,-60.483333333333334,,0.7071067811865476,-0.7071067811865475,False,False,False,False,False,False,False,True,False,False,False,False,False,False,False,False,False,False,False,False,False,False,False
18.3,74.0,1015.6,360.0,26.0,PARANA AERO,78.0,-30.216666666666665,-60.483333333333334,,0.49999999999999994,-0.8660254037844387,False,False,False,False,False,False,False,True,False,False,False,False,False,False,False,False,False,False,False,False,False,False,False
18.1,70.0,1015.4,360.0,24.0,PARANA AERO,78.0,-30.216666666666665,-60.483333333333334,,0.258819045102521,-0.9659258262890682,False,False,False,False,False,False,False,True,False,False,False,False,False,False,False,False,False,False,False,False,False,False,False
19.7,68.0,1015.0,360.0,22.0,PARANA AERO,78.0,-30.216666666666665,-60.483333333333334,,1.2246467991473532e-16,-1.0,False,False,False,False,False,False,False,True,False,False,False,False,False,False,False,False,False,False,False,False,False,False,False
20.3,63.0,1013.9,20.0,22.0,PARANA AERO,78.0,-30.216666666666665,-60.483333333333334,,-0.2588190451025208,-0.9659258262890683,False,False,False,False,False,False,False,True,False,False,False,False,False,False,False,False,False,False,False,False,False,False,False
21.2,59.0,1013.1,20.0,20.0,PARANA AERO,78.0,-30.216666666666665,-60.483333333333334,,-0.4999999999999997,-0.8660254037844388,False,False,False,False,False,False,False,True,False,False,False,False,False,False,False,False,False,False,False,False,False,False,False
22.0,55.0,1011.7,20.0,24.0,PARANA AERO,78.0,-30.216666666666665,-60.483333333333334,,-0.7071067811865471,-0.7071067811865479,False,False,False,False,False,False,False,True,False,False,False,False,False,False,False,False,False,False,False,False,False,False,False
22.3,56.0,1011.2,360.0,17.0,PARANA AERO,78.0,-30.216666666666665,-60.483333333333334,,-0.8660254037844385,-0.5000000000000004,False,False,False,False,False,False,False,True,False,False,False,False,False,False,False,False,False,False,False,False,False,False,False
23.1,55.0,1010.4,360.0,20.0,PARANA AERO,78.0,-30.216666666666665,-60.483333333333334,,-0.9659258262890683,-0.25881904510252063,False,False,False,False,False,False,False,True,False,False,False,False,False,False,False,False,False,False,False,False,False,False,False
22.5,57.0,1010.2,20.0,17.0,PARANA AERO,78.0,-30.216666666666665,-60.483333333333334,,-1.0,-1.8369701987210297e-16,False,False,False,False,False,False,False,True,False,False,False,False,False,False,False,False,False,False,False,False,False,False,False
20.6,63.0,1010.0,20.0,13.0,PARANA AERO,78.0,-30.216666666666665,-60.483333333333334,,-0.9659258262890684,0.2588190451025203,False,False,False,False,False,False,False,True,False,False,False,False,False,False,False,False,False,False,False,False,False,False,False
20.8,64.0,1010.4,20.0,11.0,PARANA AERO,78.0,-30.216666666666665,-60.483333333333334,,-0.8660254037844386,0.5000000000000001,False,False,False,False,False,False,False,True,False,False,False,False,False,False,False,False,False,False,False,False,False,False,False
20.6,65.0,1011.0,50.0,11.0,PARANA AERO,78.0,-30.216666666666665,-60.483333333333334,,-0.7071067811865477,0.7071067811865474,False,False,False,False,False,False,False,True,False,False,False,False,False,False,False,False,False,False,False,False,False,False,False
21.2,62.0,1010.8,20.0,19.0,PARANA AERO,78.0,-30.216666666666665,-60.483333333333334,,-0.5000000000000004,0.8660254037844384,False,False,False,False,False,False,False,True,False,False,False,False,False,False,False,False,False,False,False,False,False,False,False
20.8,63.0,1010.8,20.0,15.0,PARANA AERO,78.0,-30.216666666666665,-60.483333333333334,,-0.25881904510252157,0.9659258262890681,False,False,False,False,False,False,False,True,False,False,False,False,False,False,False,False,False,False,False,False,False,False,False
5.6,84.0,1013.5,230.0,15.0,PASO DE INDIOS,478.0,-42.15,-69.03333333333333,,0.7071067811865476,-0.7071067811865475,False,False,False,False,True,False,False,False,False,False,False,False,False,False,False,False,False,False,False,False,False,False,False
8.6,44.0,,230.0,28.0,PASO DE INDIOS,478.0,-42.15,-69.03333333333333,,-0.7071067811865471,-0.7071067811865479,False,False,False,False,True,False,False,False,False,False,False,False,False,False,False,False,False,False,False,False,False,False,False
5.4,64.0,1022.6,0.0,0.0,PASO DE INDIOS,478.0,-42.15,-69.03333333333333,,-0.7071067811865477,0.7071067811865474,False,False,False,False,True,False,False,False,False,False,False,False,False,False,False,False,False,False,False,False,False,False,False
15.0,93.0,1020.4,70.0,6.0,PASO DE LOS LIBRE,,,,,0.0,1.0,False,False,False,False,False,False,False,False,False,False,False,False,False,False,False,False,False,False,False,False,False,False,False
14.7,93.0,1020.2,90.0,9.0,PASO DE LOS LIBRE,,,,,0.25881904510252074,0.9659258262890683,False,False,False,False,False,False,False,False,False,False,False,False,False,False,False,False,False,False,False,False,False,False,False
13.6,97.0,1020.1,70.0,15.0,PASO DE LOS LIBRE,,,,,0.49999999999999994,0.8660254037844387,False,False,False,False,False,False,False,False,False,False,False,False,False,False,False,False,False,False,False,False,False,False,False
13.8,97.0,1019.5,70.0,9.0,PASO DE LOS LIBRE,,,,,0.7071067811865476,0.7071067811865476,False,False,False,False,False,False,False,False,False,False,False,False,False,False,False,False,False,False,False,False,False,False,False
13.6,100.0,1019.2,90.0,7.0,PASO DE LOS LIBRE,,,,,0.8660254037844386,0.5000000000000001,False,False,False,False,False,False,False,False,False,False,False,False,False,False,False,False,False,False,False,False,False,False,False
13.6,100.0,1019.0,90.0,6.0,PASO DE LOS LIBRE,,,,,0.9659258262890683,0.25881904510252074,False,False,False,False,False,False,False,False,False,False,False,False,False,False,False,False,False,False,False,False,False,False,False
13.6,100.0,1018.9,90.0,9.0,PASO DE LOS LIBRE,,,,,1.0,6.123233995736766e-17,False,False,False,False,False,False,False,False,False,False,False,False,False,False,False,False,False,False,False,False,False,False,False
13.0,100.0,1018.7,90.0,11.0,PASO DE LOS LIBRE,,,,,0.9659258262890683,-0.25881904510252063,False,False,False,False,False,False,False,False,False,False,False,False,False,False,False,False,False,False,False,False,False,False,False
12.5,100.0,1019.2,70.0,13.0,PASO DE LOS LIBRE,,,,,0.8660254037844387,-0.4999999999999998,False,False,False,False,False,False,False,False,False,False,False,False,False,False,False,False,False,False,False,False,False,False,False
12.8,97.0,1019.3,70.0,11.0,PASO DE LOS LIBRE,,,,,0.7071067811865476,-0.7071067811865475,False,False,False,False,False,False,False,False,False,False,False,False,False,False,False,False,False,False,False,False,False,False,False
13.6,99.0,1019.5,70.0,11.0,PASO DE LOS LIBRE,,,,,0.49999999999999994,-0.8660254037844387,False,False,False,False,False,False,False,False,False,False,False,False,False,False,False,False,False,False,False,False,False,False,False
17.2,84.0,1019.3,70.0,11.0,PASO DE LOS LIBRE,,,,,0.258819045102521,-0.9659258262890682,False,False,False,False,False,False,False,False,False,False,False,False,False,False,False,False,False,False,False,False,False,False,False
20.1,73.0,1018.6,70.0,15.0,PASO DE LOS LIBRE,,,,,1.2246467991473532e-16,-1.0,False,False,False,False,False,False,False,False,False,False,False,False,False,False,False,False,False,False,False,False,False,False,False
23.0,64.0,1017.4,50.0,11.0,PASO DE LOS LIBRE,,,,,-0.2588190451025208,-0.9659258262890683,False,False,False,False,False,False,False,False,False,False,False,False,False,False,False,False,False,False,False,False,False,False,False
24.7,59.0,1016.3,50.0,9.0,PASO DE LOS LIBRE,,,,,-0.4999999999999997,-0.8660254037844388,False,False,False,False,False,False,False,False,False,False,False,False,False,False,False,False,False,False,False,False,False,False,False
26.1,56.0,1015.0,50.0,13.0,PASO DE LOS LIBRE,,,,,-0.7071067811865471,-0.7071067811865479,False,False,False,False,False,False,False,False,False,False,False,False,False,False,False,False,False,False,False,False,False,False,False
25.8,57.0,1014.4,50.0,4.0,PASO DE LOS LIBRE,,,,,-0.8660254037844385,-0.5000000000000004,False,False,False,False,False,False,False,False,False,False,False,False,False,False,False,False,False,False,False,False,False,False,False
24.8,64.0,1014.2,50.0,9.0,PASO DE LOS LIBRE,,,,,-0.9659258262890683,-0.25881904510252063,False,False,False,False,False,False,False,False,False,False,False,False,False,False,False,False,False,False,False,False,False,False,False
22.7,71.0,1013.9,70.0,11.0,PASO DE LOS LIBRE,,,,,-1.0,-1.8369701987210297e-16,False,False,False,False,False,False,False,False,False,False,False,False,False,False,False,False,False,False,False,False,False,False,False
21.2,75.0,1013.9,70.0,7.0,PASO DE LOS LIBRE,,,,,-0.9659258262890684,0.2588190451025203,False,False,False,False,False,False,False,False,False,False,False,False,False,False,False,False,False,False,False,False,False,False,False
20.7,78.0,1014.0,90.0,9.0,PASO DE LOS LIBRE,,,,,-0.8660254037844386,0.5000000000000001,False,False,False,False,False,False,False,False,False,False,False,False,False,False,False,False,False,False,False,False,False,False,False
20.0,82.0,1014.4,50.0,4.0,PASO DE LOS LIBRE,,,,,-0.7071067811865477,0.7071067811865474,False,False,False,False,False,False,False,False,False,False,False,False,False,False,False,False,False,False,False,False,False,False,False
18.4,88.0,1014.2,70.0,6.0,PASO DE LOS LIBRE,,,,,-0.5000000000000004,0.8660254037844384,False,False,False,False,False,False,False,False,False,False,False,False,False,False,False,False,False,False,False,False,False,False,False
17.6,92.0,1014.5,70.0,7.0,PASO DE LOS LIBRE,,,,,-0.25881904510252157,0.9659258262890681,False,False,False,False,False,False,False,False,False,False,False,False,False,False,False,False,False,False,False,False,False,False,False
13.1,90.0,1015.0,90.0,15.0,PEHUAJO AERO,87.0,-34.166666666666664,-61.85,,1.0,6.123233995736766e-17,True,False,False,False,False,False,False,False,False,False,False,False,False,False,False,False,False,False,False,False,False,False,False
12.9,92.0,1014.9,70.0,15.0,PEHUAJO AERO,87.0,-34.166666666666664,-61.85,,0.9659258262890683,-0.25881904510252063,True,False,False,False,False,False,False,False,False,False,False,False,False,False,False,False,False,False,False,False,False,False,False
12.6,93.0,1015.0,70.0,13.0,PEHUAJO AERO,87.0,-34.166666666666664,-61.85,,0.8660254037844387,-0.4999999999999998,True,False,False,False,False,False,False,False,False,False,False,False,False,False,False,False,False,False,False,False,False,False,False
12.5,96.0,1015.2,90.0,11.0,PEHUAJO AERO,87.0,-34.166666666666664,-61.85,,0.7071067811865476,-0.7071067811865475,True,False,False,False,False,False,False,False,False,False,False,False,False,False,False,False,False,False,False,False,False,False,False
13.0,96.0,1015.1,90.0,17.0,PEHUAJO AERO,87.0,-34.166666666666664,-61.85,,0.49999999999999994,-0.8660254037844387,True,False,False,False,False,False,False,False,False,False,False,False,False,False,False,False,False,False,False,False,False,False,False
14.4,91.0,1014.8,90.0,17.0,PEHUAJO AERO,87.0,-34.166666666666664,-61.85,,0.258819045102521,-0.9659258262890682,True,False,False,False,False,False,False,False,False,False,False,False,False,False,False,False,False,False,False,False,False,False,False
15.4,89.0,1014.7,90.0,11.0,PEHUAJO AERO,87.0,-34.166666666666664,-61.85,,1.2246467991473532e-16,-1.0,True,False,False,False,False,False,False,False,False,False,False,False,False,False,False,False,False,False,False,False,False,False,False
16.4,86.0,1013.7,50.0,13.0,PEHUAJO AERO,87.0,-34.166666666666664,-61.85,,-0.2588190451025208,-0.9659258262890683,True,False,False,False,False,False,False,False,False,False,False,False,False,False,False,False,False,False,False,False,False,False,False
17.0,85.0,1012.7,50.0,7.0,PEHUAJO AERO,87.0,-34.166666666666664,-61.85,,-0.4999999999999997,-0.8660254037844388,True,False,False,False,False,False,False,False,False,False,False,False,False,False,False,False,False,False,False,False,False,False,False
17.6,84.0,1011.8,90.0,6.0,PEHUAJO AERO,87.0,-34.166666666666664,-61.85,,-0.7071067811865471,-0.7071067811865479,True,False,False,False,False,False,False,False,False,False,False,False,False,False,False,False,False,False,False,False,False,False,False
17.8,81.0,1011.4,90.0,13.0,PEHUAJO AERO,87.0,-34.166666666666664,-61.85,,-0.8660254037844385,-0.5000000000000004,True,False,False,False,False,False,False,False,False,False,False,False,False,False,False,False,False,False,False,False,False,False,False
17.2,87.0,1012.2,160.0,7.0,PEHUAJO AERO,87.0,-34.166666666666664,-61.85,,-0.9659258262890683,-0.25881904510252063,True,False,False,False,False,False,False,False,False,False,False,False,False,False,False,False,False,False,False,False,False,False,False
16.2,91.0,1012.1,200.0,11.0,PEHUAJO AERO,87.0,-34.166666666666664,-61.85,,-1.0,-1.8369701987210297e-16,True,False,False,False,False,False,False,False,False,False,False,False,False,False,False,False,False,False,False,False,False,False,False
15.3,93.0,1012.1,180.0,24.0,PEHUAJO AERO,87.0,-34.166666666666664,-61.85,,-0.9659258262890684,0.2588190451025203,True,False,False,False,False,False,False,False,False,False,False,False,False,False,False,False,False,False,False,False,False,False,False
14.5,93.0,1013.6,180.0,17.0,PEHUAJO AERO,87.0,-34.166666666666664,-61.85,,-0.8660254037844386,0.5000000000000001,True,False,False,False,False,False,False,False,False,False,False,False,False,False,False,False,False,False,False,False,False,False,False
13.9,96.0,1013.7,180.0,26.0,PEHUAJO AERO,87.0,-34.166666666666664,-61.85,,-0.7071067811865477,0.7071067811865474,True,False,False,False,False,False,False,False,False,False,False,False,False,False,False,False,False,False,False,False,False,False,False
4.0,66.0,1012.3,270.0,19.0,PERITO MORENO AER,,,,,0.7071067811865476,-0.7071067811865475,False,False,False,False,False,False,False,False,False,False,False,False,False,False,False,False,False,False,False,False,False,False,False
4.7,61.0,1013.2,270.0,15.0,PERITO MORENO AER,,,,,0.49999999999999994,-0.8660254037844387,False,False,False,False,False,False,False,False,False,False,False,False,False,False,False,False,False,False,False,False,False,False,False
7.0,51.0,,290.0,26.0,PERITO MORENO AER,,,,,-0.2588190451025208,-0.9659258262890683,False,False,False,False,False,False,False,False,False,False,False,False,False,False,False,False,False,False,False,False,False,False,False
8.0,44.0,1015.6,290.0,37.0,PERITO MORENO AER,,,,,-0.7071067811865471,-0.7071067811865479,False,False,False,False,False,False,False,False,False,False,False,False,False,False,False,False,False,False,False,False,False,False,False
6.2,64.0,1018.4,290.0,33.0,PERITO MORENO AER,,,,,-0.7071067811865477,0.7071067811865474,False,False,False,False,False,False,False,False,False,False,False,False,False,False,False,False,False,False,False,False,False,False,False
10.3,99.0,1015.6,90.0,24.0,PIGUE AERO,304.0,-36.4,-62.38333333333333,,0.7071067811865476,-0.7071067811865475,True,False,False,False,False,False,False,False,False,False,False,False,False,False,False,False,False,False,False,False,False,False,False
10.4,97.0,1015.5,50.0,15.0,PIGUE AERO,304.0,-36.4,-62.38333333333333,,0.49999999999999994,-0.8660254037844387,True,False,False,False,False,False,False,False,False,False,False,False,False,False,False,False,False,False,False,False,False,False,False
11.1,97.0,1015.5,50.0,9.0,PIGUE AERO,304.0,-36.4,-62.38333333333333,,0.258819045102521,-0.9659258262890682,True,False,False,False,False,False,False,False,False,False,False,False,False,False,False,False,False,False,False,False,False,False,False
11.4,95.0,1015.3,90.0,15.0,PIGUE AERO,304.0,-36.4,-62.38333333333333,,1.2246467991473532e-16,-1.0,True,False,False,False,False,False,False,False,False,False,False,False,False,False,False,False,False,False,False,False,False,False,False
11.6,97.0,1015.3,90.0,9.0,PIGUE AERO,304.0,-36.4,-62.38333333333333,,-0.2588190451025208,-0.9659258262890683,True,False,False,False,False,False,False,False,False,False,False,False,False,False,False,False,False,False,False,False,False,False,False
12.0,94.0,1014.3,50.0,4.0,PIGUE AERO,304.0,-36.4,-62.38333333333333,,-0.4999999999999997,-0.8660254037844388,True,False,False,False,False,False,False,False,False,False,False,False,False,False,False,False,False,False,False,False,False,False,False
12.5,93.0,1013.2,90.0,9.0,PIGUE AERO,304.0,-36.4,-62.38333333333333,,-0.7071067811865471,-0.7071067811865479,True,False,False,False,False,False,False,False,False,False,False,False,False,False,False,False,False,False,False,False,False,False,False
12.8,92.0,1013.4,0.0,0.0,PIGUE AERO,304.0,-36.4,-62.38333333333333,,-0.8660254037844385,-0.5000000000000004,True,False,False,False,False,False,False,False,False,False,False,False,False,False,False,False,False,False,False,False,False,False,False
13.7,89.0,1014.3,230.0,15.0,PIGUE AERO,304.0,-36.4,-62.38333333333333,,-0.9659258262890683,-0.25881904510252063,True,False,False,False,False,False,False,False,False,False,False,False,False,False,False,False,False,False,False,False,False,False,False
13.0,92.0,1014.0,180.0,24.0,PIGUE AERO,304.0,-36.4,-62.38333333333333,,-1.0,-1.8369701987210297e-16,True,False,False,False,False,False,False,False,False,False,False,False,False,False,False,False,False,False,False,False,False,False,False
12.1,96.0,1014.6,180.0,9.0,PIGUE AERO,304.0,-36.4,-62.38333333333333,,-0.9659258262890684,0.2588190451025203,True,False,False,False,False,False,False,False,False,False,False,False,False,False,False,False,False,False,False,False,False,False,False
11.5,80.0,1014.7,180.0,33.0,PIGUE AERO,304.0,-36.4,-62.38333333333333,,-0.8660254037844386,0.5000000000000001,True,False,False,False,False,False,False,False,False,False,False,False,False,False,False,False,False,False,False,False,False,False,False
11.1,74.0,1016.2,140.0,15.0,PIGUE AERO,304.0,-36.4,-62.38333333333333,,-0.7071067811865477,0.7071067811865474,True,False,False,False,False,False,False,False,False,False,False,False,False,False,False,False,False,False,False,False,False,False,False
14.4,99.0,1014.7,20.0,6.0,PILAR OBSERVATORI,,,,,0.0,1.0,False,False,False,False,False,False,False,False,False,False,False,False,False,False,False,False,False,False,False,False,False,False,False
13.7,100.0,1014.4,340.0,7.0,PILAR OBSERVATORI,,,,,0.25881904510252074,0.9659258262890683,False,False,False,False,False,False,False,False,False,False,False,False,False,False,False,False,False,False,False,False,False,False,False
14.1,96.0,1013.7,360.0,6.0,PILAR OBSERVATORI,,,,,0.49999999999999994,0.8660254037844387,False,False,False,False,False,False,False,False,False,False,False,False,False,False,False,False,False,False,False,False,False,False,False
13.5,96.0,1013.4,340.0,7.0,PILAR OBSERVATORI,,,,,0.7071067811865476,0.7071067811865476,False,False,False,False,False,False,False,False,False,False,False,False,False,False,False,False,False,False,False,False,False,False,False
13.0,96.0,1012.9,0.0,0.0,PILAR OBSERVATORI,,,,,0.8660254037844386,0.5000000000000001,False,False,False,False,False,False,False,False,False,False,False,False,False,False,False,False,False,False,False,False,False,False,False
12.1,93.0,1013.0,140.0,4.0,PILAR OBSERVATORI,,,,,0.9659258262890683,0.25881904510252074,False,False,False,False,False,False,False,False,False,False,False,False,False,False,False,False,False,False,False,False,False,False,False
11.5,97.0,1012.9,320.0,4.0,PILAR OBSERVATORI,,,,,1.0,6.123233995736766e-17,False,False,False,False,False,False,False,False,False,False,False,False,False,False,False,False,False,False,False,False,False,False,False
11.3,100.0,1013.1,340.0,7.0,PILAR OBSERVATORI,,,,,0.9659258262890683,-0.25881904510252063,False,False,False,False,False,False,False,False,False,False,False,False,False,False,False,False,False,False,False,False,False,False,False
11.8,100.0,1013.7,0.0,0.0,PILAR OBSERVATORI,,,,,0.8660254037844387,-0.4999999999999998,False,False,False,False,False,False,False,False,False,False,False,False,False,False,False,False,False,False,False,False,False,False,False
11.8,100.0,1013.7,320.0,6.0,PILAR OBSERVATORI,,,,,0.7071067811865476,-0.7071067811865475,False,False,False,False,False,False,False,False,False,False,False,False,False,False,False,False,False,False,False,False,False,False,False
14.3,97.0,1013.3,340.0,11.0,PILAR OBSERVATORI,,,,,0.49999999999999994,-0.8660254037844387,False,False,False,False,False,False,False,False,False,False,False,False,False,False,False,False,False,False,False,False,False,False,False
17.6,84.0,1013.0,360.0,15.0,PILAR OBSERVATORI,,,,,0.258819045102521,-0.9659258262890682,False,False,False,False,False,False,False,False,False,False,False,False,False,False,False,False,False,False,False,False,False,False,False
19.0,77.0,1012.4,20.0,11.0,PILAR OBSERVATORI,,,,,1.2246467991473532e-16,-1.0,False,False,False,False,False,False,False,False,False,False,False,False,False,False,False,False,False,False,False,False,False,False,False
22.6,57.0,1010.9,360.0,19.0,PILAR OBSERVATORI,,,,,-0.2588190451025208,-0.9659258262890683,False,False,False,False,False,False,False,False,False,False,False,False,False,False,False,False,False,False,False,False,False,False,False
23.0,55.0,1009.3,20.0,19.0,PILAR OBSERVATORI,,,,,-0.4999999999999997,-0.8660254037844388,False,False,False,False,False,False,False,False,False,False,False,False,False,False,False,False,False,False,False,False,False,False,False
23.6,53.0,1007.9,360.0,20.0,PILAR OBSERVATORI,,,,,-0.7071067811865471,-0.7071067811865479,False,False,False,False,False,False,False,False,False,False,False,False,False,False,False,False,False,False,False,False,False,False,False
24.0,52.0,1007.2,360.0,17.0,PILAR OBSERVATORI,,,,,-0.8660254037844385,-0.5000000000000004,False,False,False,False,False,False,False,False,False,False,False,False,False,False,False,False,False,False,False,False,False,False,False
23.7,54.0,1007.1,360.0,22.0,PILAR OBSERVATORI,,,,,-0.9659258262890683,-0.25881904510252063,False,False,False,False,False,False,False,False,False,False,False,False,False,False,False,False,False,False,False,False,False,False,False
22.6,59.0,1007.6,20.0,13.0,PILAR OBSERVATORI,,,,,-1.0,-1.8369701987210297e-16,False,False,False,False,False,False,False,False,False,False,False,False,False,False,False,False,False,False,False,False,False,False,False
20.1,70.0,1008.2,360.0,9.0,PILAR OBSERVATORI,,,,,-0.9659258262890684,0.2588190451025203,False,False,False,False,False,False,False,False,False,False,False,False,False,False,False,False,False,False,False,False,False,False,False
18.9,77.0,1008.9,50.0,6.0,PILAR OBSERVATORI,,,,,-0.8660254037844386,0.5000000000000001,False,False,False,False,False,False,False,False,False,False,False,False,False,False,False,False,False,False,False,False,False,False,False
17.9,82.0,1010.8,160.0,4.0,PILAR OBSERVATORI,,,,,-0.7071067811865477,0.7071067811865474,False,False,False,False,False,False,False,False,False,False,False,False,False,False,False,False,False,False,False,False,False,False,False
17.3,83.0,1011.8,160.0,9.0,PILAR OBSERVATORI,,,,,-0.5000000000000004,0.8660254037844384,False,False,False,False,False,False,False,False,False,False,False,False,False,False,False,False,False,False,False,False,False,False,False
16.6,89.0,1013.3,180.0,19.0,PILAR OBSERVATORI,,,,,-0.25881904510252157,0.9659258262890681,False,False,False,False,False,False,False,False,False,False,False,False,False,False,False,False,False,False,False,False,False,False,False
18.2,87.0,1019.8,90.0,7.0,POSADAS AERO,125.0,-26.616666666666667,-55.96666666666667,,0.0,1.0,False,False,False,False,False,False,False,False,False,False,False,False,False,True,False,False,False,False,False,False,False,False,False
17.8,86.0,1019.2,90.0,7.0,POSADAS AERO,125.0,-26.616666666666667,-55.96666666666667,,0.25881904510252074,0.9659258262890683,False,False,False,False,False,False,False,False,False,False,False,False,False,True,False,False,False,False,False,False,False,False,False
17.0,86.0,1019.0,110.0,6.0,POSADAS AERO,125.0,-26.616666666666667,-55.96666666666667,,0.49999999999999994,0.8660254037844387,False,False,False,False,False,False,False,False,False,False,False,False,False,True,False,False,False,False,False,False,False,False,False
16.8,82.0,1018.8,140.0,7.0,POSADAS AERO,125.0,-26.616666666666667,-55.96666666666667,,0.7071067811865476,0.7071067811865476,False,False,False,False,False,False,False,False,False,False,False,False,False,True,False,False,False,False,False,False,False,False,False
16.4,84.0,1018.7,140.0,6.0,POSADAS AERO,125.0,-26.616666666666667,-55.96666666666667,,0.8660254037844386,0.5000000000000001,False,False,False,False,False,False,False,False,False,False,False,False,False,True,False,False,False,False,False,False,False,False,False
16.2,85.0,1018.0,140.0,7.0,POSADAS AERO,125.0,-26.616666666666667,-55.96666666666667,,0.9659258262890683,0.25881904510252074,False,False,False,False,False,False,False,False,False,False,False,False,False,True,False,False,False,False,False,False,False,False,False
16.0,81.0,1018.0,90.0,9.0,POSADAS AERO,125.0,-26.616666666666667,-55.96666666666667,,1.0,6.123233995736766e-17,False,False,False,False,False,False,False,False,False,False,False,False,False,True,False,False,False,False,False,False,False,False,False
15.1,87.0,1018.2,110.0,7.0,POSADAS AERO,125.0,-26.616666666666667,-55.96666666666667,,0.9659258262890683,-0.25881904510252063,False,False,False,False,False,False,False,False,False,False,False,False,False,True,False,False,False,False,False,False,False,False,False
15.3,83.0,1018.6,110.0,7.0,POSADAS AERO,125.0,-26.616666666666667,-55.96666666666667,,0.8660254037844387,-0.4999999999999998,False,False,False,False,False,False,False,False,False,False,False,False,False,True,False,False,False,False,False,False,False,False,False
16.5,84.0,1018.7,90.0,6.0,POSADAS AERO,125.0,-26.616666666666667,-55.96666666666667,,0.7071067811865476,-0.7071067811865475,False,False,False,False,False,False,False,False,False,False,False,False,False,True,False,False,False,False,False,False,False,False,False
19.1,70.0,1018.9,90.0,7.0,POSADAS AERO,125.0,-26.616666666666667,-55.96666666666667,,0.49999999999999994,-0.8660254037844387,False,False,False,False,False,False,False,False,False,False,False,False,False,True,False,False,False,False,False,False,False,False,False
20.6,64.0,1018.8,50.0,9.0,POSADAS AERO,125.0,-26.616666666666667,-55.96666666666667,,0.258819045102521,-0.9659258262890682,False,False,False,False,False,False,False,False,False,False,False,False,False,True,False,False,False,False,False,False,False,False,False
22.3,62.0,1018.5,50.0,9.0,POSADAS AERO,125.0,-26.616666666666667,-55.96666666666667,,1.2246467991473532e-16,-1.0,False,False,False,False,False,False,False,False,False,False,False,False,False,True,False,False,False,False,False,False,False,False,False
23.5,59.0,1017.4,50.0,11.0,POSADAS AERO,125.0,-26.616666666666667,-55.96666666666667,,-0.2588190451025208,-0.9659258262890683,False,False,False,False,False,False,False,False,False,False,False,False,False,True,False,False,False,False,False,False,False,False,False
24.7,57.0,1016.1,50.0,15.0,POSADAS AERO,125.0,-26.616666666666667,-55.96666666666667,,-0.4999999999999997,-0.8660254037844388,False,False,False,False,False,False,False,False,False,False,False,False,False,True,False,False,False,False,False,False,False,False,False
24.9,59.0,1015.2,50.0,13.0,POSADAS AERO,125.0,-26.616666666666667,-55.96666666666667,,-0.7071067811865471,-0.7071067811865479,False,False,False,False,False,False,False,False,False,False,False,False,False,True,False,False,False,False,False,False,False,False,False
25.0,61.0,1014.6,70.0,11.0,POSADAS AERO,125.0,-26.616666666666667,-55.96666666666667,,-0.8660254037844385,-0.5000000000000004,False,False,False,False,False,False,False,False,False,False,False,False,False,True,False,False,False,False,False,False,False,False,False
25.1,62.0,1014.2,70.0,11.0,POSADAS AERO,125.0,-26.616666666666667,-55.96666666666667,,-0.9659258262890683,-0.25881904510252063,False,False,False,False,False,False,False,False,False,False,False,False,False,True,False,False,False,False,False,False,False,False,False
24.5,65.0,1014.0,70.0,9.0,POSADAS AERO,125.0,-26.616666666666667,-55.96666666666667,,-1.0,-1.8369701987210297e-16,False,False,False,False,False,False,False,False,False,False,False,False,False,True,False,False,False,False,False,False,False,False,False
22.1,71.0,1014.0,90.0,9.0,POSADAS AERO,125.0,-26.616666666666667,-55.96666666666667,,-0.9659258262890684,0.2588190451025203,False,False,False,False,False,False,False,False,False,False,False,False,False,True,False,False,False,False,False,False,False,False,False
21.1,76.0,1014.1,70.0,7.0,POSADAS AERO,125.0,-26.616666666666667,-55.96666666666667,,-0.8660254037844386,0.5000000000000001,False,False,False,False,False,False,False,False,False,False,False,False,False,True,False,False,False,False,False,False,False,False,False
21.1,75.0,1014.5,50.0,7.0,POSADAS AERO,125.0,-26.616666666666667,-55.96666666666667,,-0.7071067811865477,0.7071067811865474,False,False,False,False,False,False,False,False,False,False,False,False,False,True,False,False,False,False,False,False,False,False,False
21.2,76.0,1014.5,50.0,6.0,POSADAS AERO,125.0,-26.616666666666667,-55.96666666666667,,-0.5000000000000004,0.8660254037844384,False,False,False,False,False,False,False,False,False,False,False,False,False,True,False,False,False,False,False,False,False,False,False
20.8,78.0,1014.7,110.0,6.0,POSADAS AERO,125.0,-26.616666666666667,-55.96666666666667,,-0.25881904510252157,0.9659258262890681,False,False,False,False,False,False,False,False,False,False,False,False,False,True,False,False,False,False,False,False,False,False,False
19.8,71.0,1016.3,70.0,11.0,PRESIDENCIA ROQUE,,,,,0.0,1.0,False,False,False,False,False,False,False,False,False,False,False,False,False,False,False,False,False,False,False,False,False,False,False
20.5,69.0,1016.0,70.0,11.0,PRESIDENCIA ROQUE,,,,,0.25881904510252074,0.9659258262890683,False,False,False,False,False,False,False,False,False,False,False,False,False,False,False,False,False,False,False,False,False,False,False
20.4,71.0,1015.7,70.0,9.0,PRESIDENCIA ROQUE,,,,,0.49999999999999994,0.8660254037844387,False,False,False,False,False,False,False,False,False,False,False,False,False,False,False,False,False,False,False,False,False,False,False
20.0,75.0,1015.4,70.0,7.0,PRESIDENCIA ROQUE,,,,,0.7071067811865476,0.7071067811865476,False,False,False,False,False,False,False,False,False,False,False,False,False,False,False,False,False,False,False,False,False,False,False
18.8,79.0,1014.5,70.0,6.0,PRESIDENCIA ROQUE,,,,,0.8660254037844386,0.5000000000000001,False,False,False,False,False,False,False,False,False,False,False,False,False,False,False,False,False,False,False,False,False,False,False
18.4,82.0,1014.1,70.0,7.0,PRESIDENCIA ROQUE,,,,,0.9659258262890683,0.25881904510252074,False,False,False,False,False,False,False,False,False,False,False,False,False,False,False,False,False,False,False,False,False,False,False
18.4,83.0,1013.8,70.0,6.0,PRESIDENCIA ROQUE,,,,,1.0,6.123233995736766e-17,False,False,False,False,False,False,False,False,False,False,False,False,False,False,False,False,False,False,False,False,False,False,False
18.5,82.0,1014.0,70.0,6.0,PRESIDENCIA ROQUE,,,,,0.9659258262890683,-0.25881904510252063,False,False,False,False,False,False,False,False,False,False,False,False,False,False,False,False,False,False,False,False,False,False,False
18.2,83.0,1014.5,70.0,9.0,PRESIDENCIA ROQUE,,,,,0.8660254037844387,-0.4999999999999998,False,False,False,False,False,False,False,False,False,False,False,False,False,False,False,False,False,False,False,False,False,False,False
18.8,77.0,1014.6,70.0,9.0,PRESIDENCIA ROQUE,,,,,0.7071067811865476,-0.7071067811865475,False,False,False,False,False,False,False,False,False,False,False,False,False,False,False,False,False,False,False,False,False,False,False
21.8,63.0,1014.8,70.0,15.0,PRESIDENCIA ROQUE,,,,,0.49999999999999994,-0.8660254037844387,False,False,False,False,False,False,False,False,False,False,False,False,False,False,False,False,False,False,False,False,False,False,False
24.5,51.0,1014.9,20.0,22.0,PRESIDENCIA ROQUE,,,,,0.258819045102521,-0.9659258262890682,False,False,False,False,False,False,False,False,False,False,False,False,False,False,False,False,False,False,False,False,False,False,False
26.4,49.0,1014.5,20.0,15.0,PRESIDENCIA ROQUE,,,,,1.2246467991473532e-16,-1.0,False,False,False,False,False,False,False,False,False,False,False,False,False,False,False,False,False,False,False,False,False,False,False
27.8,43.0,1013.5,20.0,17.0,PRESIDENCIA ROQUE,,,,,-0.2588190451025208,-0.9659258262890683,False,False,False,False,False,False,False,False,False,False,False,False,False,False,False,False,False,False,False,False,False,False,False
29.2,37.0,1012.1,20.0,22.0,PRESIDENCIA ROQUE,,,,,-0.4999999999999997,-0.8660254037844388,False,False,False,False,False,False,False,False,False,False,False,False,False,False,False,False,False,False,False,False,False,False,False
29.8,33.0,1011.0,20.0,24.0,PRESIDENCIA ROQUE,,,,,-0.7071067811865471,-0.7071067811865479,False,False,False,False,False,False,False,False,False,False,False,False,False,False,False,False,False,False,False,False,False,False,False
29.5,35.0,1010.0,50.0,19.0,PRESIDENCIA ROQUE,,,,,-0.8660254037844385,-0.5000000000000004,False,False,False,False,False,False,False,False,False,False,False,False,False,False,False,False,False,False,False,False,False,False,False
29.4,37.0,1009.4,50.0,17.0,PRESIDENCIA ROQUE,,,,,-0.9659258262890683,-0.25881904510252063,False,False,False,False,False,False,False,False,False,False,False,False,False,False,False,False,False,False,False,False,False,False,False
27.8,45.0,1009.4,90.0,7.0,PRESIDENCIA ROQUE,,,,,-1.0,-1.8369701987210297e-16,False,False,False,False,False,False,False,False,False,False,False,False,False,False,False,False,False,False,False,False,False,False,False
24.6,56.0,1009.5,90.0,7.0,PRESIDENCIA ROQUE,,,,,-0.9659258262890684,0.2588190451025203,False,False,False,False,False,False,False,False,False,False,False,False,False,False,False,False,False,False,False,False,False,False,False
23.6,60.0,1010.2,90.0,7.0,PRESIDENCIA ROQUE,,,,,-0.8660254037844386,0.5000000000000001,False,False,False,False,False,False,False,False,False,False,False,False,False,False,False,False,False,False,False,False,False,False,False
22.3,66.0,1010.4,90.0,9.0,PRESIDENCIA ROQUE,,,,,-0.7071067811865477,0.7071067811865474,False,False,False,False,False,False,False,False,False,False,False,False,False,False,False,False,False,False,False,False,False,False,False
21.5,70.0,1010.6,90.0,9.0,PRESIDENCIA ROQUE,,,,,-0.5000000000000004,0.8660254037844384,False,False,False,False,False,False,False,False,False,False,False,False,False,False,False,False,False,False,False,False,False,False,False
21.3,72.0,1010.8,90.0,6.0,PRESIDENCIA ROQUE,,,,,-0.25881904510252157,0.9659258262890681,False,False,False,False,False,False,False,False,False,False,False,False,False,False,False,False,False,False,False,False,False,False,False
6.1,81.0,1004.8,270.0,24.0,PUERTO DESEADO AE,,,,,1.0,6.123233995736766e-17,False,False,False,False,False,False,False,False,False,False,False,False,False,False,False,False,False,False,False,False,False,False,False
6.4,75.0,1005.5,250.0,33.0,PUERTO DESEADO AE,,,,,0.9659258262890683,-0.25881904510252063,False,False,False,False,False,False,False,False,False,False,False,False,False,False,False,False,False,False,False,False,False,False,False
5.8,73.0,1006.8,250.0,33.0,PUERTO DESEADO AE,,,,,0.8660254037844387,-0.4999999999999998,False,False,False,False,False,False,False,False,False,False,False,False,False,False,False,False,False,False,False,False,False,False,False
4.8,79.0,1007.3,250.0,24.0,PUERTO DESEADO AE,,,,,0.7071067811865476,-0.7071067811865475,False,False,False,False,False,False,False,False,False,False,False,False,False,False,False,False,False,False,False,False,False,False,False
4.6,81.0,1007.8,250.0,24.0,PUERTO DESEADO AE,,,,,0.49999999999999994,-0.8660254037844387,False,False,False,False,False,False,False,False,False,False,False,False,False,False,False,False,False,False,False,False,False,False,False
5.3,77.0,1009.3,270.0,24.0,PUERTO DESEADO AE,,,,,0.258819045102521,-0.9659258262890682,False,False,False,False,False,False,False,False,False,False,False,False,False,False,False,False,False,False,False,False,False,False,False
7.6,68.0,1010.1,250.0,33.0,PUERTO DESEADO AE,,,,,1.2246467991473532e-16,-1.0,False,False,False,False,False,False,False,False,False,False,False,False,False,False,False,False,False,False,False,False,False,False,False
8.5,65.0,1010.6,250.0,24.0,PUERTO DESEADO AE,,,,,-0.2588190451025208,-0.9659258262890683,False,False,False,False,False,False,False,False,False,False,False,False,False,False,False,False,False,False,False,False,False,False,False
10.8,48.0,1010.6,250.0,24.0,PUERTO DESEADO AE,,,,,-0.4999999999999997,-0.8660254037844388,False,False,False,False,False,False,False,False,False,False,False,False,False,False,False,False,False,False,False,False,False,False,False
12.2,42.0,1010.8,250.0,15.0,PUERTO DESEADO AE,,,,,-0.7071067811865471,-0.7071067811865479,False,False,False,False,False,False,False,False,False,False,False,False,False,False,False,False,False,False,False,False,False,False,False
12.8,41.0,1011.5,250.0,15.0,PUERTO DESEADO AE,,,,,-0.8660254037844385,-0.5000000000000004,False,False,False,False,False,False,False,False,False,False,False,False,False,False,False,False,False,False,False,False,False,False,False
13.8,59.0,1012.2,270.0,24.0,PUERTO DESEADO AE,,,,,-0.9659258262890683,-0.25881904510252063,False,False,False,False,False,False,False,False,False,False,False,False,False,False,False,False,False,False,False,False,False,False,False
9.8,53.0,1013.1,270.0,24.0,PUERTO DESEADO AE,,,,,-1.0,-1.8369701987210297e-16,False,False,False,False,False,False,False,False,False,False,False,False,False,False,False,False,False,False,False,False,False,False,False
5.2,67.0,1014.0,270.0,9.0,PUERTO DESEADO AE,,,,,-0.9659258262890684,0.2588190451025203,False,False,False,False,False,False,False,False,False,False,False,False,False,False,False,False,False,False,False,False,False,False,False
4.8,72.0,1014.7,270.0,9.0,PUERTO DESEADO AE,,,,,-0.8660254037844386,0.5000000000000001,False,False,False,False,False,False,False,False,False,False,False,False,False,False,False,False,False,False,False,False,False,False,False
4.8,66.0,1014.8,270.0,9.0,PUERTO DESEADO AE,,,,,-0.7071067811865477,0.7071067811865474,False,False,False,False,False,False,False,False,False,False,False,False,False,False,False,False,False,False,False,False,False,False,False
2.8,76.0,1011.0,290.0,11.0,PUERTO MADRYN AER,,,,,1.0,6.123233995736766e-17,False,False,False,False,False,False,False,False,False,False,False,False,False,False,False,False,False,False,False,False,False,False,False
1.8,77.0,1011.0,290.0,15.0,PUERTO MADRYN AER,,,,,0.9659258262890683,-0.25881904510252063,False,False,False,False,False,False,False,False,False,False,False,False,False,False,False,False,False,False,False,False,False,False,False
1.2,78.0,1012.1,270.0,15.0,PUERTO MADRYN AER,,,,,0.8660254037844387,-0.4999999999999998,False,False,False,False,False,False,False,False,False,False,False,False,False,False,False,False,False,False,False,False,False,False,False
1.4,74.0,1012.5,250.0,19.0,PUERTO MADRYN AER,,,,,0.7071067811865476,-0.7071067811865475,False,False,False,False,False,False,False,False,False,False,False,False,False,False,False,False,False,False,False,False,False,False,False
8.8,66.0,1012.9,230.0,26.0,PUERTO MADRYN AER,,,,,0.49999999999999994,-0.8660254037844387,False,False,False,False,False,False,False,False,False,False,False,False,False,False,False,False,False,False,False,False,False,False,False
11.0,64.0,1013.4,230.0,28.0,PUERTO MADRYN AER,,,,,0.258819045102521,-0.9659258262890682,False,False,False,False,False,False,False,False,False,False,False,False,False,False,False,False,False,False,False,False,False,False,False
12.8,60.0,1014.0,200.0,30.0,PUERTO MADRYN AER,,,,,1.2246467991473532e-16,-1.0,False,False,False,False,False,False,False,False,False,False,False,False,False,False,False,False,False,False,False,False,False,False,False
12.6,57.0,1013.7,230.0,22.0,PUERTO MADRYN AER,,,,,-0.2588190451025208,-0.9659258262890683,False,False,False,False,False,False,False,False,False,False,False,False,False,False,False,False,False,False,False,False,False,False,False
13.8,53.0,1013.7,200.0,26.0,PUERTO MADRYN AER,,,,,-0.4999999999999997,-0.8660254037844388,False,False,False,False,False,False,False,False,False,False,False,False,False,False,False,False,False,False,False,False,False,False,False
14.4,48.0,1014.2,230.0,26.0,PUERTO MADRYN AER,,,,,-0.7071067811865471,-0.7071067811865479,False,False,False,False,False,False,False,False,False,False,False,False,False,False,False,False,False,False,False,False,False,False,False
13.8,51.0,1014.7,230.0,33.0,PUERTO MADRYN AER,,,,,-0.8660254037844385,-0.5000000000000004,False,False,False,False,False,False,False,False,False,False,False,False,False,False,False,False,False,False,False,False,False,False,False
12.8,50.0,1015.9,230.0,30.0,PUERTO MADRYN AER,,,,,-0.9659258262890683,-0.25881904510252063,False,False,False,False,False,False,False,False,False,False,False,False,False,False,False,False,False,False,False,False,False,False,False
11.2,51.0,1017.0,200.0,22.0,PUERTO MADRYN AER,,,,,-1.0,-1.8369701987210297e-16,False,False,False,False,False,False,False,False,False,False,False,False,False,False,False,False,False,False,False,False,False,False,False
9.2,52.0,1018.1,200.0,19.0,PUERTO MADRYN AER,,,,,-0.9659258262890684,0.2588190451025203,False,False,False,False,False,False,False,False,False,False,False,False,False,False,False,False,False,False,False,False,False,False,False
7.8,54.0,1019.5,230.0,19.0,PUERTO MADRYN AER,,,,,-0.8660254037844386,0.5000000000000001,False,False,False,False,False,False,False,False,False,False,False,False,False,False,False,False,False,False,False,False,False,False,False
7.6,51.0,1020.6,230.0,15.0,PUERTO MADRYN AER,,,,,-0.7071067811865477,0.7071067811865474,False,False,False,False,False,False,False,False,False,False,False,False,False,False,False,False,False,False,False,False,False,False,False
6.8,55.0,1021.4,230.0,15.0,PUERTO MADRYN AER,,,,,-0.5000000000000004,0.8660254037844384,False,False,False,False,False,False,False,False,False,False,False,False,False,False,False,False,False,False,False,False,False,False,False
3.8,61.0,1022.1,250.0,15.0,PUERTO MADRYN AER,,,,,-0.25881904510252157,0.9659258262890681,False,False,False,False,False,False,False,False,False,False,False,False,False,False,False,False,False,False,False,False,False,False,False
11.4,100.0,1019.0,90.0,17.0,PUNTA INDIO B.A.,22.0,-34.65,-57.28333333333333,,0.7071067811865476,-0.7071067811865475,True,False,False,False,False,False,False,False,False,False,False,False,False,False,False,False,False,False,False,False,False,False,False
12.2,97.0,1018.7,110.0,19.0,PUNTA INDIO B.A.,22.0,-34.65,-57.28333333333333,,0.49999999999999994,-0.8660254037844387,True,False,False,False,False,False,False,False,False,False,False,False,False,False,False,False,False,False,False,False,False,False,False
12.4,99.0,1018.3,70.0,17.0,PUNTA INDIO B.A.,22.0,-34.65,-57.28333333333333,,0.258819045102521,-0.9659258262890682,True,False,False,False,False,False,False,False,False,False,False,False,False,False,False,False,False,False,False,False,False,False,False
13.0,100.0,1018.1,90.0,13.0,PUNTA INDIO B.A.,22.0,-34.65,-57.28333333333333,,1.2246467991473532e-16,-1.0,True,False,False,False,False,False,False,False,False,False,False,False,False,False,False,False,False,False,False,False,False,False,False
13.4,95.0,1017.4,90.0,15.0,PUNTA INDIO B.A.,22.0,-34.65,-57.28333333333333,,-0.2588190451025208,-0.9659258262890683,True,False,False,False,False,False,False,False,False,False,False,False,False,False,False,False,False,False,False,False,False,False,False
14.8,91.0,1016.1,90.0,9.0,PUNTA INDIO B.A.,22.0,-34.65,-57.28333333333333,,-0.4999999999999997,-0.8660254037844388,True,False,False,False,False,False,False,False,False,False,False,False,False,False,False,False,False,False,False,False,False,False,False
15.0,89.0,1015.3,90.0,15.0,PUNTA INDIO B.A.,22.0,-34.65,-57.28333333333333,,-0.7071067811865471,-0.7071067811865479,True,False,False,False,False,False,False,False,False,False,False,False,False,False,False,False,False,False,False,False,False,False,False
14.6,93.0,1014.8,90.0,13.0,PUNTA INDIO B.A.,22.0,-34.65,-57.28333333333333,,-0.8660254037844385,-0.5000000000000004,True,False,False,False,False,False,False,False,False,False,False,False,False,False,False,False,False,False,False,False,False,False,False
14.6,93.0,1014.3,90.0,15.0,PUNTA INDIO B.A.,22.0,-34.65,-57.28333333333333,,-0.9659258262890683,-0.25881904510252063,True,False,False,False,False,False,False,False,False,False,False,False,False,False,False,False,False,False,False,False,False,False,False
13.8,91.0,1013.6,90.0,17.0,PUNTA INDIO B.A.,22.0,-34.65,-57.28333333333333,,-1.0,-1.8369701987210297e-16,True,False,False,False,False,False,False,False,False,False,False,False,False,False,False,False,False,False,False,False,False,False,False
14.2,95.0,1013.4,90.0,15.0,PUNTA INDIO B.A.,22.0,-34.65,-57.28333333333333,,-0.9659258262890684,0.2588190451025203,True,False,False,False,False,False,False,False,False,False,False,False,False,False,False,False,False,False,False,False,False,False,False
14.8,91.0,1013.4,70.0,15.0,PUNTA INDIO B.A.,22.0,-34.65,-57.28333333333333,,-0.8660254037844386,0.5000000000000001,True,False,False,False,False,False,False,False,False,False,False,False,False,False,False,False,False,False,False,False,False,False,False
15.0,94.0,1013.1,70.0,15.0,PUNTA INDIO B.A.,22.0,-34.65,-57.28333333333333,,-0.7071067811865477,0.7071067811865474,True,False,False,False,False,False,False,False,False,False,False,False,False,False,False,False,False,False,False,False,False,False,False
16.0,94.0,1014.3,90.0,15.0,RAFAELA AERO,99.0,-30.733333333333334,-61.5,,1.0,6.123233995736766e-17,False,False,False,False,False,False,False,False,False,False,False,False,False,False,False,False,False,False,False,False,True,False,False
17.5,85.0,1015.0,50.0,24.0,RAFAELA AERO,99.0,-30.733333333333334,-61.5,,0.7071067811865476,-0.7071067811865475,False,False,False,False,False,False,False,False,False,False,False,False,False,False,False,False,False,False,False,False,True,False,False
20.0,73.0,1014.7,360.0,33.0,RAFAELA AERO,99.0,-30.733333333333334,-61.5,,1.2246467991473532e-16,-1.0,False,False,False,False,False,False,False,False,False,False,False,False,False,False,False,False,False,False,False,False,True,False,False
22.6,62.0,1012.2,360.0,24.0,RAFAELA AERO,99.0,-30.733333333333334,-61.5,,-0.7071067811865471,-0.7071067811865479,False,False,False,False,False,False,False,False,False,False,False,False,False,False,False,False,False,False,False,False,True,False,False
23.4,59.0,1010.1,50.0,15.0,RAFAELA AERO,99.0,-30.733333333333334,-61.5,,-1.0,-1.8369701987210297e-16,False,False,False,False,False,False,False,False,False,False,False,False,False,False,False,False,False,False,False,False,True,False,False
19.3,70.0,1009.7,90.0,9.0,RAFAELA AERO,99.0,-30.733333333333334,-61.5,,-0.7071067811865477,0.7071067811865474,False,False,False,False,False,False,False,False,False,False,False,False,False,False,False,False,False,False,False,False,True,False,False
18.9,79.0,1017.8,50.0,20.0,RECONQUISTA AERO,53.0,-28.8,-59.68333333333333,,0.0,1.0,False,False,False,False,False,False,False,False,False,False,False,False,False,False,False,False,False,False,False,False,True,False,False
18.6,82.0,1017.4,50.0,20.0,RECONQUISTA AERO,53.0,-28.8,-59.68333333333333,,0.25881904510252074,0.9659258262890683,False,False,False,False,False,False,False,False,False,False,False,False,False,False,False,False,False,False,False,False,True,False,False
18.4,82.0,1017.2,50.0,19.0,RECONQUISTA AERO,53.0,-28.8,-59.68333333333333,,0.49999999999999994,0.8660254037844387,False,False,False,False,False,False,False,False,False,False,False,False,False,False,False,False,False,False,False,False,True,False,False
18.1,83.0,1016.6,50.0,19.0,RECONQUISTA AERO,53.0,-28.8,-59.68333333333333,,0.7071067811865476,0.7071067811865476,False,False,False,False,False,False,False,False,False,False,False,False,False,False,False,False,False,False,False,False,True,False,False
17.5,85.0,1016.5,50.0,17.0,RECONQUISTA AERO,53.0,-28.8,-59.68333333333333,,0.8660254037844386,0.5000000000000001,False,False,False,False,False,False,False,False,False,False,False,False,False,False,False,False,False,False,False,False,True,False,False
17.4,88.0,1016.0,50.0,15.0,RECONQUISTA AERO,53.0,-28.8,-59.68333333333333,,0.9659258262890683,0.25881904510252074,False,False,False,False,False,False,False,False,False,False,False,False,False,False,False,False,False,False,False,False,True,False,False
16.8,91.0,1015.8,50.0,9.0,RECONQUISTA AERO,53.0,-28.8,-59.68333333333333,,1.0,6.123233995736766e-17,False,False,False,False,False,False,False,False,False,False,False,False,False,False,False,False,False,False,False,False,True,False,False
16.5,90.0,1016.0,60.0,17.0,RECONQUISTA AERO,53.0,-28.8,-59.68333333333333,,0.9659258262890683,-0.25881904510252063,False,False,False,False,False,False,False,False,False,False,False,False,False,False,False,False,False,False,False,False,True,False,False
16.6,88.0,1016.3,60.0,15.0,RECONQUISTA AERO,53.0,-28.8,-59.68333333333333,,0.8660254037844387,-0.4999999999999998,False,False,False,False,False,False,False,False,False,False,False,False,False,False,False,False,False,False,False,False,True,False,False
17.6,81.0,1016.5,60.0,17.0,RECONQUISTA AERO,53.0,-28.8,-59.68333333333333,,0.7071067811865476,-0.7071067811865475,False,False,False,False,False,False,False,False,False,False,False,False,False,False,False,False,False,False,False,False,True,False,False
19.0,75.0,1016.7,50.0,20.0,RECONQUISTA AERO,53.0,-28.8,-59.68333333333333,,0.49999999999999994,-0.8660254037844387,False,False,False,False,False,False,False,False,False,False,False,False,False,False,False,False,False,False,False,False,True,False,False
21.3,67.0,1016.5,40.0,20.0,RECONQUISTA AERO,53.0,-28.8,-59.68333333333333,,0.258819045102521,-0.9659258262890682,False,False,False,False,False,False,False,False,False,False,False,False,False,False,False,False,False,False,False,False,True,False,False
22.8,62.0,1016.0,30.0,17.0,RECONQUISTA AERO,53.0,-28.8,-59.68333333333333,,1.2246467991473532e-16,-1.0,False,False,False,False,False,False,False,False,False,False,False,False,False,False,False,False,False,False,False,False,True,False,False
24.0,58.0,1014.8,20.0,19.0,RECONQUISTA AERO,53.0,-28.8,-59.68333333333333,,-0.2588190451025208,-0.9659258262890683,False,False,False,False,False,False,False,False,False,False,False,False,False,False,False,False,False,False,False,False,True,False,False
25.3,53.0,1013.7,20.0,26.0,RECONQUISTA AERO,53.0,-28.8,-59.68333333333333,,-0.4999999999999997,-0.8660254037844388,False,False,False,False,False,False,False,False,False,False,False,False,False,False,False,False,False,False,False,False,True,False,False
25.7,51.0,1012.7,20.0,24.0,RECONQUISTA AERO,53.0,-28.8,-59.68333333333333,,-0.7071067811865471,-0.7071067811865479,False,False,False,False,False,False,False,False,False,False,False,False,False,False,False,False,False,False,False,False,True,False,False
26.1,50.0,1011.9,30.0,19.0,RECONQUISTA AERO,53.0,-28.8,-59.68333333333333,,-0.8660254037844385,-0.5000000000000004,False,False,False,False,False,False,False,False,False,False,False,False,False,False,False,False,False,False,False,False,True,False,False
25.6,55.0,1011.8,40.0,17.0,RECONQUISTA AERO,53.0,-28.8,-59.68333333333333,,-0.9659258262890683,-0.25881904510252063,False,False,False,False,False,False,False,False,False,False,False,False,False,False,False,False,False,False,False,False,True,False,False
24.3,61.0,1011.5,50.0,11.0,RECONQUISTA AERO,53.0,-28.8,-59.68333333333333,,-1.0,-1.8369701987210297e-16,False,False,False,False,False,False,False,False,False,False,False,False,False,False,False,False,False,False,False,False,True,False,False
22.7,65.0,1011.4,60.0,15.0,RECONQUISTA AERO,53.0,-28.8,-59.68333333333333,,-0.9659258262890684,0.2588190451025203,False,False,False,False,False,False,False,False,False,False,False,False,False,False,False,False,False,False,False,False,True,False,False
21.4,71.0,1011.6,50.0,13.0,RECONQUISTA AERO,53.0,-28.8,-59.68333333333333,,-0.8660254037844386,0.5000000000000001,False,False,False,False,False,False,False,False,False,False,False,False,False,False,False,False,False,False,False,False,True,False,False
21.3,71.0,1011.7,50.0,19.0,RECONQUISTA AERO,53.0,-28.8,-59.68333333333333,,-0.7071067811865477,0.7071067811865474,False,False,False,False,False,False,False,False,False,False,False,False,False,False,False,False,False,False,False,False,True,False,False
20.8,74.0,1011.6,50.0,22.0,RECONQUISTA AERO,53.0,-28.8,-59.68333333333333,,-0.5000000000000004,0.8660254037844384,False,False,False,False,False,False,False,False,False,False,False,False,False,False,False,False,False,False,False,False,True,False,False
20.9,74.0,1011.4,50.0,22.0,RECONQUISTA AERO,53.0,-28.8,-59.68333333333333,,-0.25881904510252157,0.9659258262890681,False,False,False,False,False,False,False,False,False,False,False,False,False,False,False,False,False,False,False,False,True,False,False
18.3,84.0,1017.6,50.0,7.0,RESISTENCIA AERO,52.0,-26.566666666666666,-59.03333333333333,,0.0,1.0,False,False,False,True,False,False,False,False,False,False,False,False,False,False,False,False,False,False,False,False,False,False,False
17.1,88.0,1017.8,50.0,6.0,RESISTENCIA AERO,52.0,-26.566666666666666,-59.03333333333333,,0.25881904510252074,0.9659258262890683,False,False,False,True,False,False,False,False,False,False,False,False,False,False,False,False,False,False,False,False,False,False,False
16.9,88.0,1017.2,70.0,9.0,RESISTENCIA AERO,52.0,-26.566666666666666,-59.03333333333333,,0.49999999999999994,0.8660254037844387,False,False,False,True,False,False,False,False,False,False,False,False,False,False,False,False,False,False,False,False,False,False,False
16.6,88.0,1016.7,70.0,9.0,RESISTENCIA AERO,52.0,-26.566666666666666,-59.03333333333333,,0.7071067811865476,0.7071067811865476,False,False,False,True,False,False,False,False,False,False,False,False,False,False,False,False,False,False,False,False,False,False,False
16.8,86.0,1016.3,70.0,9.0,RESISTENCIA AERO,52.0,-26.566666666666666,-59.03333333333333,,0.8660254037844386,0.5000000000000001,False,False,False,True,False,False,False,False,False,False,False,False,False,False,False,False,False,False,False,False,False,False,False
16.8,85.0,1015.7,50.0,11.0,RESISTENCIA AERO,52.0,-26.566666666666666,-59.03333333333333,,0.9659258262890683,0.25881904510252074,False,False,False,True,False,False,False,False,False,False,False,False,False,False,False,False,False,False,False,False,False,False,False
16.7,82.0,1015.4,70.0,9.0,RESISTENCIA AERO,52.0,-26.566666666666666,-59.03333333333333,,1.0,6.123233995736766e-17,False,False,False,True,False,False,False,False,False,False,False,False,False,False,False,False,False,False,False,False,False,False,False
16.5,83.0,1015.5,60.0,9.0,RESISTENCIA AERO,52.0,-26.566666666666666,-59.03333333333333,,0.9659258262890683,-0.25881904510252063,False,False,False,True,False,False,False,False,False,False,False,False,False,False,False,False,False,False,False,False,False,False,False
15.7,86.0,1016.0,40.0,9.0,RESISTENCIA AERO,52.0,-26.566666666666666,-59.03333333333333,,0.8660254037844387,-0.4999999999999998,False,False,False,True,False,False,False,False,False,False,False,False,False,False,False,False,False,False,False,False,False,False,False
17.6,79.0,1016.1,50.0,7.0,RESISTENCIA AERO,52.0,-26.566666666666666,-59.03333333333333,,0.7071067811865476,-0.7071067811865475,False,False,False,True,False,False,False,False,False,False,False,False,False,False,False,False,False,False,False,False,False,False,False
20.7,67.0,1016.1,40.0,15.0,RESISTENCIA AERO,52.0,-26.566666666666666,-59.03333333333333,,0.49999999999999994,-0.8660254037844387,False,False,False,True,False,False,False,False,False,False,False,False,False,False,False,False,False,False,False,False,False,False,False
23.0,59.0,1016.4,30.0,17.0,RESISTENCIA AERO,52.0,-26.566666666666666,-59.03333333333333,,0.258819045102521,-0.9659258262890682,False,False,False,True,False,False,False,False,False,False,False,False,False,False,False,False,False,False,False,False,False,False,False
24.7,53.0,1015.7,30.0,15.0,RESISTENCIA AERO,52.0,-26.566666666666666,-59.03333333333333,,1.2246467991473532e-16,-1.0,False,False,False,True,False,False,False,False,False,False,False,False,False,False,False,False,False,False,False,False,False,False,False
26.8,49.0,1014.8,30.0,15.0,RESISTENCIA AERO,52.0,-26.566666666666666,-59.03333333333333,,-0.2588190451025208,-0.9659258262890683,False,False,False,True,False,False,False,False,False,False,False,False,False,False,False,False,False,False,False,False,False,False,False
27.4,47.0,1013.5,20.0,13.0,RESISTENCIA AERO,52.0,-26.566666666666666,-59.03333333333333,,-0.4999999999999997,-0.8660254037844388,False,False,False,True,False,False,False,False,False,False,False,False,False,False,False,False,False,False,False,False,False,False,False
27.6,46.0,1012.5,20.0,13.0,RESISTENCIA AERO,52.0,-26.566666666666666,-59.03333333333333,,-0.7071067811865471,-0.7071067811865479,False,False,False,True,False,False,False,False,False,False,False,False,False,False,False,False,False,False,False,False,False,False,False
27.4,49.0,1011.8,40.0,11.0,RESISTENCIA AERO,52.0,-26.566666666666666,-59.03333333333333,,-0.8660254037844385,-0.5000000000000004,False,False,False,True,False,False,False,False,False,False,False,False,False,False,False,False,False,False,False,False,False,False,False
27.4,49.0,1011.4,40.0,11.0,RESISTENCIA AERO,52.0,-26.566666666666666,-59.03333333333333,,-0.9659258262890683,-0.25881904510252063,False,False,False,True,False,False,False,False,False,False,False,False,False,False,False,False,False,False,False,False,False,False,False
25.2,59.0,1011.3,50.0,6.0,RESISTENCIA AERO,52.0,-26.566666666666666,-59.03333333333333,,-1.0,-1.8369701987210297e-16,False,False,False,True,False,False,False,False,False,False,False,False,False,False,False,False,False,False,False,False,False,False,False
23.5,66.0,1011.5,70.0,6.0,RESISTENCIA AERO,52.0,-26.566666666666666,-59.03333333333333,,-0.9659258262890684,0.2588190451025203,False,False,False,True,False,False,False,False,False,False,False,False,False,False,False,False,False,False,False,False,False,False,False
22.1,73.0,1011.7,60.0,7.0,RESISTENCIA AERO,52.0,-26.566666666666666,-59.03333333333333,,-0.8660254037844386,0.5000000000000001,False,False,False,True,False,False,False,False,False,False,False,False,False,False,False,False,False,False,False,False,False,False,False
21.5,74.0,1012.1,70.0,9.0,RESISTENCIA AERO,52.0,-26.566666666666666,-59.03333333333333,,-0.7071067811865477,0.7071067811865474,False,False,False,True,False,False,False,False,False,False,False,False,False,False,False,False,False,False,False,False,False,False,False
21.7,72.0,1012.2,70.0,9.0,RESISTENCIA AERO,52.0,-26.566666666666666,-59.03333333333333,,-0.5000000000000004,0.8660254037844384,False,False,False,True,False,False,False,False,False,False,False,False,False,False,False,False,False,False,False,False,False,False,False
20.9,74.0,1012.3,60.0,9.0,RESISTENCIA AERO,52.0,-26.566666666666666,-59.03333333333333,,-0.25881904510252157,0.9659258262890681,False,False,False,True,False,False,False,False,False,False,False,False,False,False,False,False,False,False,False,False,False,False,False
15.4,95.0,1014.0,360.0,13.0,RIO CUARTO AERO,421.0,-32.916666666666664,-64.26666666666667,,0.0,1.0,False,False,False,False,False,True,False,False,False,False,False,False,False,False,False,False,False,False,False,False,False,False,False
14.9,98.0,1013.8,360.0,7.0,RIO CUARTO AERO,421.0,-32.916666666666664,-64.26666666666667,,0.25881904510252074,0.9659258262890683,False,False,False,False,False,True,False,False,False,False,False,False,False,False,False,False,False,False,False,False,False,False,False
12.2,99.0,1013.7,10.0,7.0,RIO CUARTO AERO,421.0,-32.916666666666664,-64.26666666666667,,0.49999999999999994,0.8660254037844387,False,False,False,False,False,True,False,False,False,False,False,False,False,False,False,False,False,False,False,False,False,False,False
11.3,100.0,1013.6,360.0,6.0,RIO CUARTO AERO,421.0,-32.916666666666664,-64.26666666666667,,0.7071067811865476,0.7071067811865476,False,False,False,False,False,True,False,False,False,False,False,False,False,False,False,False,False,False,False,False,False,False,False
11.9,100.0,1012.6,10.0,7.0,RIO CUARTO AERO,421.0,-32.916666666666664,-64.26666666666667,,0.8660254037844386,0.5000000000000001,False,False,False,False,False,True,False,False,False,False,False,False,False,False,False,False,False,False,False,False,False,False,False
10.9,100.0,1012.2,360.0,6.0,RIO CUARTO AERO,421.0,-32.916666666666664,-64.26666666666667,,0.9659258262890683,0.25881904510252074,False,False,False,False,False,True,False,False,False,False,False,False,False,False,False,False,False,False,False,False,False,False,False
8.8,100.0,1012.4,0.0,0.0,RIO CUARTO AERO,421.0,-32.916666666666664,-64.26666666666667,,1.0,6.123233995736766e-17,False,False,False,False,False,True,False,False,False,False,False,False,False,False,False,False,False,False,False,False,False,False,False
9.2,100.0,1012.8,0.0,0.0,RIO CUARTO AERO,421.0,-32.916666666666664,-64.26666666666667,,0.9659258262890683,-0.25881904510252063,False,False,False,False,False,True,False,False,False,False,False,False,False,False,False,False,False,False,False,False,False,False,False
9.0,99.0,1013.3,270.0,6.0,RIO CUARTO AERO,421.0,-32.916666666666664,-64.26666666666667,,0.8660254037844387,-0.4999999999999998,False,False,False,False,False,True,False,False,False,False,False,False,False,False,False,False,False,False,False,False,False,False,False
10.8,99.0,1013.5,290.0,6.0,RIO CUARTO AERO,421.0,-32.916666666666664,-64.26666666666667,,0.7071067811865476,-0.7071067811865475,False,False,False,False,False,True,False,False,False,False,False,False,False,False,False,False,False,False,False,False,False,False,False
11.6,99.0,1013.3,0.0,0.0,RIO CUARTO AERO,421.0,-32.916666666666664,-64.26666666666667,,0.49999999999999994,-0.8660254037844387,False,False,False,False,False,True,False,False,False,False,False,False,False,False,False,False,False,False,False,False,False,False,False
12.0,99.0,1013.0,270.0,7.0,RIO CUARTO AERO,421.0,-32.916666666666664,-64.26666666666667,,0.258819045102521,-0.9659258262890682,False,False,False,False,False,True,False,False,False,False,False,False,False,False,False,False,False,False,False,False,False,False,False
14.0,93.0,1011.9,30.0,9.0,RIO CUARTO AERO,421.0,-32.916666666666664,-64.26666666666667,,1.2246467991473532e-16,-1.0,False,False,False,False,False,True,False,False,False,False,False,False,False,False,False,False,False,False,False,False,False,False,False
15.2,90.0,1010.7,30.0,17.0,RIO CUARTO AERO,421.0,-32.916666666666664,-64.26666666666667,,-0.2588190451025208,-0.9659258262890683,False,False,False,False,False,True,False,False,False,False,False,False,False,False,False,False,False,False,False,False,False,False,False
19.0,81.0,1009.0,40.0,17.0,RIO CUARTO AERO,421.0,-32.916666666666664,-64.26666666666667,,-0.4999999999999997,-0.8660254037844388,False,False,False,False,False,True,False,False,False,False,False,False,False,False,False,False,False,False,False,False,False,False,False
20.2,79.0,1008.0,20.0,13.0,RIO CUARTO AERO,421.0,-32.916666666666664,-64.26666666666667,,-0.7071067811865471,-0.7071067811865479,False,False,False,False,False,True,False,False,False,False,False,False,False,False,False,False,False,False,False,False,False,False,False
21.0,75.0,1007.7,90.0,17.0,RIO CUARTO AERO,421.0,-32.916666666666664,-64.26666666666667,,-0.8660254037844385,-0.5000000000000004,False,False,False,False,False,True,False,False,False,False,False,False,False,False,False,False,False,False,False,False,False,False,False
22.0,61.0,1008.0,90.0,13.0,RIO CUARTO AERO,421.0,-32.916666666666664,-64.26666666666667,,-0.9659258262890683,-0.25881904510252063,False,False,False,False,False,True,False,False,False,False,False,False,False,False,False,False,False,False,False,False,False,False,False
20.0,73.0,1009.2,180.0,22.0,RIO CUARTO AERO,421.0,-32.916666666666664,-64.26666666666667,,-1.0,-1.8369701987210297e-16,False,False,False,False,False,True,False,False,False,False,False,False,False,False,False,False,False,False,False,False,False,False,False
16.4,85.0,1010.9,180.0,22.0,RIO CUARTO AERO,421.0,-32.916666666666664,-64.26666666666667,,-0.9659258262890684,0.2588190451025203,False,False,False,False,False,True,False,False,False,False,False,False,False,False,False,False,False,False,False,False,False,False,False
14.2,94.0,1012.3,200.0,28.0,RIO CUARTO AERO,421.0,-32.916666666666664,-64.26666666666667,,-0.8660254037844386,0.5000000000000001,False,False,False,False,False,True,False,False,False,False,False,False,False,False,False,False,False,False,False,False,False,False,False
14.7,90.0,1013.3,200.0,33.0,RIO CUARTO AERO,421.0,-32.916666666666664,-64.26666666666667,,-0.7071067811865477,0.7071067811865474,False,False,False,False,False,True,False,False,False,False,False,False,False,False,False,False,False,False,False,False,False,False,False
14.2,97.0,1014.0,220.0,24.0,RIO CUARTO AERO,421.0,-32.916666666666664,-64.26666666666667,,-0.5000000000000004,0.8660254037844384,False,False,False,False,False,True,False,False,False,False,False,False,False,False,False,False,False,False,False,False,False,False,False
12.6,97.0,1016.3,220.0,33.0,RIO CUARTO AERO,421.0,-32.916666666666664,-64.26666666666667,,-0.25881904510252157,0.9659258262890681,False,False,False,False,False,True,False,False,False,False,False,False,False,False,False,False,False,False,False,False,False,False,False
2.2,86.0,999.9,270.0,7.0,RIO GALLEGOS AERO,19.0,-50.4,-69.3,,0.0,1.0,False,False,False,False,False,False,False,False,False,False,False,False,False,False,False,False,False,False,False,True,False,False,False
1.4,92.0,1000.9,280.0,7.0,RIO GALLEGOS AERO,19.0,-50.4,-69.3,,0.25881904510252074,0.9659258262890683,False,False,False,False,False,False,False,False,False,False,False,False,False,False,False,False,False,False,False,True,False,False,False
1.6,89.0,1001.5,270.0,20.0,RIO GALLEGOS AERO,19.0,-50.4,-69.3,,0.49999999999999994,0.8660254037844387,False,False,False,False,False,False,False,False,False,False,False,False,False,False,False,False,False,False,False,True,False,False,False
2.4,83.0,1001.9,240.0,22.0,RIO GALLEGOS AERO,19.0,-50.4,-69.3,,0.7071067811865476,0.7071067811865476,False,False,False,False,False,False,False,False,False,False,False,False,False,False,False,False,False,False,False,True,False,False,False
2.2,86.0,1002.7,210.0,17.0,RIO GALLEGOS AERO,19.0,-50.4,-69.3,,0.8660254037844386,0.5000000000000001,False,False,False,False,False,False,False,False,False,False,False,False,False,False,False,False,False,False,False,True,False,False,False
2.6,81.0,1002.6,240.0,22.0,RIO GALLEGOS AERO,19.0,-50.4,-69.3,,0.9659258262890683,0.25881904510252074,False,False,False,False,False,False,False,False,False,False,False,False,False,False,False,False,False,False,False,True,False,False,False
2.8,83.0,1003.2,240.0,24.0,RIO GALLEGOS AERO,19.0,-50.4,-69.3,,1.0,6.123233995736766e-17,False,False,False,False,False,False,False,False,False,False,False,False,False,False,False,False,False,False,False,True,False,False,False
1.9,87.0,1003.2,260.0,31.0,RIO GALLEGOS AERO,19.0,-50.4,-69.3,,0.9659258262890683,-0.25881904510252063,False,False,False,False,False,False,False,False,False,False,False,False,False,False,False,False,False,False,False,True,False,False,False
2.0,86.0,1004.4,200.0,15.0,RIO GALLEGOS AERO,19.0,-50.4,-69.3,,0.8660254037844387,-0.4999999999999998,False,False,False,False,False,False,False,False,False,False,False,False,False,False,False,False,False,False,False,True,False,False,False
1.1,89.0,1004.7,240.0,19.0,RIO GALLEGOS AERO,19.0,-50.4,-69.3,,0.7071067811865476,-0.7071067811865475,False,False,False,False,False,False,False,False,False,False,False,False,False,False,False,False,False,False,False,True,False,False,False
0.4,94.0,1005.5,250.0,15.0,RIO GALLEGOS AERO,19.0,-50.4,-69.3,,0.49999999999999994,-0.8660254037844387,False,False,False,False,False,False,False,False,False,False,False,False,False,False,False,False,False,False,False,True,False,False,False
1.4,87.0,1006.1,290.0,17.0,RIO GALLEGOS AERO,19.0,-50.4,-69.3,,0.258819045102521,-0.9659258262890682,False,False,False,False,False,False,False,False,False,False,False,False,False,False,False,False,False,False,False,True,False,False,False
3.8,79.0,1006.4,270.0,9.0,RIO GALLEGOS AERO,19.0,-50.4,-69.3,,1.2246467991473532e-16,-1.0,False,False,False,False,False,False,False,False,False,False,False,False,False,False,False,False,False,False,False,True,False,False,False
5.5,72.0,1006.4,280.0,19.0,RIO GALLEGOS AERO,19.0,-50.4,-69.3,,-0.2588190451025208,-0.9659258262890683,False,False,False,False,False,False,False,False,False,False,False,False,False,False,False,False,False,False,False,True,False,False,False
4.6,67.0,1006.1,270.0,15.0,RIO GALLEGOS AERO,19.0,-50.4,-69.3,,-0.4999999999999997,-0.8660254037844388,False,False,False,False,False,False,False,False,False,False,False,False,False,False,False,False,False,False,False,True,False,False,False
5.3,65.0,1005.8,290.0,22.0,RIO GALLEGOS AERO,19.0,-50.4,-69.3,,-0.7071067811865471,-0.7071067811865479,False,False,False,False,False,False,False,False,False,False,False,False,False,False,False,False,False,False,False,True,False,False,False
5.6,67.0,1005.6,290.0,20.0,RIO GALLEGOS AERO,19.0,-50.4,-69.3,,-0.8660254037844385,-0.5000000000000004,False,False,False,False,False,False,False,False,False,False,False,False,False,False,False,False,False,False,False,True,False,False,False
6.9,55.0,1005.9,290.0,24.0,RIO GALLEGOS AERO,19.0,-50.4,-69.3,,-0.9659258262890683,-0.25881904510252063,False,False,False,False,False,False,False,False,False,False,False,False,False,False,False,False,False,False,False,True,False,False,False
4.9,65.0,1006.6,280.0,19.0,RIO GALLEGOS AERO,19.0,-50.4,-69.3,,-1.0,-1.8369701987210297e-16,False,False,False,False,False,False,False,False,False,False,False,False,False,False,False,False,False,False,False,True,False,False,False
4.0,68.0,1007.6,290.0,13.0,RIO GALLEGOS AERO,19.0,-50.4,-69.3,,-0.9659258262890684,0.2588190451025203,False,False,False,False,False,False,False,False,False,False,False,False,False,False,False,False,False,False,False,True,False,False,False
2.0,75.0,1008.4,290.0,4.0,RIO GALLEGOS AERO,19.0,-50.4,-69.3,,-0.8660254037844386,0.5000000000000001,False,False,False,False,False,False,False,False,False,False,False,False,False,False,False,False,False,False,False,True,False,False,False
1.4,82.0,1009.2,270.0,13.0,RIO GALLEGOS AERO,19.0,-50.4,-69.3,,-0.7071067811865477,0.7071067811865474,False,False,False,False,False,False,False,False,False,False,False,False,False,False,False,False,False,False,False,True,False,False,False
3.0,70.0,1009.6,250.0,17.0,RIO GALLEGOS AERO,19.0,-50.4,-69.3,,-0.5000000000000004,0.8660254037844384,False,False,False,False,False,False,False,False,False,False,False,False,False,False,False,False,False,False,False,True,False,False,False
1.5,84.0,1009.6,270.0,22.0,RIO GALLEGOS AERO,19.0,-50.4,-69.3,,-0.25881904510252157,0.9659258262890681,False,False,False,False,False,False,False,False,False,False,False,False,False,False,False,False,False,False,False,True,False,False,False
4.4,100.0,998.5,160.0,7.0,RIO GRANDE B.A.,22.0,-52.233333333333334,-67.75,,0.0,1.0,False,False,False,False,False,False,False,False,False,False,False,False,False,False,False,False,False,False,False,False,False,True,False
2.3,100.0,998.0,180.0,7.0,RIO GRANDE B.A.,22.0,-52.233333333333334,-67.75,,0.25881904510252074,0.9659258262890683,False,False,False,False,False,False,False,False,False,False,False,False,False,False,False,False,False,False,False,False,False,True,False
2.4,100.0,998.3,220.0,6.0,RIO GRANDE B.A.,22.0,-52.233333333333334,-67.75,,0.49999999999999994,0.8660254037844387,False,False,False,False,False,False,False,False,False,False,False,False,False,False,False,False,False,False,False,False,False,True,False
1.8,98.0,998.2,240.0,9.0,RIO GRANDE B.A.,22.0,-52.233333333333334,-67.75,,0.7071067811865476,0.7071067811865476,False,False,False,False,False,False,False,False,False,False,False,False,False,False,False,False,False,False,False,False,False,True,False
0.9,100.0,998.2,260.0,9.0,RIO GRANDE B.A.,22.0,-52.233333333333334,-67.75,,0.8660254037844386,0.5000000000000001,False,False,False,False,False,False,False,False,False,False,False,False,False,False,False,False,False,False,False,False,False,True,False
1.3,100.0,998.2,260.0,15.0,RIO GRANDE B.A.,22.0,-52.233333333333334,-67.75,,0.9659258262890683,0.25881904510252074,False,False,False,False,False,False,False,False,False,False,False,False,False,False,False,False,False,False,False,False,False,True,False
1.5,97.0,997.8,270.0,30.0,RIO GRANDE B.A.,22.0,-52.233333333333334,-67.75,,1.0,6.123233995736766e-17,False,False,False,False,False,False,False,False,False,False,False,False,False,False,False,False,False,False,False,False,False,True,False
1.8,95.0,998.1,280.0,19.0,RIO GRANDE B.A.,22.0,-52.233333333333334,-67.75,,0.9659258262890683,-0.25881904510252063,False,False,False,False,False,False,False,False,False,False,False,False,False,False,False,False,False,False,False,False,False,True,False
2.2,91.0,998.0,270.0,26.0,RIO GRANDE B.A.,22.0,-52.233333333333334,-67.75,,0.8660254037844387,-0.4999999999999998,False,False,False,False,False,False,False,False,False,False,False,False,False,False,False,False,False,False,False,False,False,True,False
1.9,89.0,998.4,270.0,22.0,RIO GRANDE B.A.,22.0,-52.233333333333334,-67.75,,0.7071067811865476,-0.7071067811865475,False,False,False,False,False,False,False,False,False,False,False,False,False,False,False,False,False,False,False,False,False,True,False
1.7,89.0,999.1,250.0,28.0,RIO GRANDE B.A.,22.0,-52.233333333333334,-67.75,,0.49999999999999994,-0.8660254037844387,False,False,False,False,False,False,False,False,False,False,False,False,False,False,False,False,False,False,False,False,False,True,False
2.1,87.0,1000.1,270.0,24.0,RIO GRANDE B.A.,22.0,-52.233333333333334,-67.75,,0.258819045102521,-0.9659258262890682,False,False,False,False,False,False,False,False,False,False,False,False,False,False,False,False,False,False,False,False,False,True,False
3.3,82.0,1001.0,260.0,26.0,RIO GRANDE B.A.,22.0,-52.233333333333334,-67.75,,1.2246467991473532e-16,-1.0,False,False,False,False,False,False,False,False,False,False,False,False,False,False,False,False,False,False,False,False,False,True,False
4.5,79.0,1001.2,260.0,28.0,RIO GRANDE B.A.,22.0,-52.233333333333334,-67.75,,-0.2588190451025208,-0.9659258262890683,False,False,False,False,False,False,False,False,False,False,False,False,False,False,False,False,False,False,False,False,False,True,False
5.4,77.0,1000.8,250.0,37.0,RIO GRANDE B.A.,22.0,-52.233333333333334,-67.75,,-0.4999999999999997,-0.8660254037844388,False,False,False,False,False,False,False,False,False,False,False,False,False,False,False,False,False,False,False,False,False,True,False
6.0,75.0,1001.4,270.0,20.0,RIO GRANDE B.A.,22.0,-52.233333333333334,-67.75,,-0.7071067811865471,-0.7071067811865479,False,False,False,False,False,False,False,False,False,False,False,False,False,False,False,False,False,False,False,False,False,True,False
5.6,80.0,1001.2,270.0,28.0,RIO GRANDE B.A.,22.0,-52.233333333333334,-67.75,,-0.8660254037844385,-0.5000000000000004,False,False,False,False,False,False,False,False,False,False,False,False,False,False,False,False,False,False,False,False,False,True,False
4.2,85.0,1001.7,270.0,19.0,RIO GRANDE B.A.,22.0,-52.233333333333334,-67.75,,-0.9659258262890683,-0.25881904510252063,False,False,False,False,False,False,False,False,False,False,False,False,False,False,False,False,False,False,False,False,False,True,False
3.4,82.0,1002.1,280.0,31.0,RIO GRANDE B.A.,22.0,-52.233333333333334,-67.75,,-1.0,-1.8369701987210297e-16,False,False,False,False,False,False,False,False,False,False,False,False,False,False,False,False,False,False,False,False,False,True,False
3.0,78.0,1002.3,290.0,30.0,RIO GRANDE B.A.,22.0,-52.233333333333334,-67.75,,-0.9659258262890684,0.2588190451025203,False,False,False,False,False,False,False,False,False,False,False,False,False,False,False,False,False,False,False,False,False,True,False
2.0,87.0,1002.8,290.0,30.0,RIO GRANDE B.A.,22.0,-52.233333333333334,-67.75,,-0.8660254037844386,0.5000000000000001,False,False,False,False,False,False,False,False,False,False,False,False,False,False,False,False,False,False,False,False,False,True,False
1.6,91.0,1003.0,290.0,33.0,RIO GRANDE B.A.,22.0,-52.233333333333334,-67.75,,-0.7071067811865477,0.7071067811865474,False,False,False,False,False,False,False,False,False,False,False,False,False,False,False,False,False,False,False,False,False,True,False
1.8,91.0,1003.5,320.0,22.0,RIO GRANDE B.A.,22.0,-52.233333333333334,-67.75,,-0.5000000000000004,0.8660254037844384,False,False,False,False,False,False,False,False,False,False,False,False,False,False,False,False,False,False,False,False,False,True,False
2.8,88.0,1003.7,270.0,33.0,RIO GRANDE B.A.,22.0,-52.233333333333334,-67.75,,-0.25881904510252157,0.9659258262890681,False,False,False,False,False,False,False,False,False,False,False,False,False,False,False,False,False,False,False,False,False,True,False
21.2,62.0,1011.1,0.0,0.0,RIVADAVIA,205.0,-23.816666666666666,-62.88333333333333,,1.0,6.123233995736766e-17,False,False,False,False,False,False,False,False,False,False,False,False,False,False,False,False,True,False,False,False,False,False,False
18.8,70.0,1011.5,0.0,0.0,RIVADAVIA,205.0,-23.816666666666666,-62.88333333333333,,0.7071067811865476,-0.7071067811865475,False,False,False,False,False,False,False,False,False,False,False,False,False,False,False,False,True,False,False,False,False,False,False
28.6,47.0,,360.0,4.0,RIVADAVIA,205.0,-23.816666666666666,-62.88333333333333,,1.2246467991473532e-16,-1.0,False,False,False,False,False,False,False,False,False,False,False,False,False,False,False,False,True,False,False,False,False,False,False
31.4,39.0,,360.0,9.0,RIVADAVIA,205.0,-23.816666666666666,-62.88333333333333,,-0.7071067811865471,-0.7071067811865479,False,False,False,False,False,False,False,False,False,False,False,False,False,False,False,False,True,False,False,False,False,False,False
30.2,44.0,1005.3,360.0,4.0,RIVADAVIA,205.0,-23.816666666666666,-62.88333333333333,,-1.0,-1.8369701987210297e-16,False,False,False,False,False,False,False,False,False,False,False,False,False,False,False,False,True,False,False,False,False,False,False
25.8,58.0,1006.8,0.0,0.0,RIVADAVIA,205.0,-23.816666666666666,-62.88333333333333,,-0.7071067811865477,0.7071067811865474,False,False,False,False,False,False,False,False,False,False,False,False,False,False,False,False,True,False,False,False,False,False,False
16.0,81.0,1016.8,50.0,9.0,ROSARIO AERO,25.0,-31.1,-60.766666666666666,,0.0,1.0,False,False,False,False,False,False,False,False,False,False,False,False,False,False,False,False,False,False,False,False,True,False,False
16.3,83.0,1016.3,50.0,13.0,ROSARIO AERO,25.0,-31.1,-60.766666666666666,,0.25881904510252074,0.9659258262890683,False,False,False,False,False,False,False,False,False,False,False,False,False,False,False,False,False,False,False,False,True,False,False
16.3,84.0,1016.0,50.0,9.0,ROSARIO AERO,25.0,-31.1,-60.766666666666666,,0.49999999999999994,0.8660254037844387,False,False,False,False,False,False,False,False,False,False,False,False,False,False,False,False,False,False,False,False,True,False,False
16.4,85.0,1015.5,50.0,7.0,ROSARIO AERO,25.0,-31.1,-60.766666666666666,,0.7071067811865476,0.7071067811865476,False,False,False,False,False,False,False,False,False,False,False,False,False,False,False,False,False,False,False,False,True,False,False
15.5,89.0,1015.1,50.0,7.0,ROSARIO AERO,25.0,-31.1,-60.766666666666666,,0.8660254037844386,0.5000000000000001,False,False,False,False,False,False,False,False,False,False,False,False,False,False,False,False,False,False,False,False,True,False,False
14.7,93.0,1014.7,60.0,6.0,ROSARIO AERO,25.0,-31.1,-60.766666666666666,,0.9659258262890683,0.25881904510252074,False,False,False,False,False,False,False,False,False,False,False,False,False,False,False,False,False,False,False,False,True,False,False
14.4,93.0,1014.6,50.0,4.0,ROSARIO AERO,25.0,-31.1,-60.766666666666666,,1.0,6.123233995736766e-17,False,False,False,False,False,False,False,False,False,False,False,False,False,False,False,False,False,False,False,False,True,False,False
14.4,94.0,1014.5,40.0,6.0,ROSARIO AERO,25.0,-31.1,-60.766666666666666,,0.9659258262890683,-0.25881904510252063,False,False,False,False,False,False,False,False,False,False,False,False,False,False,False,False,False,False,False,False,True,False,False
15.0,94.0,1014.6,0.0,0.0,ROSARIO AERO,25.0,-31.1,-60.766666666666666,,0.8660254037844387,-0.4999999999999998,False,False,False,False,False,False,False,False,False,False,False,False,False,False,False,False,False,False,False,False,True,False,False
15.5,91.0,1014.8,20.0,7.0,ROSARIO AERO,25.0,-31.1,-60.766666666666666,,0.7071067811865476,-0.7071067811865475,False,False,False,False,False,False,False,False,False,False,False,False,False,False,False,False,False,False,False,False,True,False,False
18.7,79.0,1014.7,360.0,15.0,ROSARIO AERO,25.0,-31.1,-60.766666666666666,,0.49999999999999994,-0.8660254037844387,False,False,False,False,False,False,False,False,False,False,False,False,False,False,False,False,False,False,False,False,True,False,False
20.9,69.0,1014.7,350.0,15.0,ROSARIO AERO,25.0,-31.1,-60.766666666666666,,0.258819045102521,-0.9659258262890682,False,False,False,False,False,False,False,False,False,False,False,False,False,False,False,False,False,False,False,False,True,False,False
22.1,62.0,1014.8,320.0,17.0,ROSARIO AERO,25.0,-31.1,-60.766666666666666,,1.2246467991473532e-16,-1.0,False,False,False,False,False,False,False,False,False,False,False,False,False,False,False,False,False,False,False,False,True,False,False
24.0,56.0,1013.5,360.0,20.0,ROSARIO AERO,25.0,-31.1,-60.766666666666666,,-0.2588190451025208,-0.9659258262890683,False,False,False,False,False,False,False,False,False,False,False,False,False,False,False,False,False,False,False,False,True,False,False
24.7,51.0,1012.2,340.0,26.0,ROSARIO AERO,25.0,-31.1,-60.766666666666666,,-0.4999999999999997,-0.8660254037844388,False,False,False,False,False,False,False,False,False,False,False,False,False,False,False,False,False,False,False,False,True,False,False
24.8,52.0,1011.1,360.0,24.0,ROSARIO AERO,25.0,-31.1,-60.766666666666666,,-0.7071067811865471,-0.7071067811865479,False,False,False,False,False,False,False,False,False,False,False,False,False,False,False,False,False,False,False,False,True,False,False
24.9,50.0,1010.2,340.0,20.0,ROSARIO AERO,25.0,-31.1,-60.766666666666666,,-0.8660254037844385,-0.5000000000000004,False,False,False,False,False,False,False,False,False,False,False,False,False,False,False,False,False,False,False,False,True,False,False
23.9,52.0,1009.7,360.0,20.0,ROSARIO AERO,25.0,-31.1,-60.766666666666666,,-0.9659258262890683,-0.25881904510252063,False,False,False,False,False,False,False,False,False,False,False,False,False,False,False,False,False,False,False,False,True,False,False
22.8,56.0,1009.4,360.0,17.0,ROSARIO AERO,25.0,-31.1,-60.766666666666666,,-1.0,-1.8369701987210297e-16,False,False,False,False,False,False,False,False,False,False,False,False,False,False,False,False,False,False,False,False,True,False,False
20.1,72.0,1010.0,0.0,0.0,ROSARIO AERO,25.0,-31.1,-60.766666666666666,,-0.9659258262890684,0.2588190451025203,False,False,False,False,False,False,False,False,False,False,False,False,False,False,False,False,False,False,False,False,True,False,False
19.7,70.0,1010.3,90.0,6.0,ROSARIO AERO,25.0,-31.1,-60.766666666666666,,-0.8660254037844386,0.5000000000000001,False,False,False,False,False,False,False,False,False,False,False,False,False,False,False,False,False,False,False,False,True,False,False
19.2,71.0,1010.1,50.0,9.0,ROSARIO AERO,25.0,-31.1,-60.766666666666666,,-0.7071067811865477,0.7071067811865474,False,False,False,False,False,False,False,False,False,False,False,False,False,False,False,False,False,False,False,False,True,False,False
19.1,71.0,1009.7,360.0,13.0,ROSARIO AERO,25.0,-31.1,-60.766666666666666,,-0.5000000000000004,0.8660254037844384,False,False,False,False,False,False,False,False,False,False,False,False,False,False,False,False,False,False,False,False,True,False,False
18.8,71.0,1009.7,360.0,13.0,ROSARIO AERO,25.0,-31.1,-60.766666666666666,,-0.25881904510252157,0.9659258262890681,False,False,False,False,False,False,False,False,False,False,False,False,False,False,False,False,False,False,False,False,True,False,False
13.7,90.0,,320.0,9.0,SALTA AERO,1221.0,-23.166666666666668,-65.46666666666667,,0.0,1.0,False,False,False,False,False,False,False,False,False,False,False,False,False,False,False,False,True,False,False,False,False,False,False
13.7,90.0,,320.0,4.0,SALTA AERO,1221.0,-23.166666666666668,-65.46666666666667,,0.25881904510252074,0.9659258262890683,False,False,False,False,False,False,False,False,False,False,False,False,False,False,False,False,True,False,False,False,False,False,False
13.4,91.0,,320.0,4.0,SALTA AERO,1221.0,-23.166666666666668,-65.46666666666667,,0.49999999999999994,0.8660254037844387,False,False,False,False,False,False,False,False,False,False,False,False,False,False,False,False,True,False,False,False,False,False,False
11.8,93.0,,320.0,9.0,SALTA AERO,1221.0,-23.166666666666668,-65.46666666666667,,0.7071067811865476,0.7071067811865476,False,False,False,False,False,False,False,False,False,False,False,False,False,False,False,False,True,False,False,False,False,False,False
9.4,95.0,,0.0,0.0,SALTA AERO,1221.0,-23.166666666666668,-65.46666666666667,,0.8660254037844386,0.5000000000000001,False,False,False,False,False,False,False,False,False,False,False,False,False,False,False,False,True,False,False,False,False,False,False
8.0,95.0,,320.0,6.0,SALTA AERO,1221.0,-23.166666666666668,-65.46666666666667,,0.9659258262890683,0.25881904510252074,False,False,False,False,False,False,False,False,False,False,False,False,False,False,False,False,True,False,False,False,False,False,False
6.7,95.0,,0.0,0.0,SALTA AERO,1221.0,-23.166666666666668,-65.46666666666667,,1.0,6.123233995736766e-17,False,False,False,False,False,False,False,False,False,False,False,False,False,False,False,False,True,False,False,False,False,False,False
6.8,97.0,,320.0,6.0,SALTA AERO,1221.0,-23.166666666666668,-65.46666666666667,,0.9659258262890683,-0.25881904510252063,False,False,False,False,False,False,False,False,False,False,False,False,False,False,False,False,True,False,False,False,False,False,False
6.6,97.0,,320.0,4.0,SALTA AERO,1221.0,-23.166666666666668,-65.46666666666667,,0.8660254037844387,-0.4999999999999998,False,False,False,False,False,False,False,False,False,False,False,False,False,False,False,False,True,False,False,False,False,False,False
7.2,97.0,,320.0,4.0,SALTA AERO,1221.0,-23.166666666666668,-65.46666666666667,,0.7071067811865476,-0.7071067811865475,False,False,False,False,False,False,False,False,False,False,False,False,False,False,False,False,True,False,False,False,False,False,False
12.1,92.0,,320.0,4.0,SALTA AERO,1221.0,-23.166666666666668,-65.46666666666667,,0.49999999999999994,-0.8660254037844387,False,False,False,False,False,False,False,False,False,False,False,False,False,False,False,False,True,False,False,False,False,False,False
15.8,71.0,,320.0,2.0,SALTA AERO,1221.0,-23.166666666666668,-65.46666666666667,,0.258819045102521,-0.9659258262890682,False,False,False,False,False,False,False,False,False,False,False,False,False,False,False,False,True,False,False,False,False,False,False
18.3,55.0,,320.0,7.0,SALTA AERO,1221.0,-23.166666666666668,-65.46666666666667,,1.2246467991473532e-16,-1.0,False,False,False,False,False,False,False,False,False,False,False,False,False,False,False,False,True,False,False,False,False,False,False
20.8,47.0,,320.0,7.0,SALTA AERO,1221.0,-23.166666666666668,-65.46666666666667,,-0.2588190451025208,-0.9659258262890683,False,False,False,False,False,False,False,False,False,False,False,False,False,False,False,False,True,False,False,False,False,False,False
21.3,45.0,,320.0,7.0,SALTA AERO,1221.0,-23.166666666666668,-65.46666666666667,,-0.4999999999999997,-0.8660254037844388,False,False,False,False,False,False,False,False,False,False,False,False,False,False,False,False,True,False,False,False,False,False,False
23.2,40.0,,320.0,7.0,SALTA AERO,1221.0,-23.166666666666668,-65.46666666666667,,-0.7071067811865471,-0.7071067811865479,False,False,False,False,False,False,False,False,False,False,False,False,False,False,False,False,True,False,False,False,False,False,False
25.0,29.0,,360.0,13.0,SALTA AERO,1221.0,-23.166666666666668,-65.46666666666667,,-0.8660254037844385,-0.5000000000000004,False,False,False,False,False,False,False,False,False,False,False,False,False,False,False,False,True,False,False,False,False,False,False
25.2,32.0,,360.0,6.0,SALTA AERO,1221.0,-23.166666666666668,-65.46666666666667,,-0.9659258262890683,-0.25881904510252063,False,False,False,False,False,False,False,False,False,False,False,False,False,False,False,False,True,False,False,False,False,False,False
23.6,43.0,,360.0,13.0,SALTA AERO,1221.0,-23.166666666666668,-65.46666666666667,,-1.0,-1.8369701987210297e-16,False,False,False,False,False,False,False,False,False,False,False,False,False,False,False,False,True,False,False,False,False,False,False
21.0,54.0,,320.0,15.0,SALTA AERO,1221.0,-23.166666666666668,-65.46666666666667,,-0.9659258262890684,0.2588190451025203,False,False,False,False,False,False,False,False,False,False,False,False,False,False,False,False,True,False,False,False,False,False,False
18.0,64.0,,320.0,9.0,SALTA AERO,1221.0,-23.166666666666668,-65.46666666666667,,-0.8660254037844386,0.5000000000000001,False,False,False,False,False,False,False,False,False,False,False,False,False,False,False,False,True,False,False,False,False,False,False
17.0,76.0,,360.0,7.0,SALTA AERO,1221.0,-23.166666666666668,-65.46666666666667,,-0.7071067811865477,0.7071067811865474,False,False,False,False,False,False,False,False,False,False,False,False,False,False,False,False,True,False,False,False,False,False,False
14.6,86.0,,360.0,6.0,SALTA AERO,1221.0,-23.166666666666668,-65.46666666666667,,-0.5000000000000004,0.8660254037844384,False,False,False,False,False,False,False,False,False,False,False,False,False,False,False,False,True,False,False,False,False,False,False
12.8,85.0,,320.0,6.0,SALTA AERO,1221.0,-23.166666666666668,-65.46666666666667,,-0.25881904510252157,0.9659258262890681,False,False,False,False,False,False,False,False,False,False,False,False,False,False,False,False,True,False,False,False,False,False,False
6.8,69.0,1014.1,320.0,15.0,SAN ANTONIO OESTE,,,,,1.0,6.123233995736766e-17,False,False,False,False,False,False,False,False,False,False,False,False,False,False,False,False,False,False,False,False,False,False,False
5.0,69.0,1014.4,320.0,17.0,SAN ANTONIO OESTE,,,,,0.9659258262890683,-0.25881904510252063,False,False,False,False,False,False,False,False,False,False,False,False,False,False,False,False,False,False,False,False,False,False,False
3.0,70.0,1014.9,320.0,19.0,SAN ANTONIO OESTE,,,,,0.8660254037844387,-0.4999999999999998,False,False,False,False,False,False,False,False,False,False,False,False,False,False,False,False,False,False,False,False,False,False,False
5.0,60.0,1015.7,160.0,7.0,SAN ANTONIO OESTE,,,,,0.7071067811865476,-0.7071067811865475,False,False,False,False,False,False,False,False,False,False,False,False,False,False,False,False,False,False,False,False,False,False,False
8.0,47.0,1016.5,290.0,28.0,SAN ANTONIO OESTE,,,,,0.49999999999999994,-0.8660254037844387,False,False,False,False,False,False,False,False,False,False,False,False,False,False,False,False,False,False,False,False,False,False,False
11.8,43.0,1016.5,290.0,15.0,SAN ANTONIO OESTE,,,,,0.258819045102521,-0.9659258262890682,False,False,False,False,False,False,False,False,False,False,False,False,False,False,False,False,False,False,False,False,False,False,False
13.6,47.0,1017.3,230.0,7.0,SAN ANTONIO OESTE,,,,,1.2246467991473532e-16,-1.0,False,False,False,False,False,False,False,False,False,False,False,False,False,False,False,False,False,False,False,False,False,False,False
14.6,41.0,1017.6,180.0,9.0,SAN ANTONIO OESTE,,,,,-0.2588190451025208,-0.9659258262890683,False,False,False,False,False,False,False,False,False,False,False,False,False,False,False,False,False,False,False,False,False,False,False
13.8,47.0,1017.3,110.0,6.0,SAN ANTONIO OESTE,,,,,-0.4999999999999997,-0.8660254037844388,False,False,False,False,False,False,False,False,False,False,False,False,False,False,False,False,False,False,False,False,False,False,False
14.0,52.0,1017.2,140.0,7.0,SAN ANTONIO OESTE,,,,,-0.7071067811865471,-0.7071067811865479,False,False,False,False,False,False,False,False,False,False,False,False,False,False,False,False,False,False,False,False,False,False,False
13.0,60.0,1017.6,140.0,7.0,SAN ANTONIO OESTE,,,,,-0.8660254037844385,-0.5000000000000004,False,False,False,False,False,False,False,False,False,False,False,False,False,False,False,False,False,False,False,False,False,False,False
12.5,66.0,1018.0,140.0,2.0,SAN ANTONIO OESTE,,,,,-0.9659258262890683,-0.25881904510252063,False,False,False,False,False,False,False,False,False,False,False,False,False,False,False,False,False,False,False,False,False,False,False
11.7,67.0,1019.1,20.0,11.0,SAN ANTONIO OESTE,,,,,-1.0,-1.8369701987210297e-16,False,False,False,False,False,False,False,False,False,False,False,False,False,False,False,False,False,False,False,False,False,False,False
8.9,79.0,1020.1,340.0,7.0,SAN ANTONIO OESTE,,,,,-0.9659258262890684,0.2588190451025203,False,False,False,False,False,False,False,False,False,False,False,False,False,False,False,False,False,False,False,False,False,False,False
6.9,84.0,1021.3,290.0,11.0,SAN ANTONIO OESTE,,,,,-0.8660254037844386,0.5000000000000001,False,False,False,False,False,False,False,False,False,False,False,False,False,False,False,False,False,False,False,False,False,False,False
6.0,79.0,1021.7,200.0,11.0,SAN ANTONIO OESTE,,,,,-0.7071067811865477,0.7071067811865474,False,False,False,False,False,False,False,False,False,False,False,False,False,False,False,False,False,False,False,False,False,False,False
13.3,90.0,1019.5,80.0,17.0,SAN FERNANDO AERO,5.0,-33.55,-58.583333333333336,,0.0,1.0,True,False,False,False,False,False,False,False,False,False,False,False,False,False,False,False,False,False,False,False,False,False,False
13.1,92.0,1019.2,80.0,13.0,SAN FERNANDO AERO,5.0,-33.55,-58.583333333333336,,0.25881904510252074,0.9659258262890683,True,False,False,False,False,False,False,False,False,False,False,False,False,False,False,False,False,False,False,False,False,False,False
13.0,93.0,1018.7,80.0,13.0,SAN FERNANDO AERO,5.0,-33.55,-58.583333333333336,,0.49999999999999994,0.8660254037844387,True,False,False,False,False,False,False,False,False,False,False,False,False,False,False,False,False,False,False,False,False,False,False
13.1,92.0,1018.2,80.0,13.0,SAN FERNANDO AERO,5.0,-33.55,-58.583333333333336,,0.7071067811865476,0.7071067811865476,True,False,False,False,False,False,False,False,False,False,False,False,False,False,False,False,False,False,False,False,False,False,False
13.1,93.0,1017.7,70.0,11.0,SAN FERNANDO AERO,5.0,-33.55,-58.583333333333336,,0.8660254037844386,0.5000000000000001,True,False,False,False,False,False,False,False,False,False,False,False,False,False,False,False,False,False,False,False,False,False,False
12.9,94.0,1017.4,80.0,13.0,SAN FERNANDO AERO,5.0,-33.55,-58.583333333333336,,0.9659258262890683,0.25881904510252074,True,False,False,False,False,False,False,False,False,False,False,False,False,False,False,False,False,False,False,False,False,False,False
12.9,96.0,1017.2,80.0,13.0,SAN FERNANDO AERO,5.0,-33.55,-58.583333333333336,,1.0,6.123233995736766e-17,True,False,False,False,False,False,False,False,False,False,False,False,False,False,False,False,False,False,False,False,False,False,False
13.2,93.0,1017.0,70.0,15.0,SAN FERNANDO AERO,5.0,-33.55,-58.583333333333336,,0.9659258262890683,-0.25881904510252063,True,False,False,False,False,False,False,False,False,False,False,False,False,False,False,False,False,False,False,False,False,False,False
12.9,94.0,1017.1,70.0,13.0,SAN FERNANDO AERO,5.0,-33.55,-58.583333333333336,,0.8660254037844387,-0.4999999999999998,True,False,False,False,False,False,False,False,False,False,False,False,False,False,False,False,False,False,False,False,False,False,False
14.1,92.0,1017.2,70.0,13.0,SAN FERNANDO AERO,5.0,-33.55,-58.583333333333336,,0.7071067811865476,-0.7071067811865475,True,False,False,False,False,False,False,False,False,False,False,False,False,False,False,False,False,False,False,False,False,False,False
15.4,87.0,1017.0,60.0,13.0,SAN FERNANDO AERO,5.0,-33.55,-58.583333333333336,,0.49999999999999994,-0.8660254037844387,True,False,False,False,False,False,False,False,False,False,False,False,False,False,False,False,False,False,False,False,False,False,False
17.6,78.0,1017.1,40.0,11.0,SAN FERNANDO AERO,5.0,-33.55,-58.583333333333336,,0.258819045102521,-0.9659258262890682,True,False,False,False,False,False,False,False,False,False,False,False,False,False,False,False,False,False,False,False,False,False,False
17.3,80.0,1016.7,70.0,11.0,SAN FERNANDO AERO,5.0,-33.55,-58.583333333333336,,1.2246467991473532e-16,-1.0,True,False,False,False,False,False,False,False,False,False,False,False,False,False,False,False,False,False,False,False,False,False,False
21.1,66.0,1015.5,30.0,17.0,SAN FERNANDO AERO,5.0,-33.55,-58.583333333333336,,-0.2588190451025208,-0.9659258262890683,True,False,False,False,False,False,False,False,False,False,False,False,False,False,False,False,False,False,False,False,False,False,False
21.6,63.0,1014.4,360.0,15.0,SAN FERNANDO AERO,5.0,-33.55,-58.583333333333336,,-0.4999999999999997,-0.8660254037844388,True,False,False,False,False,False,False,False,False,False,False,False,False,False,False,False,False,False,False,False,False,False,False
21.4,65.0,1013.4,80.0,11.0,SAN FERNANDO AERO,5.0,-33.55,-58.583333333333336,,-0.7071067811865471,-0.7071067811865479,True,False,False,False,False,False,False,False,False,False,False,False,False,False,False,False,False,False,False,False,False,False,False
20.9,69.0,1012.8,60.0,13.0,SAN FERNANDO AERO,5.0,-33.55,-58.583333333333336,,-0.8660254037844385,-0.5000000000000004,True,False,False,False,False,False,False,False,False,False,False,False,False,False,False,False,False,False,False,False,False,False,False
19.5,73.0,1012.6,90.0,9.0,SAN FERNANDO AERO,5.0,-33.55,-58.583333333333336,,-0.9659258262890683,-0.25881904510252063,True,False,False,False,False,False,False,False,False,False,False,False,False,False,False,False,False,False,False,False,False,False,False
18.2,80.0,1012.2,0.0,0.0,SAN FERNANDO AERO,5.0,-33.55,-58.583333333333336,,-1.0,-1.8369701987210297e-16,True,False,False,False,False,False,False,False,False,False,False,False,False,False,False,False,False,False,False,False,False,False,False
16.5,84.0,1012.3,90.0,11.0,SAN FERNANDO AERO,5.0,-33.55,-58.583333333333336,,-0.9659258262890684,0.2588190451025203,True,False,False,False,False,False,False,False,False,False,False,False,False,False,False,False,False,False,False,False,False,False,False
16.0,85.0,1012.3,70.0,9.0,SAN FERNANDO AERO,5.0,-33.55,-58.583333333333336,,-0.8660254037844386,0.5000000000000001,True,False,False,False,False,False,False,False,False,False,False,False,False,False,False,False,False,False,False,False,False,False,False
16.6,87.0,1012.0,60.0,15.0,SAN FERNANDO AERO,5.0,-33.55,-58.583333333333336,,-0.7071067811865477,0.7071067811865474,True,False,False,False,False,False,False,False,False,False,False,False,False,False,False,False,False,False,False,False,False,False,False
16.6,86.0,1011.2,50.0,11.0,SAN FERNANDO AERO,5.0,-33.55,-58.583333333333336,,-0.5000000000000004,0.8660254037844384,True,False,False,False,False,False,False,False,False,False,False,False,False,False,False,False,False,False,False,False,False,False,False
17.3,84.0,1011.5,50.0,13.0,SAN FERNANDO AERO,5.0,-33.55,-58.583333333333336,,-0.25881904510252157,0.9659258262890681,True,False,False,False,False,False,False,False,False,False,False,False,False,False,False,False,False,False,False,False,False,False,False
8.6,69.0,1015.0,140.0,6.0,SAN JUAN AERO,598.0,-30.433333333333334,-68.41666666666667,,0.0,1.0,False,False,False,False,False,False,False,False,False,False,False,False,False,False,False,False,False,True,False,False,False,False,False
6.6,72.0,1015.2,250.0,6.0,SAN JUAN AERO,598.0,-30.433333333333334,-68.41666666666667,,0.25881904510252074,0.9659258262890683,False,False,False,False,False,False,False,False,False,False,False,False,False,False,False,False,False,True,False,False,False,False,False
6.4,77.0,1014.8,0.0,0.0,SAN JUAN AERO,598.0,-30.433333333333334,-68.41666666666667,,0.49999999999999994,0.8660254037844387,False,False,False,False,False,False,False,False,False,False,False,False,False,False,False,False,False,True,False,False,False,False,False
6.4,77.0,1014.4,340.0,4.0,SAN JUAN AERO,598.0,-30.433333333333334,-68.41666666666667,,0.7071067811865476,0.7071067811865476,False,False,False,False,False,False,False,False,False,False,False,False,False,False,False,False,False,True,False,False,False,False,False
4.6,82.0,1014.4,20.0,9.0,SAN JUAN AERO,598.0,-30.433333333333334,-68.41666666666667,,0.8660254037844386,0.5000000000000001,False,False,False,False,False,False,False,False,False,False,False,False,False,False,False,False,False,True,False,False,False,False,False
4.2,81.0,1014.2,20.0,7.0,SAN JUAN AERO,598.0,-30.433333333333334,-68.41666666666667,,0.9659258262890683,0.25881904510252074,False,False,False,False,False,False,False,False,False,False,False,False,False,False,False,False,False,True,False,False,False,False,False
4.0,84.0,1014.4,20.0,7.0,SAN JUAN AERO,598.0,-30.433333333333334,-68.41666666666667,,1.0,6.123233995736766e-17,False,False,False,False,False,False,False,False,False,False,False,False,False,False,False,False,False,True,False,False,False,False,False
2.0,93.0,1015.2,20.0,6.0,SAN JUAN AERO,598.0,-30.433333333333334,-68.41666666666667,,0.9659258262890683,-0.25881904510252063,False,False,False,False,False,False,False,False,False,False,False,False,False,False,False,False,False,True,False,False,False,False,False
2.0,89.0,1015.2,360.0,7.0,SAN JUAN AERO,598.0,-30.433333333333334,-68.41666666666667,,0.8660254037844387,-0.4999999999999998,False,False,False,False,False,False,False,False,False,False,False,False,False,False,False,False,False,True,False,False,False,False,False
4.6,85.0,1014.6,20.0,9.0,SAN JUAN AERO,598.0,-30.433333333333334,-68.41666666666667,,0.7071067811865476,-0.7071067811865475,False,False,False,False,False,False,False,False,False,False,False,False,False,False,False,False,False,True,False,False,False,False,False
9.8,68.0,1013.5,340.0,13.0,SAN JUAN AERO,598.0,-30.433333333333334,-68.41666666666667,,0.49999999999999994,-0.8660254037844387,False,False,False,False,False,False,False,False,False,False,False,False,False,False,False,False,False,True,False,False,False,False,False
12.2,60.0,1012.9,340.0,11.0,SAN JUAN AERO,598.0,-30.433333333333334,-68.41666666666667,,0.258819045102521,-0.9659258262890682,False,False,False,False,False,False,False,False,False,False,False,False,False,False,False,False,False,True,False,False,False,False,False
16.0,47.0,1012.2,360.0,11.0,SAN JUAN AERO,598.0,-30.433333333333334,-68.41666666666667,,1.2246467991473532e-16,-1.0,False,False,False,False,False,False,False,False,False,False,False,False,False,False,False,False,False,True,False,False,False,False,False
18.4,42.0,1010.5,360.0,9.0,SAN JUAN AERO,598.0,-30.433333333333334,-68.41666666666667,,-0.2588190451025208,-0.9659258262890683,False,False,False,False,False,False,False,False,False,False,False,False,False,False,False,False,False,True,False,False,False,False,False
20.0,39.0,1008.6,230.0,6.0,SAN JUAN AERO,598.0,-30.433333333333334,-68.41666666666667,,-0.4999999999999997,-0.8660254037844388,False,False,False,False,False,False,False,False,False,False,False,False,False,False,False,False,False,True,False,False,False,False,False
21.0,34.0,1007.5,140.0,15.0,SAN JUAN AERO,598.0,-30.433333333333334,-68.41666666666667,,-0.7071067811865471,-0.7071067811865479,False,False,False,False,False,False,False,False,False,False,False,False,False,False,False,False,False,True,False,False,False,False,False
21.1,32.0,1007.9,180.0,26.0,SAN JUAN AERO,598.0,-30.433333333333334,-68.41666666666667,,-0.8660254037844385,-0.5000000000000004,False,False,False,False,False,False,False,False,False,False,False,False,False,False,False,False,False,True,False,False,False,False,False
21.3,32.0,1009.0,160.0,33.0,SAN JUAN AERO,598.0,-30.433333333333334,-68.41666666666667,,-0.9659258262890683,-0.25881904510252063,False,False,False,False,False,False,False,False,False,False,False,False,False,False,False,False,False,True,False,False,False,False,False
19.3,36.0,1011.0,180.0,33.0,SAN JUAN AERO,598.0,-30.433333333333334,-68.41666666666667,,-1.0,-1.8369701987210297e-16,False,False,False,False,False,False,False,False,False,False,False,False,False,False,False,False,False,True,False,False,False,False,False
18.0,42.0,1012.8,160.0,28.0,SAN JUAN AERO,598.0,-30.433333333333334,-68.41666666666667,,-0.9659258262890684,0.2588190451025203,False,False,False,False,False,False,False,False,False,False,False,False,False,False,False,False,False,True,False,False,False,False,False
16.8,60.0,1015.1,180.0,31.0,SAN JUAN AERO,598.0,-30.433333333333334,-68.41666666666667,,-0.8660254037844386,0.5000000000000001,False,False,False,False,False,False,False,False,False,False,False,False,False,False,False,False,False,True,False,False,False,False,False
15.7,60.0,1017.1,180.0,35.0,SAN JUAN AERO,598.0,-30.433333333333334,-68.41666666666667,,-0.7071067811865477,0.7071067811865474,False,False,False,False,False,False,False,False,False,False,False,False,False,False,False,False,False,True,False,False,False,False,False
15.4,49.0,1019.1,180.0,48.0,SAN JUAN AERO,598.0,-30.433333333333334,-68.41666666666667,,-0.5000000000000004,0.8660254037844384,False,False,False,False,False,False,False,False,False,False,False,False,False,False,False,False,False,True,False,False,False,False,False
14.2,36.0,1020.9,180.0,56.0,SAN JUAN AERO,598.0,-30.433333333333334,-68.41666666666667,,-0.25881904510252157,0.9659258262890681,False,False,False,False,False,False,False,False,False,False,False,False,False,False,False,False,False,True,False,False,False,False,False
5.2,74.0,1007.2,270.0,26.0,SAN JULIAN AERO,62.0,-48.7,-67.8,,1.0,6.123233995736766e-17,False,False,False,False,False,False,False,False,False,False,False,False,False,False,False,False,False,False,False,True,False,False,False
5.0,74.0,1007.8,270.0,26.0,SAN JULIAN AERO,62.0,-48.7,-67.8,,0.9659258262890683,-0.25881904510252063,False,False,False,False,False,False,False,False,False,False,False,False,False,False,False,False,False,False,False,True,False,False,False
4.5,71.0,1008.4,270.0,26.0,SAN JULIAN AERO,62.0,-48.7,-67.8,,0.8660254037844387,-0.4999999999999998,False,False,False,False,False,False,False,False,False,False,False,False,False,False,False,False,False,False,False,True,False,False,False
4.6,72.0,1008.9,270.0,24.0,SAN JULIAN AERO,62.0,-48.7,-67.8,,0.7071067811865476,-0.7071067811865475,False,False,False,False,False,False,False,False,False,False,False,False,False,False,False,False,False,False,False,True,False,False,False
5.0,67.0,1009.6,270.0,26.0,SAN JULIAN AERO,62.0,-48.7,-67.8,,0.49999999999999994,-0.8660254037844387,False,False,False,False,False,False,False,False,False,False,False,False,False,False,False,False,False,False,False,True,False,False,False
3.5,79.0,1010.5,280.0,15.0,SAN JULIAN AERO,62.0,-48.7,-67.8,,0.258819045102521,-0.9659258262890682,False,False,False,False,False,False,False,False,False,False,False,False,False,False,False,False,False,False,False,True,False,False,False
7.2,62.0,1011.4,270.0,17.0,SAN JULIAN AERO,62.0,-48.7,-67.8,,1.2246467991473532e-16,-1.0,False,False,False,False,False,False,False,False,False,False,False,False,False,False,False,False,False,False,False,True,False,False,False
8.8,57.0,1011.3,280.0,24.0,SAN JULIAN AERO,62.0,-48.7,-67.8,,-0.2588190451025208,-0.9659258262890683,False,False,False,False,False,False,False,False,False,False,False,False,False,False,False,False,False,False,False,True,False,False,False
9.4,49.0,1011.1,290.0,24.0,SAN JULIAN AERO,62.0,-48.7,-67.8,,-0.4999999999999997,-0.8660254037844388,False,False,False,False,False,False,False,False,False,False,False,False,False,False,False,False,False,False,False,True,False,False,False
9.6,42.0,1010.9,270.0,39.0,SAN JULIAN AERO,62.0,-48.7,-67.8,,-0.7071067811865471,-0.7071067811865479,False,False,False,False,False,False,False,False,False,False,False,False,False,False,False,False,False,False,False,True,False,False,False
9.0,50.0,1011.2,290.0,31.0,SAN JULIAN AERO,62.0,-48.7,-67.8,,-0.8660254037844385,-0.5000000000000004,False,False,False,False,False,False,False,False,False,False,False,False,False,False,False,False,False,False,False,True,False,False,False
8.8,50.0,1011.6,290.0,20.0,SAN JULIAN AERO,62.0,-48.7,-67.8,,-0.9659258262890683,-0.25881904510252063,False,False,False,False,False,False,False,False,False,False,False,False,False,False,False,False,False,False,False,True,False,False,False
6.0,66.0,1011.9,290.0,17.0,SAN JULIAN AERO,62.0,-48.7,-67.8,,-1.0,-1.8369701987210297e-16,False,False,False,False,False,False,False,False,False,False,False,False,False,False,False,False,False,False,False,True,False,False,False
7.4,55.0,1012.0,270.0,39.0,SAN JULIAN AERO,62.0,-48.7,-67.8,,-0.9659258262890684,0.2588190451025203,False,False,False,False,False,False,False,False,False,False,False,False,False,False,False,False,False,False,False,True,False,False,False
6.0,60.0,1012.6,320.0,30.0,SAN JULIAN AERO,62.0,-48.7,-67.8,,-0.8660254037844386,0.5000000000000001,False,False,False,False,False,False,False,False,False,False,False,False,False,False,False,False,False,False,False,True,False,False,False
5.8,63.0,1012.6,270.0,37.0,SAN JULIAN AERO,62.0,-48.7,-67.8,,-0.7071067811865477,0.7071067811865474,False,False,False,False,False,False,False,False,False,False,False,False,False,False,False,False,False,False,False,True,False,False,False
10.9,80.0,1014.2,90.0,6.0,SAN LUIS AERO,713.0,-32.733333333333334,-66.35,,0.0,1.0,False,False,False,False,False,False,False,False,False,False,False,False,False,False,False,False,False,False,True,False,False,False,False
10.9,81.0,1013.5,70.0,9.0,SAN LUIS AERO,713.0,-32.733333333333334,-66.35,,0.25881904510252074,0.9659258262890683,False,False,False,False,False,False,False,False,False,False,False,False,False,False,False,False,False,False,True,False,False,False,False
12.8,74.0,1013.0,90.0,7.0,SAN LUIS AERO,713.0,-32.733333333333334,-66.35,,0.49999999999999994,0.8660254037844387,False,False,False,False,False,False,False,False,False,False,False,False,False,False,False,False,False,False,True,False,False,False,False
10.4,81.0,1012.9,90.0,9.0,SAN LUIS AERO,713.0,-32.733333333333334,-66.35,,0.7071067811865476,0.7071067811865476,False,False,False,False,False,False,False,False,False,False,False,False,False,False,False,False,False,False,True,False,False,False,False
11.1,85.0,1012.1,50.0,4.0,SAN LUIS AERO,713.0,-32.733333333333334,-66.35,,0.8660254037844386,0.5000000000000001,False,False,False,False,False,False,False,False,False,False,False,False,False,False,False,False,False,False,True,False,False,False,False
11.9,76.0,1011.9,90.0,7.0,SAN LUIS AERO,713.0,-32.733333333333334,-66.35,,0.9659258262890683,0.25881904510252074,False,False,False,False,False,False,False,False,False,False,False,False,False,False,False,False,False,False,True,False,False,False,False
12.5,81.0,1011.8,90.0,7.0,SAN LUIS AERO,713.0,-32.733333333333334,-66.35,,1.0,6.123233995736766e-17,False,False,False,False,False,False,False,False,False,False,False,False,False,False,False,False,False,False,True,False,False,False,False
12.0,79.0,1012.8,80.0,4.0,SAN LUIS AERO,713.0,-32.733333333333334,-66.35,,0.9659258262890683,-0.25881904510252063,False,False,False,False,False,False,False,False,False,False,False,False,False,False,False,False,False,False,True,False,False,False,False
10.2,88.0,1013.1,70.0,11.0,SAN LUIS AERO,713.0,-32.733333333333334,-66.35,,0.8660254037844387,-0.4999999999999998,False,False,False,False,False,False,False,False,False,False,False,False,False,False,False,False,False,False,True,False,False,False,False
12.0,79.0,1013.1,140.0,6.0,SAN LUIS AERO,713.0,-32.733333333333334,-66.35,,0.7071067811865476,-0.7071067811865475,False,False,False,False,False,False,False,False,False,False,False,False,False,False,False,False,False,False,True,False,False,False,False
13.8,72.0,1012.3,60.0,11.0,SAN LUIS AERO,713.0,-32.733333333333334,-66.35,,0.49999999999999994,-0.8660254037844387,False,False,False,False,False,False,False,False,False,False,False,False,False,False,False,False,False,False,True,False,False,False,False
19.0,58.0,1011.2,990.0,7.0,SAN LUIS AERO,713.0,-32.733333333333334,-66.35,,0.258819045102521,-0.9659258262890682,False,False,False,False,False,False,False,False,False,False,False,False,False,False,False,False,False,False,True,False,False,False,False
20.0,63.0,1011.2,990.0,9.0,SAN LUIS AERO,713.0,-32.733333333333334,-66.35,,1.2246467991473532e-16,-1.0,False,False,False,False,False,False,False,False,False,False,False,False,False,False,False,False,False,False,True,False,False,False,False
20.1,65.0,1010.5,990.0,9.0,SAN LUIS AERO,713.0,-32.733333333333334,-66.35,,-0.2588190451025208,-0.9659258262890683,False,False,False,False,False,False,False,False,False,False,False,False,False,False,False,False,False,False,True,False,False,False,False
21.2,56.0,1009.0,280.0,15.0,SAN LUIS AERO,713.0,-32.733333333333334,-66.35,,-0.4999999999999997,-0.8660254037844388,False,False,False,False,False,False,False,False,False,False,False,False,False,False,False,False,False,False,True,False,False,False,False
21.6,56.0,1008.6,300.0,13.0,SAN LUIS AERO,713.0,-32.733333333333334,-66.35,,-0.7071067811865471,-0.7071067811865479,False,False,False,False,False,False,False,False,False,False,False,False,False,False,False,False,False,False,True,False,False,False,False
21.8,56.0,1008.6,990.0,9.0,SAN LUIS AERO,713.0,-32.733333333333334,-66.35,,-0.8660254037844385,-0.5000000000000004,False,False,False,False,False,False,False,False,False,False,False,False,False,False,False,False,False,False,True,False,False,False,False
19.8,59.0,1009.3,200.0,24.0,SAN LUIS AERO,713.0,-32.733333333333334,-66.35,,-0.9659258262890683,-0.25881904510252063,False,False,False,False,False,False,False,False,False,False,False,False,False,False,False,False,False,False,True,False,False,False,False
16.4,67.0,1010.6,190.0,19.0,SAN LUIS AERO,713.0,-32.733333333333334,-66.35,,-1.0,-1.8369701987210297e-16,False,False,False,False,False,False,False,False,False,False,False,False,False,False,False,False,False,False,True,False,False,False,False
16.4,70.0,1011.8,140.0,20.0,SAN LUIS AERO,713.0,-32.733333333333334,-66.35,,-0.9659258262890684,0.2588190451025203,False,False,False,False,False,False,False,False,False,False,False,False,False,False,False,False,False,False,True,False,False,False,False
13.6,82.0,1015.2,140.0,26.0,SAN LUIS AERO,713.0,-32.733333333333334,-66.35,,-0.8660254037844386,0.5000000000000001,False,False,False,False,False,False,False,False,False,False,False,False,False,False,False,False,False,False,True,False,False,False,False
11.9,97.0,1017.2,150.0,17.0,SAN LUIS AERO,713.0,-32.733333333333334,-66.35,,-0.7071067811865477,0.7071067811865474,False,False,False,False,False,False,False,False,False,False,False,False,False,False,False,False,False,False,True,False,False,False,False
8.1,84.0,1020.1,160.0,30.0,SAN LUIS AERO,713.0,-32.733333333333334,-66.35,,-0.5000000000000004,0.8660254037844384,False,False,False,False,False,False,False,False,False,False,False,False,False,False,False,False,False,False,True,False,False,False,False
7.7,78.0,1021.7,130.0,26.0,SAN LUIS AERO,713.0,-32.733333333333334,-66.35,,-0.25881904510252157,0.9659258262890681,False,False,False,False,False,False,False,False,False,False,False,False,False,False,False,False,False,False,True,False,False,False,False
6.2,76.0,1013.0,230.0,9.0,SAN MARTIN (MZA),653.0,-32.93333333333333,-68.45,,0.7071067811865476,-0.7071067811865475,False,False,False,False,False,False,False,False,False,False,False,False,True,False,False,False,False,False,False,False,False,False,False
7.9,68.0,1012.9,200.0,9.0,SAN MARTIN (MZA),653.0,-32.93333333333333,-68.45,,0.49999999999999994,-0.8660254037844387,False,False,False,False,False,False,False,False,False,False,False,False,True,False,False,False,False,False,False,False,False,False,False
11.3,55.0,1012.4,200.0,11.0,SAN MARTIN (MZA),653.0,-32.93333333333333,-68.45,,0.258819045102521,-0.9659258262890682,False,False,False,False,False,False,False,False,False,False,False,False,True,False,False,False,False,False,False,False,False,False,False
13.9,52.0,1011.6,200.0,9.0,SAN MARTIN (MZA),653.0,-32.93333333333333,-68.45,,1.2246467991473532e-16,-1.0,False,False,False,False,False,False,False,False,False,False,False,False,True,False,False,False,False,False,False,False,False,False,False
16.0,49.0,1010.3,160.0,11.0,SAN MARTIN (MZA),653.0,-32.93333333333333,-68.45,,-0.2588190451025208,-0.9659258262890683,False,False,False,False,False,False,False,False,False,False,False,False,True,False,False,False,False,False,False,False,False,False,False
16.9,46.0,1009.8,160.0,13.0,SAN MARTIN (MZA),653.0,-32.93333333333333,-68.45,,-0.4999999999999997,-0.8660254037844388,False,False,False,False,False,False,False,False,False,False,False,False,True,False,False,False,False,False,False,False,False,False,False
17.2,45.0,1009.6,120.0,15.0,SAN MARTIN (MZA),653.0,-32.93333333333333,-68.45,,-0.7071067811865471,-0.7071067811865479,False,False,False,False,False,False,False,False,False,False,False,False,True,False,False,False,False,False,False,False,False,False,False
17.5,43.0,1010.0,140.0,19.0,SAN MARTIN (MZA),653.0,-32.93333333333333,-68.45,,-0.8660254037844385,-0.5000000000000004,False,False,False,False,False,False,False,False,False,False,False,False,True,False,False,False,False,False,False,False,False,False,False
17.0,45.0,1011.1,140.0,19.0,SAN MARTIN (MZA),653.0,-32.93333333333333,-68.45,,-0.9659258262890683,-0.25881904510252063,False,False,False,False,False,False,False,False,False,False,False,False,True,False,False,False,False,False,False,False,False,False,False
16.1,48.0,1013.1,160.0,15.0,SAN MARTIN (MZA),653.0,-32.93333333333333,-68.45,,-1.0,-1.8369701987210297e-16,False,False,False,False,False,False,False,False,False,False,False,False,True,False,False,False,False,False,False,False,False,False,False
14.8,52.0,1015.2,160.0,19.0,SAN MARTIN (MZA),653.0,-32.93333333333333,-68.45,,-0.9659258262890684,0.2588190451025203,False,False,False,False,False,False,False,False,False,False,False,False,True,False,False,False,False,False,False,False,False,False,False
14.3,53.0,1017.6,160.0,30.0,SAN MARTIN (MZA),653.0,-32.93333333333333,-68.45,,-0.8660254037844386,0.5000000000000001,False,False,False,False,False,False,False,False,False,False,False,False,True,False,False,False,False,False,False,False,False,False,False
12.5,55.0,1019.6,160.0,26.0,SAN MARTIN (MZA),653.0,-32.93333333333333,-68.45,,-0.7071067811865477,0.7071067811865474,False,False,False,False,False,False,False,False,False,False,False,False,True,False,False,False,False,False,False,False,False,False,False
6.8,72.0,1015.7,270.0,11.0,SAN RAFAEL AERO,748.0,-33.416666666666664,-68.4,,0.0,1.0,False,False,False,False,False,False,False,False,False,False,False,False,True,False,False,False,False,False,False,False,False,False,False
7.2,70.0,1015.0,270.0,24.0,SAN RAFAEL AERO,748.0,-33.416666666666664,-68.4,,0.25881904510252074,0.9659258262890683,False,False,False,False,False,False,False,False,False,False,False,False,True,False,False,False,False,False,False,False,False,False,False
6.6,75.0,1014.1,270.0,15.0,SAN RAFAEL AERO,748.0,-33.416666666666664,-68.4,,0.49999999999999994,0.8660254037844387,False,False,False,False,False,False,False,False,False,False,False,False,True,False,False,False,False,False,False,False,False,False,False
7.4,75.0,1013.7,270.0,19.0,SAN RAFAEL AERO,748.0,-33.416666666666664,-68.4,,0.7071067811865476,0.7071067811865476,False,False,False,False,False,False,False,False,False,False,False,False,True,False,False,False,False,False,False,False,False,False,False
6.8,78.0,1013.5,270.0,20.0,SAN RAFAEL AERO,748.0,-33.416666666666664,-68.4,,0.8660254037844386,0.5000000000000001,False,False,False,False,False,False,False,False,False,False,False,False,True,False,False,False,False,False,False,False,False,False,False
6.8,75.0,1012.5,270.0,11.0,SAN RAFAEL AERO,748.0,-33.416666666666664,-68.4,,0.9659258262890683,0.25881904510252074,False,False,False,False,False,False,False,False,False,False,False,False,True,False,False,False,False,False,False,False,False,False,False
5.8,82.0,1012.5,230.0,9.0,SAN RAFAEL AERO,748.0,-33.416666666666664,-68.4,,1.0,6.123233995736766e-17,False,False,False,False,False,False,False,False,False,False,False,False,True,False,False,False,False,False,False,False,False,False,False
4.8,85.0,1013.4,270.0,13.0,SAN RAFAEL AERO,748.0,-33.416666666666664,-68.4,,0.9659258262890683,-0.25881904510252063,False,False,False,False,False,False,False,False,False,False,False,False,True,False,False,False,False,False,False,False,False,False,False
4.0,81.0,1013.6,250.0,9.0,SAN RAFAEL AERO,748.0,-33.416666666666664,-68.4,,0.8660254037844387,-0.4999999999999998,False,False,False,False,False,False,False,False,False,False,False,False,True,False,False,False,False,False,False,False,False,False,False
4.8,82.0,1014.2,230.0,13.0,SAN RAFAEL AERO,748.0,-33.416666666666664,-68.4,,0.7071067811865476,-0.7071067811865475,False,False,False,False,False,False,False,False,False,False,False,False,True,False,False,False,False,False,False,False,False,False,False
8.2,71.0,1014.2,270.0,7.0,SAN RAFAEL AERO,748.0,-33.416666666666664,-68.4,,0.49999999999999994,-0.8660254037844387,False,False,False,False,False,False,False,False,False,False,False,False,True,False,False,False,False,False,False,False,False,False,False
13.8,58.0,1013.5,140.0,7.0,SAN RAFAEL AERO,748.0,-33.416666666666664,-68.4,,0.258819045102521,-0.9659258262890682,False,False,False,False,False,False,False,False,False,False,False,False,True,False,False,False,False,False,False,False,False,False,False
15.0,52.0,1013.6,140.0,6.0,SAN RAFAEL AERO,748.0,-33.416666666666664,-68.4,,1.2246467991473532e-16,-1.0,False,False,False,False,False,False,False,False,False,False,False,False,True,False,False,False,False,False,False,False,False,False,False
15.0,50.0,1013.6,140.0,13.0,SAN RAFAEL AERO,748.0,-33.416666666666664,-68.4,,-0.2588190451025208,-0.9659258262890683,False,False,False,False,False,False,False,False,False,False,False,False,True,False,False,False,False,False,False,False,False,False,False
14.6,51.0,1013.3,140.0,11.0,SAN RAFAEL AERO,748.0,-33.416666666666664,-68.4,,-0.4999999999999997,-0.8660254037844388,False,False,False,False,False,False,False,False,False,False,False,False,True,False,False,False,False,False,False,False,False,False,False
14.8,52.0,1013.4,140.0,26.0,SAN RAFAEL AERO,748.0,-33.416666666666664,-68.4,,-0.7071067811865471,-0.7071067811865479,False,False,False,False,False,False,False,False,False,False,False,False,True,False,False,False,False,False,False,False,False,False,False
15.0,41.0,1013.7,140.0,28.0,SAN RAFAEL AERO,748.0,-33.416666666666664,-68.4,,-0.8660254037844385,-0.5000000000000004,False,False,False,False,False,False,False,False,False,False,False,False,True,False,False,False,False,False,False,False,False,False,False
14.6,44.0,1015.1,180.0,15.0,SAN RAFAEL AERO,748.0,-33.416666666666664,-68.4,,-0.9659258262890683,-0.25881904510252063,False,False,False,False,False,False,False,False,False,False,False,False,True,False,False,False,False,False,False,False,False,False,False
13.0,39.0,1017.2,140.0,15.0,SAN RAFAEL AERO,748.0,-33.416666666666664,-68.4,,-1.0,-1.8369701987210297e-16,False,False,False,False,False,False,False,False,False,False,False,False,True,False,False,False,False,False,False,False,False,False,False
11.6,32.0,1019.6,140.0,11.0,SAN RAFAEL AERO,748.0,-33.416666666666664,-68.4,,-0.9659258262890684,0.2588190451025203,False,False,False,False,False,False,False,False,False,False,False,False,True,False,False,False,False,False,False,False,False,False,False
10.6,31.0,1020.7,140.0,22.0,SAN RAFAEL AERO,748.0,-33.416666666666664,-68.4,,-0.8660254037844386,0.5000000000000001,False,False,False,False,False,False,False,False,False,False,False,False,True,False,False,False,False,False,False,False,False,False,False
8.8,38.0,1021.8,140.0,19.0,SAN RAFAEL AERO,748.0,-33.416666666666664,-68.4,,-0.7071067811865477,0.7071067811865474,False,False,False,False,False,False,False,False,False,False,False,False,True,False,False,False,False,False,False,False,False,False,False
11.6,26.0,1021.6,230.0,33.0,SAN RAFAEL AERO,748.0,-33.416666666666664,-68.4,,-0.5000000000000004,0.8660254037844384,False,False,False,False,False,False,False,False,False,False,False,False,True,False,False,False,False,False,False,False,False,False,False
11.7,27.0,1021.5,230.0,26.0,SAN RAFAEL AERO,748.0,-33.416666666666664,-68.4,,-0.25881904510252157,0.9659258262890681,False,False,False,False,False,False,False,False,False,False,False,False,True,False,False,False,False,False,False,False,False,False,False
1.8,87.0,1007.0,270.0,9.0,SANTA CRUZ AERO,111.0,-49.983333333333334,-68.56666666666666,,0.7071067811865476,-0.7071067811865475,False,False,False,False,False,False,False,False,False,False,False,False,False,False,False,False,False,False,False,True,False,False,False
7.2,64.0,1008.9,290.0,28.0,SANTA CRUZ AERO,111.0,-49.983333333333334,-68.56666666666666,,-0.7071067811865471,-0.7071067811865479,False,False,False,False,False,False,False,False,False,False,False,False,False,False,False,False,False,False,False,True,False,False,False
3.2,76.0,1010.8,290.0,24.0,SANTA CRUZ AERO,111.0,-49.983333333333334,-68.56666666666666,,-0.7071067811865477,0.7071067811865474,False,False,False,False,False,False,False,False,False,False,False,False,False,False,False,False,False,False,False,True,False,False,False
12.2,93.0,1015.9,360.0,11.0,SANTA ROSA AERO,191.0,-35.416666666666664,-64.26666666666667,,0.0,1.0,False,False,False,False,False,False,False,False,False,False,True,False,False,False,False,False,False,False,False,False,False,False,False
12.1,95.0,1015.7,360.0,9.0,SANTA ROSA AERO,191.0,-35.416666666666664,-64.26666666666667,,0.25881904510252074,0.9659258262890683,False,False,False,False,False,False,False,False,False,False,True,False,False,False,False,False,False,False,False,False,False,False,False
11.6,97.0,1015.0,20.0,9.0,SANTA ROSA AERO,191.0,-35.416666666666664,-64.26666666666667,,0.49999999999999994,0.8660254037844387,False,False,False,False,False,False,False,False,False,False,True,False,False,False,False,False,False,False,False,False,False,False,False
11.4,96.0,1014.8,50.0,9.0,SANTA ROSA AERO,191.0,-35.416666666666664,-64.26666666666667,,0.7071067811865476,0.7071067811865476,False,False,False,False,False,False,False,False,False,False,True,False,False,False,False,False,False,False,False,False,False,False,False
10.6,97.0,1014.5,50.0,6.0,SANTA ROSA AERO,191.0,-35.416666666666664,-64.26666666666667,,0.8660254037844386,0.5000000000000001,False,False,False,False,False,False,False,False,False,False,True,False,False,False,False,False,False,False,False,False,False,False,False
10.2,100.0,1014.3,90.0,6.0,SANTA ROSA AERO,191.0,-35.416666666666664,-64.26666666666667,,0.9659258262890683,0.25881904510252074,False,False,False,False,False,False,False,False,False,False,True,False,False,False,False,False,False,False,False,False,False,False,False
10.1,97.0,1013.8,50.0,4.0,SANTA ROSA AERO,191.0,-35.416666666666664,-64.26666666666667,,1.0,6.123233995736766e-17,False,False,False,False,False,False,False,False,False,False,True,False,False,False,False,False,False,False,False,False,False,False,False
9.2,100.0,1014.1,70.0,6.0,SANTA ROSA AERO,191.0,-35.416666666666664,-64.26666666666667,,0.9659258262890683,-0.25881904510252063,False,False,False,False,False,False,False,False,False,False,True,False,False,False,False,False,False,False,False,False,False,False,False
9.3,100.0,1014.1,20.0,7.0,SANTA ROSA AERO,191.0,-35.416666666666664,-64.26666666666667,,0.8660254037844387,-0.4999999999999998,False,False,False,False,False,False,False,False,False,False,True,False,False,False,False,False,False,False,False,False,False,False,False
9.0,97.0,1014.3,140.0,6.0,SANTA ROSA AERO,191.0,-35.416666666666664,-64.26666666666667,,0.7071067811865476,-0.7071067811865475,False,False,False,False,False,False,False,False,False,False,True,False,False,False,False,False,False,False,False,False,False,False,False
10.1,99.0,1014.7,160.0,6.0,SANTA ROSA AERO,191.0,-35.416666666666664,-64.26666666666667,,0.49999999999999994,-0.8660254037844387,False,False,False,False,False,False,False,False,False,False,True,False,False,False,False,False,False,False,False,False,False,False,False
11.0,95.0,1014.6,140.0,6.0,SANTA ROSA AERO,191.0,-35.416666666666664,-64.26666666666667,,0.258819045102521,-0.9659258262890682,False,False,False,False,False,False,False,False,False,False,True,False,False,False,False,False,False,False,False,False,False,False,False
10.5,100.0,1015.5,160.0,9.0,SANTA ROSA AERO,191.0,-35.416666666666664,-64.26666666666667,,1.2246467991473532e-16,-1.0,False,False,False,False,False,False,False,False,False,False,True,False,False,False,False,False,False,False,False,False,False,False,False
11.5,95.0,1014.8,160.0,9.0,SANTA ROSA AERO,191.0,-35.416666666666664,-64.26666666666667,,-0.2588190451025208,-0.9659258262890683,False,False,False,False,False,False,False,False,False,False,True,False,False,False,False,False,False,False,False,False,False,False,False
12.4,89.0,1013.9,180.0,11.0,SANTA ROSA AERO,191.0,-35.416666666666664,-64.26666666666667,,-0.4999999999999997,-0.8660254037844388,False,False,False,False,False,False,False,False,False,False,True,False,False,False,False,False,False,False,False,False,False,False,False
13.1,88.0,1013.7,180.0,15.0,SANTA ROSA AERO,191.0,-35.416666666666664,-64.26666666666667,,-0.7071067811865471,-0.7071067811865479,False,False,False,False,False,False,False,False,False,False,True,False,False,False,False,False,False,False,False,False,False,False,False
14.1,86.0,1014.0,180.0,22.0,SANTA ROSA AERO,191.0,-35.416666666666664,-64.26666666666667,,-0.8660254037844385,-0.5000000000000004,False,False,False,False,False,False,False,False,False,False,True,False,False,False,False,False,False,False,False,False,False,False,False
13.4,90.0,1014.7,180.0,26.0,SANTA ROSA AERO,191.0,-35.416666666666664,-64.26666666666667,,-0.9659258262890683,-0.25881904510252063,False,False,False,False,False,False,False,False,False,False,True,False,False,False,False,False,False,False,False,False,False,False,False
13.4,83.0,1015.3,180.0,22.0,SANTA ROSA AERO,191.0,-35.416666666666664,-64.26666666666667,,-1.0,-1.8369701987210297e-16,False,False,False,False,False,False,False,False,False,False,True,False,False,False,False,False,False,False,False,False,False,False,False
13.3,71.0,1016.0,180.0,22.0,SANTA ROSA AERO,191.0,-35.416666666666664,-64.26666666666667,,-0.9659258262890684,0.2588190451025203,False,False,False,False,False,False,False,False,False,False,True,False,False,False,False,False,False,False,False,False,False,False,False
13.2,62.0,1017.5,230.0,19.0,SANTA ROSA AERO,191.0,-35.416666666666664,-64.26666666666667,,-0.8660254037844386,0.5000000000000001,False,False,False,False,False,False,False,False,False,False,True,False,False,False,False,False,False,False,False,False,False,False,False
13.2,45.0,1017.6,200.0,26.0,SANTA ROSA AERO,191.0,-35.416666666666664,-64.26666666666667,,-0.7071067811865477,0.7071067811865474,False,False,False,False,False,False,False,False,False,False,True,False,False,False,False,False,False,False,False,False,False,False,False
13.0,41.0,1019.3,200.0,20.0,SANTA ROSA AERO,191.0,-35.416666666666664,-64.26666666666667,,-0.5000000000000004,0.8660254037844384,False,False,False,False,False,False,False,False,False,False,True,False,False,False,False,False,False,False,False,False,False,False,False
12.3,46.0,1020.9,180.0,15.0,SANTA ROSA AERO,191.0,-35.416666666666664,-64.26666666666667,,-0.25881904510252157,0.9659258262890681,False,False,False,False,False,False,False,False,False,False,True,False,False,False,False,False,False,False,False,False,False,False,False
6.6,41.0,1013.5,0.0,0.0,SANTA ROSA DE CON,,,,,0.8660254037844387,-0.4999999999999998,False,False,False,False,False,False,False,False,False,False,False,False,False,False,False,False,False,False,False,False,False,False,False
8.4,95.0,1013.1,0.0,0.0,SANTA ROSA DE CON,,,,,0.7071067811865476,-0.7071067811865475,False,False,False,False,False,False,False,False,False,False,False,False,False,False,False,False,False,False,False,False,False,False,False
11.8,96.0,1014.4,0.0,0.0,SANTA ROSA DE CON,,,,,0.49999999999999994,-0.8660254037844387,False,False,False,False,False,False,False,False,False,False,False,False,False,False,False,False,False,False,False,False,False,False,False
15.1,87.0,1013.3,0.0,0.0,SANTA ROSA DE CON,,,,,0.258819045102521,-0.9659258262890682,False,False,False,False,False,False,False,False,False,False,False,False,False,False,False,False,False,False,False,False,False,False,False
18.8,75.0,1011.6,0.0,0.0,SANTA ROSA DE CON,,,,,1.2246467991473532e-16,-1.0,False,False,False,False,False,False,False,False,False,False,False,False,False,False,False,False,False,False,False,False,False,False,False
20.6,68.0,1009.7,0.0,0.0,SANTA ROSA DE CON,,,,,-0.2588190451025208,-0.9659258262890683,False,False,False,False,False,False,False,False,False,False,False,False,False,False,False,False,False,False,False,False,False,False,False
22.3,63.0,1007.5,0.0,0.0,SANTA ROSA DE CON,,,,,-0.4999999999999997,-0.8660254037844388,False,False,False,False,False,False,False,False,False,False,False,False,False,False,False,False,False,False,False,False,False,False,False
24.2,56.0,1005.6,0.0,0.0,SANTA ROSA DE CON,,,,,-0.7071067811865471,-0.7071067811865479,False,False,False,False,False,False,False,False,False,False,False,False,False,False,False,False,False,False,False,False,False,False,False
25.1,54.0,1004.4,320.0,11.0,SANTA ROSA DE CON,,,,,-0.8660254037844385,-0.5000000000000004,False,False,False,False,False,False,False,False,False,False,False,False,False,False,False,False,False,False,False,False,False,False,False
25.1,52.0,1004.3,0.0,0.0,SANTA ROSA DE CON,,,,,-0.9659258262890683,-0.25881904510252063,False,False,False,False,False,False,False,False,False,False,False,False,False,False,False,False,False,False,False,False,False,False,False
24.4,54.0,1007.5,0.0,0.0,SANTA ROSA DE CON,,,,,-1.0,-1.8369701987210297e-16,False,False,False,False,False,False,False,False,False,False,False,False,False,False,False,False,False,False,False,False,False,False,False
21.3,63.0,1008.1,0.0,0.0,SANTA ROSA DE CON,,,,,-0.9659258262890684,0.2588190451025203,False,False,False,False,False,False,False,False,False,False,False,False,False,False,False,False,False,False,False,False,False,False,False
18.4,76.0,1009.8,0.0,0.0,SANTA ROSA DE CON,,,,,-0.8660254037844386,0.5000000000000001,False,False,False,False,False,False,False,False,False,False,False,False,False,False,False,False,False,False,False,False,False,False,False
17.3,80.0,1010.9,180.0,28.0,SANTA ROSA DE CON,,,,,-0.7071067811865477,0.7071067811865474,False,False,False,False,False,False,False,False,False,False,False,False,False,False,False,False,False,False,False,False,False,False,False
16.6,90.0,1013.5,320.0,4.0,SANTIAGO DEL ESTE,,,,,0.0,1.0,False,False,False,False,False,False,False,False,False,False,False,False,False,False,False,False,False,False,False,False,False,False,False
14.6,93.0,1013.2,320.0,6.0,SANTIAGO DEL ESTE,,,,,0.25881904510252074,0.9659258262890683,False,False,False,False,False,False,False,False,False,False,False,False,False,False,False,False,False,False,False,False,False,False,False
13.8,93.0,1012.7,320.0,6.0,SANTIAGO DEL ESTE,,,,,0.49999999999999994,0.8660254037844387,False,False,False,False,False,False,False,False,False,False,False,False,False,False,False,False,False,False,False,False,False,False,False
13.8,93.0,1011.8,0.0,0.0,SANTIAGO DEL ESTE,,,,,0.7071067811865476,0.7071067811865476,False,False,False,False,False,False,False,False,False,False,False,False,False,False,False,False,False,False,False,False,False,False,False
13.3,92.0,1011.3,0.0,0.0,SANTIAGO DEL ESTE,,,,,0.8660254037844386,0.5000000000000001,False,False,False,False,False,False,False,False,False,False,False,False,False,False,False,False,False,False,False,False,False,False,False
11.4,95.0,1011.0,0.0,0.0,SANTIAGO DEL ESTE,,,,,0.9659258262890683,0.25881904510252074,False,False,False,False,False,False,False,False,False,False,False,False,False,False,False,False,False,False,False,False,False,False,False
11.0,97.0,1010.9,0.0,0.0,SANTIAGO DEL ESTE,,,,,1.0,6.123233995736766e-17,False,False,False,False,False,False,False,False,False,False,False,False,False,False,False,False,False,False,False,False,False,False,False
9.6,95.0,1011.1,230.0,6.0,SANTIAGO DEL ESTE,,,,,0.9659258262890683,-0.25881904510252063,False,False,False,False,False,False,False,False,False,False,False,False,False,False,False,False,False,False,False,False,False,False,False
9.2,97.0,1011.5,0.0,0.0,SANTIAGO DEL ESTE,,,,,0.8660254037844387,-0.4999999999999998,False,False,False,False,False,False,False,False,False,False,False,False,False,False,False,False,False,False,False,False,False,False,False
10.8,92.0,1011.9,230.0,4.0,SANTIAGO DEL ESTE,,,,,0.7071067811865476,-0.7071067811865475,False,False,False,False,False,False,False,False,False,False,False,False,False,False,False,False,False,False,False,False,False,False,False
15.7,82.0,1012.0,0.0,0.0,SANTIAGO DEL ESTE,,,,,0.49999999999999994,-0.8660254037844387,False,False,False,False,False,False,False,False,False,False,False,False,False,False,False,False,False,False,False,False,False,False,False
20.6,54.0,1011.9,50.0,7.0,SANTIAGO DEL ESTE,,,,,0.258819045102521,-0.9659258262890682,False,False,False,False,False,False,False,False,False,False,False,False,False,False,False,False,False,False,False,False,False,False,False
23.4,53.0,1011.4,20.0,13.0,SANTIAGO DEL ESTE,,,,,1.2246467991473532e-16,-1.0,False,False,False,False,False,False,False,False,False,False,False,False,False,False,False,False,False,False,False,False,False,False,False
25.4,50.0,1010.3,360.0,11.0,SANTIAGO DEL ESTE,,,,,-0.2588190451025208,-0.9659258262890683,False,False,False,False,False,False,False,False,False,False,False,False,False,False,False,False,False,False,False,False,False,False,False
27.8,43.0,1008.5,360.0,19.0,SANTIAGO DEL ESTE,,,,,-0.4999999999999997,-0.8660254037844388,False,False,False,False,False,False,False,False,False,False,False,False,False,False,False,False,False,False,False,False,False,False,False
29.0,41.0,1007.3,360.0,11.0,SANTIAGO DEL ESTE,,,,,-0.7071067811865471,-0.7071067811865479,False,False,False,False,False,False,False,False,False,False,False,False,False,False,False,False,False,False,False,False,False,False,False
29.6,37.0,1006.5,360.0,19.0,SANTIAGO DEL ESTE,,,,,-0.8660254037844385,-0.5000000000000004,False,False,False,False,False,False,False,False,False,False,False,False,False,False,False,False,False,False,False,False,False,False,False
30.2,37.0,1005.6,320.0,15.0,SANTIAGO DEL ESTE,,,,,-0.9659258262890683,-0.25881904510252063,False,False,False,False,False,False,False,False,False,False,False,False,False,False,False,False,False,False,False,False,False,False,False
29.9,38.0,1005.8,360.0,11.0,SANTIAGO DEL ESTE,,,,,-1.0,-1.8369701987210297e-16,False,False,False,False,False,False,False,False,False,False,False,False,False,False,False,False,False,False,False,False,False,False,False
27.8,47.0,1006.2,20.0,6.0,SANTIAGO DEL ESTE,,,,,-0.9659258262890684,0.2588190451025203,False,False,False,False,False,False,False,False,False,False,False,False,False,False,False,False,False,False,False,False,False,False,False
24.2,61.0,1007.4,200.0,7.0,SANTIAGO DEL ESTE,,,,,-0.8660254037844386,0.5000000000000001,False,False,False,False,False,False,False,False,False,False,False,False,False,False,False,False,False,False,False,False,False,False,False
21.4,76.0,1007.9,320.0,7.0,SANTIAGO DEL ESTE,,,,,-0.7071067811865477,0.7071067811865474,False,False,False,False,False,False,False,False,False,False,False,False,False,False,False,False,False,False,False,False,False,False,False
19.6,78.0,1007.9,290.0,7.0,SANTIAGO DEL ESTE,,,,,-0.5000000000000004,0.8660254037844384,False,False,False,False,False,False,False,False,False,False,False,False,False,False,False,False,False,False,False,False,False,False,False
18.8,81.0,1007.6,320.0,6.0,SANTIAGO DEL ESTE,,,,,-0.25881904510252157,0.9659258262890681,False,False,False,False,False,False,False,False,False,False,False,False,False,False,False,False,False,False,False,False,False,False,False
17.1,79.0,1016.6,90.0,20.0,SAUCE VIEJO AERO,18.0,-30.3,-60.8,,0.0,1.0,False,False,False,False,False,False,False,False,False,False,False,False,False,False,False,False,False,False,False,False,True,False,False
17.1,77.0,1016.4,90.0,15.0,SAUCE VIEJO AERO,18.0,-30.3,-60.8,,0.25881904510252074,0.9659258262890683,False,False,False,False,False,False,False,False,False,False,False,False,False,False,False,False,False,False,False,False,True,False,False
16.9,78.0,1015.8,90.0,19.0,SAUCE VIEJO AERO,18.0,-30.3,-60.8,,0.49999999999999994,0.8660254037844387,False,False,False,False,False,False,False,False,False,False,False,False,False,False,False,False,False,False,False,False,True,False,False
16.6,80.0,1015.4,90.0,19.0,SAUCE VIEJO AERO,18.0,-30.3,-60.8,,0.7071067811865476,0.7071067811865476,False,False,False,False,False,False,False,False,False,False,False,False,False,False,False,False,False,False,False,False,True,False,False
16.3,80.0,1015.2,90.0,19.0,SAUCE VIEJO AERO,18.0,-30.3,-60.8,,0.8660254037844386,0.5000000000000001,False,False,False,False,False,False,False,False,False,False,False,False,False,False,False,False,False,False,False,False,True,False,False
16.1,81.0,1014.9,90.0,17.0,SAUCE VIEJO AERO,18.0,-30.3,-60.8,,0.9659258262890683,0.25881904510252074,False,False,False,False,False,False,False,False,False,False,False,False,False,False,False,False,False,False,False,False,True,False,False
16.6,85.0,1014.8,50.0,17.0,SAUCE VIEJO AERO,18.0,-30.3,-60.8,,1.0,6.123233995736766e-17,False,False,False,False,False,False,False,False,False,False,False,False,False,False,False,False,False,False,False,False,True,False,False
16.9,84.0,1014.9,90.0,19.0,SAUCE VIEJO AERO,18.0,-30.3,-60.8,,0.9659258262890683,-0.25881904510252063,False,False,False,False,False,False,False,False,False,False,False,False,False,False,False,False,False,False,False,False,True,False,False
17.0,87.0,1015.3,70.0,33.0,SAUCE VIEJO AERO,18.0,-30.3,-60.8,,0.8660254037844387,-0.4999999999999998,False,False,False,False,False,False,False,False,False,False,False,False,False,False,False,False,False,False,False,False,True,False,False
17.1,90.0,1015.2,70.0,24.0,SAUCE VIEJO AERO,18.0,-30.3,-60.8,,0.7071067811865476,-0.7071067811865475,False,False,False,False,False,False,False,False,False,False,False,False,False,False,False,False,False,False,False,False,True,False,False
17.3,89.0,1015.3,50.0,26.0,SAUCE VIEJO AERO,18.0,-30.3,-60.8,,0.49999999999999994,-0.8660254037844387,False,False,False,False,False,False,False,False,False,False,False,False,False,False,False,False,False,False,False,False,True,False,False
19.8,74.0,1015.1,70.0,28.0,SAUCE VIEJO AERO,18.0,-30.3,-60.8,,0.258819045102521,-0.9659258262890682,False,False,False,False,False,False,False,False,False,False,False,False,False,False,False,False,False,False,False,False,True,False,False
21.3,70.0,1014.9,70.0,15.0,SAUCE VIEJO AERO,18.0,-30.3,-60.8,,1.2246467991473532e-16,-1.0,False,False,False,False,False,False,False,False,False,False,False,False,False,False,False,False,False,False,False,False,True,False,False
22.8,64.0,1013.9,70.0,22.0,SAUCE VIEJO AERO,18.0,-30.3,-60.8,,-0.2588190451025208,-0.9659258262890683,False,False,False,False,False,False,False,False,False,False,False,False,False,False,False,False,False,False,False,False,True,False,False
23.4,61.0,1012.9,50.0,15.0,SAUCE VIEJO AERO,18.0,-30.3,-60.8,,-0.4999999999999997,-0.8660254037844388,False,False,False,False,False,False,False,False,False,False,False,False,False,False,False,False,False,False,False,False,True,False,False
23.0,62.0,1011.7,70.0,9.0,SAUCE VIEJO AERO,18.0,-30.3,-60.8,,-0.7071067811865471,-0.7071067811865479,False,False,False,False,False,False,False,False,False,False,False,False,False,False,False,False,False,False,False,False,True,False,False
23.4,61.0,1011.1,110.0,17.0,SAUCE VIEJO AERO,18.0,-30.3,-60.8,,-0.8660254037844385,-0.5000000000000004,False,False,False,False,False,False,False,False,False,False,False,False,False,False,False,False,False,False,False,False,True,False,False
23.5,60.0,1010.4,70.0,19.0,SAUCE VIEJO AERO,18.0,-30.3,-60.8,,-0.9659258262890683,-0.25881904510252063,False,False,False,False,False,False,False,False,False,False,False,False,False,False,False,False,False,False,False,False,True,False,False
22.9,62.0,1009.9,90.0,15.0,SAUCE VIEJO AERO,18.0,-30.3,-60.8,,-1.0,-1.8369701987210297e-16,False,False,False,False,False,False,False,False,False,False,False,False,False,False,False,False,False,False,False,False,True,False,False
21.7,68.0,1009.5,90.0,19.0,SAUCE VIEJO AERO,18.0,-30.3,-60.8,,-0.9659258262890684,0.2588190451025203,False,False,False,False,False,False,False,False,False,False,False,False,False,False,False,False,False,False,False,False,True,False,False
21.2,69.0,1010.2,90.0,19.0,SAUCE VIEJO AERO,18.0,-30.3,-60.8,,-0.8660254037844386,0.5000000000000001,False,False,False,False,False,False,False,False,False,False,False,False,False,False,False,False,False,False,False,False,True,False,False
21.5,67.0,1010.6,90.0,19.0,SAUCE VIEJO AERO,18.0,-30.3,-60.8,,-0.7071067811865477,0.7071067811865474,False,False,False,False,False,False,False,False,False,False,False,False,False,False,False,False,False,False,False,False,True,False,False
22.2,63.0,1010.5,90.0,20.0,SAUCE VIEJO AERO,18.0,-30.3,-60.8,,-0.5000000000000004,0.8660254037844384,False,False,False,False,False,False,False,False,False,False,False,False,False,False,False,False,False,False,False,False,True,False,False
22.1,65.0,1010.9,70.0,15.0,SAUCE VIEJO AERO,18.0,-30.3,-60.8,,-0.25881904510252157,0.9659258262890681,False,False,False,False,False,False,False,False,False,False,False,False,False,False,False,False,False,False,False,False,True,False,False
18.0,85.0,1016.1,90.0,24.0,SUNCHALES AERO,92.0,-29.05,-61.516666666666666,,0.0,1.0,False,False,False,False,False,False,False,False,False,False,False,False,False,False,False,False,False,False,False,False,True,False,False
17.4,88.0,1016.0,90.0,24.0,SUNCHALES AERO,92.0,-29.05,-61.516666666666666,,0.25881904510252074,0.9659258262890683,False,False,False,False,False,False,False,False,False,False,False,False,False,False,False,False,False,False,False,False,True,False,False
17.0,89.0,1015.7,90.0,24.0,SUNCHALES AERO,92.0,-29.05,-61.516666666666666,,0.49999999999999994,0.8660254037844387,False,False,False,False,False,False,False,False,False,False,False,False,False,False,False,False,False,False,False,False,True,False,False
16.6,91.0,1015.7,90.0,24.0,SUNCHALES AERO,92.0,-29.05,-61.516666666666666,,0.7071067811865476,0.7071067811865476,False,False,False,False,False,False,False,False,False,False,False,False,False,False,False,False,False,False,False,False,True,False,False
16.0,91.0,1015.7,90.0,24.0,SUNCHALES AERO,92.0,-29.05,-61.516666666666666,,0.8660254037844386,0.5000000000000001,False,False,False,False,False,False,False,False,False,False,False,False,False,False,False,False,False,False,False,False,True,False,False
15.9,90.0,1014.9,90.0,15.0,SUNCHALES AERO,92.0,-29.05,-61.516666666666666,,0.9659258262890683,0.25881904510252074,False,False,False,False,False,False,False,False,False,False,False,False,False,False,False,False,False,False,False,False,True,False,False
15.8,90.0,1014.4,90.0,15.0,SUNCHALES AERO,92.0,-29.05,-61.516666666666666,,1.0,6.123233995736766e-17,False,False,False,False,False,False,False,False,False,False,False,False,False,False,False,False,False,False,False,False,True,False,False
16.7,86.0,1014.5,50.0,15.0,SUNCHALES AERO,92.0,-29.05,-61.516666666666666,,0.9659258262890683,-0.25881904510252063,False,False,False,False,False,False,False,False,False,False,False,False,False,False,False,False,False,False,False,False,True,False,False
16.9,84.0,1014.9,70.0,15.0,SUNCHALES AERO,92.0,-29.05,-61.516666666666666,,0.8660254037844387,-0.4999999999999998,False,False,False,False,False,False,False,False,False,False,False,False,False,False,False,False,False,False,False,False,True,False,False
17.3,84.0,1015.2,70.0,24.0,SUNCHALES AERO,92.0,-29.05,-61.516666666666666,,0.7071067811865476,-0.7071067811865475,False,False,False,False,False,False,False,False,False,False,False,False,False,False,False,False,False,False,False,False,True,False,False
18.5,79.0,1015.2,20.0,24.0,SUNCHALES AERO,92.0,-29.05,-61.516666666666666,,0.49999999999999994,-0.8660254037844387,False,False,False,False,False,False,False,False,False,False,False,False,False,False,False,False,False,False,False,False,True,False,False
19.3,78.0,1014.9,20.0,33.0,SUNCHALES AERO,92.0,-29.05,-61.516666666666666,,0.258819045102521,-0.9659258262890682,False,False,False,False,False,False,False,False,False,False,False,False,False,False,False,False,False,False,False,False,True,False,False
20.2,74.0,1014.1,20.0,24.0,SUNCHALES AERO,92.0,-29.05,-61.516666666666666,,1.2246467991473532e-16,-1.0,False,False,False,False,False,False,False,False,False,False,False,False,False,False,False,False,False,False,False,False,True,False,False
21.7,68.0,1013.5,20.0,33.0,SUNCHALES AERO,92.0,-29.05,-61.516666666666666,,-0.2588190451025208,-0.9659258262890683,False,False,False,False,False,False,False,False,False,False,False,False,False,False,False,False,False,False,False,False,True,False,False
23.5,61.0,1012.5,20.0,24.0,SUNCHALES AERO,92.0,-29.05,-61.516666666666666,,-0.4999999999999997,-0.8660254037844388,False,False,False,False,False,False,False,False,False,False,False,False,False,False,False,False,False,False,False,False,True,False,False
24.8,57.0,1011.6,50.0,24.0,SUNCHALES AERO,92.0,-29.05,-61.516666666666666,,-0.7071067811865471,-0.7071067811865479,False,False,False,False,False,False,False,False,False,False,False,False,False,False,False,False,False,False,False,False,True,False,False
24.8,57.0,1010.8,50.0,24.0,SUNCHALES AERO,92.0,-29.05,-61.516666666666666,,-0.8660254037844385,-0.5000000000000004,False,False,False,False,False,False,False,False,False,False,False,False,False,False,False,False,False,False,False,False,True,False,False
24.8,56.0,1010.0,50.0,15.0,SUNCHALES AERO,92.0,-29.05,-61.516666666666666,,-0.9659258262890683,-0.25881904510252063,False,False,False,False,False,False,False,False,False,False,False,False,False,False,False,False,False,False,False,False,True,False,False
23.4,60.0,1009.6,50.0,15.0,SUNCHALES AERO,92.0,-29.05,-61.516666666666666,,-1.0,-1.8369701987210297e-16,False,False,False,False,False,False,False,False,False,False,False,False,False,False,False,False,False,False,False,False,True,False,False
21.2,64.0,1009.6,50.0,15.0,SUNCHALES AERO,92.0,-29.05,-61.516666666666666,,-0.9659258262890684,0.2588190451025203,False,False,False,False,False,False,False,False,False,False,False,False,False,False,False,False,False,False,False,False,True,False,False
20.4,66.0,1009.6,90.0,15.0,SUNCHALES AERO,92.0,-29.05,-61.516666666666666,,-0.8660254037844386,0.5000000000000001,False,False,False,False,False,False,False,False,False,False,False,False,False,False,False,False,False,False,False,False,True,False,False
19.0,74.0,1010.0,90.0,15.0,SUNCHALES AERO,92.0,-29.05,-61.516666666666666,,-0.7071067811865477,0.7071067811865474,False,False,False,False,False,False,False,False,False,False,False,False,False,False,False,False,False,False,False,False,True,False,False
18.4,77.0,1010.7,90.0,15.0,SUNCHALES AERO,92.0,-29.05,-61.516666666666666,,-0.5000000000000004,0.8660254037844384,False,False,False,False,False,False,False,False,False,False,False,False,False,False,False,False,False,False,False,False,True,False,False
16.6,86.0,1011.4,90.0,9.0,SUNCHALES AERO,92.0,-29.05,-61.516666666666666,,-0.25881904510252157,0.9659258262890681,False,False,False,False,False,False,False,False,False,False,False,False,False,False,False,False,False,False,False,False,True,False,False
9.1,99.0,1017.9,80.0,9.0,TANDIL AERO,175.0,-36.766666666666666,-59.21666666666667,,0.8660254037844387,-0.4999999999999998,True,False,False,False,False,False,False,False,False,False,False,False,False,False,False,False,False,False,False,False,False,False,False
9.8,99.0,1017.7,120.0,7.0,TANDIL AERO,175.0,-36.766666666666666,-59.21666666666667,,0.7071067811865476,-0.7071067811865475,True,False,False,False,False,False,False,False,False,False,False,False,False,False,False,False,False,False,False,False,False,False,False
10.1,99.0,1017.5,100.0,11.0,TANDIL AERO,175.0,-36.766666666666666,-59.21666666666667,,0.49999999999999994,-0.8660254037844387,True,False,False,False,False,False,False,False,False,False,False,False,False,False,False,False,False,False,False,False,False,False,False
10.5,99.0,1017.5,80.0,11.0,TANDIL AERO,175.0,-36.766666666666666,-59.21666666666667,,0.258819045102521,-0.9659258262890682,True,False,False,False,False,False,False,False,False,False,False,False,False,False,False,False,False,False,False,False,False,False,False
10.7,100.0,1017.1,70.0,7.0,TANDIL AERO,175.0,-36.766666666666666,-59.21666666666667,,1.2246467991473532e-16,-1.0,True,False,False,False,False,False,False,False,False,False,False,False,False,False,False,False,False,False,False,False,False,False,False
10.7,100.0,1016.6,360.0,9.0,TANDIL AERO,175.0,-36.766666666666666,-59.21666666666667,,-0.2588190451025208,-0.9659258262890683,True,False,False,False,False,False,False,False,False,False,False,False,False,False,False,False,False,False,False,False,False,False,False
11.0,99.0,1014.6,40.0,13.0,TANDIL AERO,175.0,-36.766666666666666,-59.21666666666667,,-0.4999999999999997,-0.8660254037844388,True,False,False,False,False,False,False,False,False,False,False,False,False,False,False,False,False,False,False,False,False,False,False
12.0,99.0,1013.9,20.0,17.0,TANDIL AERO,175.0,-36.766666666666666,-59.21666666666667,,-0.7071067811865471,-0.7071067811865479,True,False,False,False,False,False,False,False,False,False,False,False,False,False,False,False,False,False,False,False,False,False,False
12.1,100.0,1013.2,10.0,15.0,TANDIL AERO,175.0,-36.766666666666666,-59.21666666666667,,-0.8660254037844385,-0.5000000000000004,True,False,False,False,False,False,False,False,False,False,False,False,False,False,False,False,False,False,False,False,False,False,False
12.0,100.0,1012.6,20.0,6.0,TANDIL AERO,175.0,-36.766666666666666,-59.21666666666667,,-0.9659258262890683,-0.25881904510252063,True,False,False,False,False,False,False,False,False,False,False,False,False,False,False,False,False,False,False,False,False,False,False
11.5,100.0,1013.2,60.0,7.0,TANDIL AERO,175.0,-36.766666666666666,-59.21666666666667,,-1.0,-1.8369701987210297e-16,True,False,False,False,False,False,False,False,False,False,False,False,False,False,False,False,False,False,False,False,False,False,False
11.6,100.0,1013.7,160.0,6.0,TANDIL AERO,175.0,-36.766666666666666,-59.21666666666667,,-0.9659258262890684,0.2588190451025203,True,False,False,False,False,False,False,False,False,False,False,False,False,False,False,False,False,False,False,False,False,False,False
11.9,97.0,1014.2,360.0,6.0,TANDIL AERO,175.0,-36.766666666666666,-59.21666666666667,,-0.8660254037844386,0.5000000000000001,True,False,False,False,False,False,False,False,False,False,False,False,False,False,False,False,False,False,False,False,False,False,False
11.8,97.0,1014.0,200.0,7.0,TANDIL AERO,175.0,-36.766666666666666,-59.21666666666667,,-0.7071067811865477,0.7071067811865474,True,False,False,False,False,False,False,False,False,False,False,False,False,False,False,False,False,False,False,False,False,False,False
15.1,94.0,1012.2,270.0,4.0,TARTAGAL AERO,450.0,-21.4,-63.78333333333333,,0.7071067811865476,-0.7071067811865475,False,False,False,False,False,False,False,False,False,False,False,False,False,False,False,False,True,False,False,False,False,False,False
22.7,68.0,,200.0,4.0,TARTAGAL AERO,450.0,-21.4,-63.78333333333333,,1.2246467991473532e-16,-1.0,False,False,False,False,False,False,False,False,False,False,False,False,False,False,False,False,True,False,False,False,False,False,False
27.4,50.0,,50.0,9.0,TARTAGAL AERO,450.0,-21.4,-63.78333333333333,,-0.7071067811865471,-0.7071067811865479,False,False,False,False,False,False,False,False,False,False,False,False,False,False,False,False,True,False,False,False,False,False,False
26.2,66.0,,0.0,0.0,TARTAGAL AERO,450.0,-21.4,-63.78333333333333,,-1.0,-1.8369701987210297e-16,False,False,False,False,False,False,False,False,False,False,False,False,False,False,False,False,True,False,False,False,False,False,False
21.6,81.0,1007.6,230.0,9.0,TARTAGAL AERO,450.0,-21.4,-63.78333333333333,,-0.7071067811865477,0.7071067811865474,False,False,False,False,False,False,False,False,False,False,False,False,False,False,False,False,True,False,False,False,False,False,False
9.2,92.0,1011.3,340.0,6.0,TERMAS DE RIO HON,,,,,0.8660254037844387,-0.4999999999999998,False,False,False,False,False,False,False,False,False,False,False,False,False,False,False,False,False,False,False,False,False,False,False
10.4,95.0,1012.0,360.0,7.0,TERMAS DE RIO HON,,,,,0.7071067811865476,-0.7071067811865475,False,False,False,False,False,False,False,False,False,False,False,False,False,False,False,False,False,False,False,False,False,False,False
12.8,93.0,1012.2,320.0,7.0,TERMAS DE RIO HON,,,,,0.49999999999999994,-0.8660254037844387,False,False,False,False,False,False,False,False,False,False,False,False,False,False,False,False,False,False,False,False,False,False,False
15.2,87.0,1012.4,0.0,0.0,TERMAS DE RIO HON,,,,,0.258819045102521,-0.9659258262890682,False,False,False,False,False,False,False,False,False,False,False,False,False,False,False,False,False,False,False,False,False,False,False
16.6,80.0,1011.7,0.0,0.0,TERMAS DE RIO HON,,,,,1.2246467991473532e-16,-1.0,False,False,False,False,False,False,False,False,False,False,False,False,False,False,False,False,False,False,False,False,False,False,False
18.4,73.0,1010.9,230.0,7.0,TERMAS DE RIO HON,,,,,-0.2588190451025208,-0.9659258262890683,False,False,False,False,False,False,False,False,False,False,False,False,False,False,False,False,False,False,False,False,False,False,False
20.0,64.0,1009.7,230.0,7.0,TERMAS DE RIO HON,,,,,-0.4999999999999997,-0.8660254037844388,False,False,False,False,False,False,False,False,False,False,False,False,False,False,False,False,False,False,False,False,False,False,False
23.2,58.0,1008.3,180.0,13.0,TERMAS DE RIO HON,,,,,-0.7071067811865471,-0.7071067811865479,False,False,False,False,False,False,False,False,False,False,False,False,False,False,False,False,False,False,False,False,False,False,False
24.0,56.0,1007.7,230.0,13.0,TERMAS DE RIO HON,,,,,-0.8660254037844385,-0.5000000000000004,False,False,False,False,False,False,False,False,False,False,False,False,False,False,False,False,False,False,False,False,False,False,False
23.6,56.0,1007.0,230.0,11.0,TERMAS DE RIO HON,,,,,-0.9659258262890683,-0.25881904510252063,False,False,False,False,False,False,False,False,False,False,False,False,False,False,False,False,False,False,False,False,False,False,False
22.8,55.0,1006.3,230.0,11.0,TERMAS DE RIO HON,,,,,-1.0,-1.8369701987210297e-16,False,False,False,False,False,False,False,False,False,False,False,False,False,False,False,False,False,False,False,False,False,False,False
20.0,68.0,1007.8,230.0,13.0,TERMAS DE RIO HON,,,,,-0.9659258262890684,0.2588190451025203,False,False,False,False,False,False,False,False,False,False,False,False,False,False,False,False,False,False,False,False,False,False,False
18.4,77.0,1008.3,200.0,11.0,TERMAS DE RIO HON,,,,,-0.8660254037844386,0.5000000000000001,False,False,False,False,False,False,False,False,False,False,False,False,False,False,False,False,False,False,False,False,False,False,False
18.6,72.0,1008.6,0.0,0.0,TERMAS DE RIO HON,,,,,-0.7071067811865477,0.7071067811865474,False,False,False,False,False,False,False,False,False,False,False,False,False,False,False,False,False,False,False,False,False,False,False
16.2,81.0,1008.5,0.0,0.0,TERMAS DE RIO HON,,,,,-0.5000000000000004,0.8660254037844384,False,False,False,False,False,False,False,False,False,False,False,False,False,False,False,False,False,False,False,False,False,False,False
2.4,79.0,,200.0,15.0,TINOGASTA,1201.0,-27.933333333333334,-67.55,,1.0,6.123233995736766e-17,False,False,True,False,False,False,False,False,False,False,False,False,False,False,False,False,False,False,False,False,False,False,False
6.0,52.0,,340.0,15.0,TINOGASTA,1201.0,-27.933333333333334,-67.55,,0.7071067811865476,-0.7071067811865475,False,False,True,False,False,False,False,False,False,False,False,False,False,False,False,False,False,False,False,False,False,False,False
17.0,43.0,,70.0,9.0,TINOGASTA,1201.0,-27.933333333333334,-67.55,,1.2246467991473532e-16,-1.0,False,False,True,False,False,False,False,False,False,False,False,False,False,False,False,False,False,False,False,False,False,False,False
25.2,27.0,,50.0,15.0,TINOGASTA,1201.0,-27.933333333333334,-67.55,,-0.7071067811865471,-0.7071067811865479,False,False,True,False,False,False,False,False,False,False,False,False,False,False,False,False,False,False,False,False,False,False,False
29.4,12.0,,290.0,33.0,TINOGASTA,1201.0,-27.933333333333334,-67.55,,-1.0,-1.8369701987210297e-16,False,False,True,False,False,False,False,False,False,False,False,False,False,False,False,False,False,False,False,False,False,False,False
15.6,48.0,,340.0,15.0,TINOGASTA,1201.0,-27.933333333333334,-67.55,,-0.7071067811865477,0.7071067811865474,False,False,True,False,False,False,False,False,False,False,False,False,False,False,False,False,False,False,False,False,False,False,False
3.2,85.0,1011.8,320.0,11.0,TRELEW AERO,43.0,-42.8,-65.26666666666667,,0.0,1.0,False,False,False,False,True,False,False,False,False,False,False,False,False,False,False,False,False,False,False,False,False,False,False
2.6,79.0,1011.5,320.0,7.0,TRELEW AERO,43.0,-42.8,-65.26666666666667,,0.25881904510252074,0.9659258262890683,False,False,False,False,True,False,False,False,False,False,False,False,False,False,False,False,False,False,False,False,False,False,False
4.2,76.0,1011.2,300.0,11.0,TRELEW AERO,43.0,-42.8,-65.26666666666667,,0.49999999999999994,0.8660254037844387,False,False,False,False,True,False,False,False,False,False,False,False,False,False,False,False,False,False,False,False,False,False,False
4.3,68.0,1011.2,310.0,13.0,TRELEW AERO,43.0,-42.8,-65.26666666666667,,0.7071067811865476,0.7071067811865476,False,False,False,False,True,False,False,False,False,False,False,False,False,False,False,False,False,False,False,False,False,False,False
4.4,67.0,1011.2,320.0,13.0,TRELEW AERO,43.0,-42.8,-65.26666666666667,,0.8660254037844386,0.5000000000000001,False,False,False,False,True,False,False,False,False,False,False,False,False,False,False,False,False,False,False,False,False,False,False
4.1,66.0,1011.3,280.0,7.0,TRELEW AERO,43.0,-42.8,-65.26666666666667,,0.9659258262890683,0.25881904510252074,False,False,False,False,True,False,False,False,False,False,False,False,False,False,False,False,False,False,False,False,False,False,False
2.8,69.0,1011.3,320.0,6.0,TRELEW AERO,43.0,-42.8,-65.26666666666667,,1.0,6.123233995736766e-17,False,False,False,False,True,False,False,False,False,False,False,False,False,False,False,False,False,False,False,False,False,False,False
3.2,68.0,1011.6,320.0,9.0,TRELEW AERO,43.0,-42.8,-65.26666666666667,,0.9659258262890683,-0.25881904510252063,False,False,False,False,True,False,False,False,False,False,False,False,False,False,False,False,False,False,False,False,False,False,False
3.0,65.0,1012.8,300.0,9.0,TRELEW AERO,43.0,-42.8,-65.26666666666667,,0.8660254037844387,-0.4999999999999998,False,False,False,False,True,False,False,False,False,False,False,False,False,False,False,False,False,False,False,False,False,False,False
3.4,67.0,1013.1,290.0,9.0,TRELEW AERO,43.0,-42.8,-65.26666666666667,,0.7071067811865476,-0.7071067811865475,False,False,False,False,True,False,False,False,False,False,False,False,False,False,False,False,False,False,False,False,False,False,False
9.0,61.0,1013.6,250.0,11.0,TRELEW AERO,43.0,-42.8,-65.26666666666667,,0.49999999999999994,-0.8660254037844387,False,False,False,False,True,False,False,False,False,False,False,False,False,False,False,False,False,False,False,False,False,False,False
11.1,69.0,1013.9,250.0,28.0,TRELEW AERO,43.0,-42.8,-65.26666666666667,,0.258819045102521,-0.9659258262890682,False,False,False,False,True,False,False,False,False,False,False,False,False,False,False,False,False,False,False,False,False,False,False
11.8,63.0,1014.1,230.0,20.0,TRELEW AERO,43.0,-42.8,-65.26666666666667,,1.2246467991473532e-16,-1.0,False,False,False,False,True,False,False,False,False,False,False,False,False,False,False,False,False,False,False,False,False,False,False
13.1,59.0,1014.4,240.0,19.0,TRELEW AERO,43.0,-42.8,-65.26666666666667,,-0.2588190451025208,-0.9659258262890683,False,False,False,False,True,False,False,False,False,False,False,False,False,False,False,False,False,False,False,False,False,False,False
14.2,56.0,1014.2,230.0,19.0,TRELEW AERO,43.0,-42.8,-65.26666666666667,,-0.4999999999999997,-0.8660254037844388,False,False,False,False,True,False,False,False,False,False,False,False,False,False,False,False,False,False,False,False,False,False,False
13.8,52.0,1014.7,250.0,28.0,TRELEW AERO,43.0,-42.8,-65.26666666666667,,-0.7071067811865471,-0.7071067811865479,False,False,False,False,True,False,False,False,False,False,False,False,False,False,False,False,False,False,False,False,False,False,False
13.6,51.0,1015.6,250.0,26.0,TRELEW AERO,43.0,-42.8,-65.26666666666667,,-0.8660254037844385,-0.5000000000000004,False,False,False,False,True,False,False,False,False,False,False,False,False,False,False,False,False,False,False,False,False,False,False
13.0,41.0,1016.6,240.0,28.0,TRELEW AERO,43.0,-42.8,-65.26666666666667,,-0.9659258262890683,-0.25881904510252063,False,False,False,False,True,False,False,False,False,False,False,False,False,False,False,False,False,False,False,False,False,False,False
12.0,37.0,1017.7,230.0,24.0,TRELEW AERO,43.0,-42.8,-65.26666666666667,,-1.0,-1.8369701987210297e-16,False,False,False,False,True,False,False,False,False,False,False,False,False,False,False,False,False,False,False,False,False,False,False
11.0,42.0,1019.0,230.0,15.0,TRELEW AERO,43.0,-42.8,-65.26666666666667,,-0.9659258262890684,0.2588190451025203,False,False,False,False,True,False,False,False,False,False,False,False,False,False,False,False,False,False,False,False,False,False,False
9.2,47.0,1020.1,240.0,15.0,TRELEW AERO,43.0,-42.8,-65.26666666666667,,-0.8660254037844386,0.5000000000000001,False,False,False,False,True,False,False,False,False,False,False,False,False,False,False,False,False,False,False,False,False,False,False
7.0,55.0,1021.1,250.0,13.0,TRELEW AERO,43.0,-42.8,-65.26666666666667,,-0.7071067811865477,0.7071067811865474,False,False,False,False,True,False,False,False,False,False,False,False,False,False,False,False,False,False,False,False,False,False,False
4.6,60.0,1022.0,270.0,9.0,TRELEW AERO,43.0,-42.8,-65.26666666666667,,-0.5000000000000004,0.8660254037844384,False,False,False,False,True,False,False,False,False,False,False,False,False,False,False,False,False,False,False,False,False,False,False
3.6,67.0,1022.5,250.0,13.0,TRELEW AERO,43.0,-42.8,-65.26666666666667,,-0.25881904510252157,0.9659258262890681,False,False,False,False,True,False,False,False,False,False,False,False,False,False,False,False,False,False,False,False,False,False,False
12.6,94.0,1014.7,90.0,7.0,TRENQUE LAUQUEN,95.0,-34.03333333333333,-62.71666666666667,,0.7071067811865476,-0.7071067811865475,True,False,False,False,False,False,False,False,False,False,False,False,False,False,False,False,False,False,False,False,False,False,False
14.2,92.0,1014.5,90.0,9.0,TRENQUE LAUQUEN,95.0,-34.03333333333333,-62.71666666666667,,1.2246467991473532e-16,-1.0,True,False,False,False,False,False,False,False,False,False,False,False,False,False,False,False,False,False,False,False,False,False,False
16.8,87.0,1011.9,140.0,6.0,TRENQUE LAUQUEN,95.0,-34.03333333333333,-62.71666666666667,,-0.7071067811865471,-0.7071067811865479,True,False,False,False,False,False,False,False,False,False,False,False,False,False,False,False,False,False,False,False,False,False,False
15.8,90.0,1012.8,140.0,6.0,TRENQUE LAUQUEN,95.0,-34.03333333333333,-62.71666666666667,,-1.0,-1.8369701987210297e-16,True,False,False,False,False,False,False,False,False,False,False,False,False,False,False,False,False,False,False,False,False,False,False
13.8,93.0,1015.2,140.0,7.0,TRENQUE LAUQUEN,95.0,-34.03333333333333,-62.71666666666667,,-0.7071067811865477,0.7071067811865474,True,False,False,False,False,False,False,False,False,False,False,False,False,False,False,False,False,False,False,False,False,False,False
8.2,91.0,1018.2,360.0,7.0,TRES ARROYOS,115.0,-37.65,-60.28333333333333,,1.0,6.123233995736766e-17,True,False,False,False,False,False,False,False,False,False,False,False,False,False,False,False,False,False,False,False,False,False,False
10.7,88.0,1016.6,360.0,9.0,TRES ARROYOS,115.0,-37.65,-60.28333333333333,,0.7071067811865476,-0.7071067811865475,True,False,False,False,False,False,False,False,False,False,False,False,False,False,False,False,False,False,False,False,False,False,False
12.5,80.0,1016.0,230.0,7.0,TRES ARROYOS,115.0,-37.65,-60.28333333333333,,1.2246467991473532e-16,-1.0,True,False,False,False,False,False,False,False,False,False,False,False,False,False,False,False,False,False,False,False,False,False,False
14.2,76.0,1015.1,230.0,9.0,TRES ARROYOS,115.0,-37.65,-60.28333333333333,,-0.7071067811865471,-0.7071067811865479,True,False,False,False,False,False,False,False,False,False,False,False,False,False,False,False,False,False,False,False,False,False,False
12.1,89.0,1014.0,180.0,11.0,TRES ARROYOS,115.0,-37.65,-60.28333333333333,,-1.0,-1.8369701987210297e-16,True,False,False,False,False,False,False,False,False,False,False,False,False,False,False,False,False,False,False,False,False,False,False
9.2,92.0,1014.0,180.0,4.0,TRES ARROYOS,115.0,-37.65,-60.28333333333333,,-0.7071067811865477,0.7071067811865474,True,False,False,False,False,False,False,False,False,False,False,False,False,False,False,False,False,False,False,False,False,False,False
14.7,90.0,1014.0,360.0,13.0,TUCUMAN AERO,450.0,-25.166666666666668,-65.1,,0.0,1.0,False,False,False,False,False,False,False,False,False,False,False,False,False,False,False,False,False,False,False,False,False,False,True
13.5,92.0,1013.4,290.0,9.0,TUCUMAN AERO,450.0,-25.166666666666668,-65.1,,0.25881904510252074,0.9659258262890683,False,False,False,False,False,False,False,False,False,False,False,False,False,False,False,False,False,False,False,False,False,False,True
13.3,94.0,1012.7,70.0,9.0,TUCUMAN AERO,450.0,-25.166666666666668,-65.1,,0.49999999999999994,0.8660254037844387,False,False,False,False,False,False,False,False,False,False,False,False,False,False,False,False,False,False,False,False,False,False,True
13.1,94.0,1011.6,320.0,7.0,TUCUMAN AERO,450.0,-25.166666666666668,-65.1,,0.7071067811865476,0.7071067811865476,False,False,False,False,False,False,False,False,False,False,False,False,False,False,False,False,False,False,False,False,False,False,True
12.9,90.0,1010.7,320.0,4.0,TUCUMAN AERO,450.0,-25.166666666666668,-65.1,,0.8660254037844386,0.5000000000000001,False,False,False,False,False,False,False,False,False,False,False,False,False,False,False,False,False,False,False,False,False,False,True
12.5,89.0,1010.7,270.0,4.0,TUCUMAN AERO,450.0,-25.166666666666668,-65.1,,0.9659258262890683,0.25881904510252074,False,False,False,False,False,False,False,False,False,False,False,False,False,False,False,False,False,False,False,False,False,False,True
12.5,89.0,1010.3,320.0,11.0,TUCUMAN AERO,450.0,-25.166666666666668,-65.1,,1.0,6.123233995736766e-17,False,False,False,False,False,False,False,False,False,False,False,False,False,False,False,False,False,False,False,False,False,False,True
12.1,94.0,1010.5,320.0,7.0,TUCUMAN AERO,450.0,-25.166666666666668,-65.1,,0.9659258262890683,-0.25881904510252063,False,False,False,False,False,False,False,False,False,False,False,False,False,False,False,False,False,False,False,False,False,False,True
12.1,92.0,1011.1,360.0,7.0,TUCUMAN AERO,450.0,-25.166666666666668,-65.1,,0.8660254037844387,-0.4999999999999998,False,False,False,False,False,False,False,False,False,False,False,False,False,False,False,False,False,False,False,False,False,False,True
12.2,92.0,1011.7,340.0,4.0,TUCUMAN AERO,450.0,-25.166666666666668,-65.1,,0.7071067811865476,-0.7071067811865475,False,False,False,False,False,False,False,False,False,False,False,False,False,False,False,False,False,False,False,False,False,False,True
14.4,86.0,1012.0,340.0,6.0,TUCUMAN AERO,450.0,-25.166666666666668,-65.1,,0.49999999999999994,-0.8660254037844387,False,False,False,False,False,False,False,False,False,False,False,False,False,False,False,False,False,False,False,False,False,False,True
18.6,74.0,1011.7,340.0,6.0,TUCUMAN AERO,450.0,-25.166666666666668,-65.1,,0.258819045102521,-0.9659258262890682,False,False,False,False,False,False,False,False,False,False,False,False,False,False,False,False,False,False,False,False,False,False,True
20.5,63.0,1011.1,990.0,4.0,TUCUMAN AERO,450.0,-25.166666666666668,-65.1,,1.2246467991473532e-16,-1.0,False,False,False,False,False,False,False,False,False,False,False,False,False,False,False,False,False,False,False,False,False,False,True
22.9,57.0,1010.3,990.0,6.0,TUCUMAN AERO,450.0,-25.166666666666668,-65.1,,-0.2588190451025208,-0.9659258262890683,False,False,False,False,False,False,False,False,False,False,False,False,False,False,False,False,False,False,False,False,False,False,True
23.1,55.0,1008.6,990.0,7.0,TUCUMAN AERO,450.0,-25.166666666666668,-65.1,,-0.4999999999999997,-0.8660254037844388,False,False,False,False,False,False,False,False,False,False,False,False,False,False,False,False,False,False,False,False,False,False,True
24.7,51.0,1007.4,990.0,6.0,TUCUMAN AERO,450.0,-25.166666666666668,-65.1,,-0.7071067811865471,-0.7071067811865479,False,False,False,False,False,False,False,False,False,False,False,False,False,False,False,False,False,False,False,False,False,False,True
25.1,53.0,1007.0,110.0,9.0,TUCUMAN AERO,450.0,-25.166666666666668,-65.1,,-0.8660254037844385,-0.5000000000000004,False,False,False,False,False,False,False,False,False,False,False,False,False,False,False,False,False,False,False,False,False,False,True
26.3,50.0,1006.4,200.0,7.0,TUCUMAN AERO,450.0,-25.166666666666668,-65.1,,-0.9659258262890683,-0.25881904510252063,False,False,False,False,False,False,False,False,False,False,False,False,False,False,False,False,False,False,False,False,False,False,True
24.1,59.0,1006.6,230.0,11.0,TUCUMAN AERO,450.0,-25.166666666666668,-65.1,,-1.0,-1.8369701987210297e-16,False,False,False,False,False,False,False,False,False,False,False,False,False,False,False,False,False,False,False,False,False,False,True
20.4,73.0,1007.7,230.0,9.0,TUCUMAN AERO,450.0,-25.166666666666668,-65.1,,-0.9659258262890684,0.2588190451025203,False,False,False,False,False,False,False,False,False,False,False,False,False,False,False,False,False,False,False,False,False,False,True
20.3,70.0,1008.2,290.0,6.0,TUCUMAN AERO,450.0,-25.166666666666668,-65.1,,-0.8660254037844386,0.5000000000000001,False,False,False,False,False,False,False,False,False,False,False,False,False,False,False,False,False,False,False,False,False,False,True
17.5,85.0,1009.2,20.0,7.0,TUCUMAN AERO,450.0,-25.166666666666668,-65.1,,-0.7071067811865477,0.7071067811865474,False,False,False,False,False,False,False,False,False,False,False,False,False,False,False,False,False,False,False,False,False,False,True
17.3,83.0,1009.1,360.0,9.0,TUCUMAN AERO,450.0,-25.166666666666668,-65.1,,-0.5000000000000004,0.8660254037844384,False,False,False,False,False,False,False,False,False,False,False,False,False,False,False,False,False,False,False,False,False,False,True
15.5,91.0,1008.7,320.0,11.0,TUCUMAN AERO,450.0,-25.166666666666668,-65.1,,-0.25881904510252157,0.9659258262890681,False,False,False,False,False,False,False,False,False,False,False,False,False,False,False,False,False,False,False,False,False,False,True
2.3,89.0,997.6,270.0,9.0,USHUAIA AERO,57.0,-53.166666666666664,-68.3,,0.0,1.0,False,False,False,False,False,False,False,False,False,False,False,False,False,False,False,False,False,False,False,False,False,True,False
2.1,89.0,996.7,270.0,6.0,USHUAIA AERO,57.0,-53.166666666666664,-68.3,,0.25881904510252074,0.9659258262890683,False,False,False,False,False,False,False,False,False,False,False,False,False,False,False,False,False,False,False,False,False,True,False
2.5,87.0,996.4,360.0,4.0,USHUAIA AERO,57.0,-53.166666666666664,-68.3,,0.49999999999999994,0.8660254037844387,False,False,False,False,False,False,False,False,False,False,False,False,False,False,False,False,False,False,False,False,False,True,False
2.7,89.0,996.2,0.0,0.0,USHUAIA AERO,57.0,-53.166666666666664,-68.3,,0.7071067811865476,0.7071067811865476,False,False,False,False,False,False,False,False,False,False,False,False,False,False,False,False,False,False,False,False,False,True,False
2.4,87.0,996.7,320.0,6.0,USHUAIA AERO,57.0,-53.166666666666664,-68.3,,0.8660254037844386,0.5000000000000001,False,False,False,False,False,False,False,False,False,False,False,False,False,False,False,False,False,False,False,False,False,True,False
3.0,88.0,996.7,320.0,2.0,USHUAIA AERO,57.0,-53.166666666666664,-68.3,,0.9659258262890683,0.25881904510252074,False,False,False,False,False,False,False,False,False,False,False,False,False,False,False,False,False,False,False,False,False,True,False
3.5,88.0,997.0,320.0,13.0,USHUAIA AERO,57.0,-53.166666666666664,-68.3,,1.0,6.123233995736766e-17,False,False,False,False,False,False,False,False,False,False,False,False,False,False,False,False,False,False,False,False,False,True,False
4.6,84.0,996.8,230.0,33.0,USHUAIA AERO,57.0,-53.166666666666664,-68.3,,0.9659258262890683,-0.25881904510252063,False,False,False,False,False,False,False,False,False,False,False,False,False,False,False,False,False,False,False,False,False,True,False
5.0,80.0,997.2,270.0,33.0,USHUAIA AERO,57.0,-53.166666666666664,-68.3,,0.8660254037844387,-0.4999999999999998,False,False,False,False,False,False,False,False,False,False,False,False,False,False,False,False,False,False,False,False,False,True,False
5.1,75.0,997.3,230.0,39.0,USHUAIA AERO,57.0,-53.166666666666664,-68.3,,0.7071067811865476,-0.7071067811865475,False,False,False,False,False,False,False,False,False,False,False,False,False,False,False,False,False,False,False,False,False,True,False
4.5,78.0,998.0,270.0,28.0,USHUAIA AERO,57.0,-53.166666666666664,-68.3,,0.49999999999999994,-0.8660254037844387,False,False,False,False,False,False,False,False,False,False,False,False,False,False,False,False,False,False,False,False,False,True,False
4.9,75.0,998.8,230.0,19.0,USHUAIA AERO,57.0,-53.166666666666664,-68.3,,0.258819045102521,-0.9659258262890682,False,False,False,False,False,False,False,False,False,False,False,False,False,False,False,False,False,False,False,False,False,True,False
5.0,77.0,999.3,270.0,22.0,USHUAIA AERO,57.0,-53.166666666666664,-68.3,,1.2246467991473532e-16,-1.0,False,False,False,False,False,False,False,False,False,False,False,False,False,False,False,False,False,False,False,False,False,True,False
5.4,74.0,999.3,270.0,26.0,USHUAIA AERO,57.0,-53.166666666666664,-68.3,,-0.2588190451025208,-0.9659258262890683,False,False,False,False,False,False,False,False,False,False,False,False,False,False,False,False,False,False,False,False,False,True,False
5.3,76.0,998.7,230.0,43.0,USHUAIA AERO,57.0,-53.166666666666664,-68.3,,-0.4999999999999997,-0.8660254037844388,False,False,False,False,False,False,False,False,False,False,False,False,False,False,False,False,False,False,False,False,False,True,False
5.8,70.0,999.1,230.0,35.0,USHUAIA AERO,57.0,-53.166666666666664,-68.3,,-0.7071067811865471,-0.7071067811865479,False,False,False,False,False,False,False,False,False,False,False,False,False,False,False,False,False,False,False,False,False,True,False
5.4,88.0,999.1,230.0,35.0,USHUAIA AERO,57.0,-53.166666666666664,-68.3,,-0.8660254037844385,-0.5000000000000004,False,False,False,False,False,False,False,False,False,False,False,False,False,False,False,False,False,False,False,False,False,True,False
5.0,69.0,1000.2,320.0,17.0,USHUAIA AERO,57.0,-53.166666666666664,-68.3,,-0.9659258262890683,-0.25881904510252063,False,False,False,False,False,False,False,False,False,False,False,False,False,False,False,False,False,False,False,False,False,True,False
4.8,66.0,1000.3,270.0,11.0,USHUAIA AERO,57.0,-53.166666666666664,-68.3,,-1.0,-1.8369701987210297e-16,False,False,False,False,False,False,False,False,False,False,False,False,False,False,False,False,False,False,False,False,False,True,False
4.0,79.0,1000.8,270.0,20.0,USHUAIA AERO,57.0,-53.166666666666664,-68.3,,-0.9659258262890684,0.2588190451025203,False,False,False,False,False,False,False,False,False,False,False,False,False,False,False,False,False,False,False,False,False,True,False
3.6,79.0,1001.3,360.0,17.0,USHUAIA AERO,57.0,-53.166666666666664,-68.3,,-0.8660254037844386,0.5000000000000001,False,False,False,False,False,False,False,False,False,False,False,False,False,False,False,False,False,False,False,False,False,True,False
4.0,77.0,1001.4,270.0,17.0,USHUAIA AERO,57.0,-53.166666666666664,-68.3,,-0.7071067811865477,0.7071067811865474,False,False,False,False,False,False,False,False,False,False,False,False,False,False,False,False,False,False,False,False,False,True,False
3.7,69.0,1001.9,320.0,17.0,USHUAIA AERO,57.0,-53.166666666666664,-68.3,,-0.5000000000000004,0.8660254037844384,False,False,False,False,False,False,False,False,False,False,False,False,False,False,False,False,False,False,False,False,False,True,False
4.7,55.0,1002.0,270.0,19.0,USHUAIA AERO,57.0,-53.166666666666664,-68.3,,-0.25881904510252157,0.9659258262890681,False,False,False,False,False,False,False,False,False,False,False,False,False,False,False,False,False,False,False,False,False,True,False
-1.9,78.0,,0.0,0.0,USPALLATA,1899.0,-31.416666666666668,-69.33333333333333,,0.7071067811865476,-0.7071067811865475,False,False,False,False,False,False,False,False,False,False,False,False,True,False,False,False,False,False,False,False,False,False,False
14.1,32.0,,0.0,0.0,USPALLATA,1899.0,-31.416666666666668,-69.33333333333333,,1.2246467991473532e-16,-1.0,False,False,False,False,False,False,False,False,False,False,False,False,True,False,False,False,False,False,False,False,False,False,False
19.6,13.0,,230.0,15.0,USPALLATA,1899.0,-31.416666666666668,-69.33333333333333,,-0.7071067811865471,-0.7071067811865479,False,False,False,False,False,False,False,False,False,False,False,False,True,False,False,False,False,False,False,False,False,False,False
16.5,20.0,,230.0,15.0,USPALLATA,1899.0,-31.416666666666668,-69.33333333333333,,-1.0,-1.8369701987210297e-16,False,False,False,False,False,False,False,False,False,False,False,False,True,False,False,False,False,False,False,False,False,False,False
7.0,54.0,,0.0,0.0,USPALLATA,1899.0,-31.416666666666668,-69.33333333333333,,-0.7071067811865477,0.7071067811865474,False,False,False,False,False,False,False,False,False,False,False,False,True,False,False,False,False,False,False,False,False,False,False
13.5,93.0,1015.1,50.0,9.0,VENADO TUERTO AER,,,,,1.0,6.123233995736766e-17,False,False,False,False,False,False,False,False,False,False,False,False,False,False,False,False,False,False,False,False,False,False,False
13.4,94.0,1014.8,20.0,9.0,VENADO TUERTO AER,,,,,0.9659258262890683,-0.25881904510252063,False,False,False,False,False,False,False,False,False,False,False,False,False,False,False,False,False,False,False,False,False,False,False
12.8,96.0,1014.7,20.0,9.0,VENADO TUERTO AER,,,,,0.8660254037844387,-0.4999999999999998,False,False,False,False,False,False,False,False,False,False,False,False,False,False,False,False,False,False,False,False,False,False,False
14.0,94.0,1014.2,20.0,15.0,VENADO TUERTO AER,,,,,0.7071067811865476,-0.7071067811865475,False,False,False,False,False,False,False,False,False,False,False,False,False,False,False,False,False,False,False,False,False,False,False
16.1,89.0,1014.2,20.0,15.0,VENADO TUERTO AER,,,,,0.49999999999999994,-0.8660254037844387,False,False,False,False,False,False,False,False,False,False,False,False,False,False,False,False,False,False,False,False,False,False,False
18.3,79.0,1014.7,360.0,15.0,VENADO TUERTO AER,,,,,0.258819045102521,-0.9659258262890682,False,False,False,False,False,False,False,False,False,False,False,False,False,False,False,False,False,False,False,False,False,False,False
20.0,70.0,1014.3,360.0,24.0,VENADO TUERTO AER,,,,,1.2246467991473532e-16,-1.0,False,False,False,False,False,False,False,False,False,False,False,False,False,False,False,False,False,False,False,False,False,False,False
21.3,66.0,1013.7,360.0,24.0,VENADO TUERTO AER,,,,,-0.2588190451025208,-0.9659258262890683,False,False,False,False,False,False,False,False,False,False,False,False,False,False,False,False,False,False,False,False,False,False,False
23.0,60.0,1012.0,360.0,24.0,VENADO TUERTO AER,,,,,-0.4999999999999997,-0.8660254037844388,False,False,False,False,False,False,False,False,False,False,False,False,False,False,False,False,False,False,False,False,False,False,False
23.2,60.0,1011.5,360.0,15.0,VENADO TUERTO AER,,,,,-0.7071067811865471,-0.7071067811865479,False,False,False,False,False,False,False,False,False,False,False,False,False,False,False,False,False,False,False,False,False,False,False
24.3,54.0,1010.9,360.0,24.0,VENADO TUERTO AER,,,,,-0.8660254037844385,-0.5000000000000004,False,False,False,False,False,False,False,False,False,False,False,False,False,False,False,False,False,False,False,False,False,False,False
24.4,54.0,1010.3,360.0,15.0,VENADO TUERTO AER,,,,,-0.9659258262890683,-0.25881904510252063,False,False,False,False,False,False,False,False,False,False,False,False,False,False,False,False,False,False,False,False,False,False,False
21.7,66.0,1010.1,20.0,15.0,VENADO TUERTO AER,,,,,-1.0,-1.8369701987210297e-16,False,False,False,False,False,False,False,False,False,False,False,False,False,False,False,False,False,False,False,False,False,False,False
19.6,71.0,1010.3,20.0,9.0,VENADO TUERTO AER,,,,,-0.9659258262890684,0.2588190451025203,False,False,False,False,False,False,False,False,False,False,False,False,False,False,False,False,False,False,False,False,False,False,False
18.4,78.0,1010.7,270.0,9.0,VENADO TUERTO AER,,,,,-0.8660254037844386,0.5000000000000001,False,False,False,False,False,False,False,False,False,False,False,False,False,False,False,False,False,False,False,False,False,False,False
18.3,82.0,1011.0,340.0,4.0,VENADO TUERTO AER,,,,,-0.7071067811865477,0.7071067811865474,False,False,False,False,False,False,False,False,False,False,False,False,False,False,False,False,False,False,False,False,False,False,False
8.6,100.0,1013.5,140.0,4.0,VICTORICA,312.0,-35.78333333333333,-65.43333333333334,,0.7071067811865476,-0.7071067811865475,False,False,False,False,False,False,False,False,False,False,True,False,False,False,False,False,False,False,False,False,False,False,False
13.5,100.0,1014.0,230.0,9.0,VICTORICA,312.0,-35.78333333333333,-65.43333333333334,,-0.7071067811865471,-0.7071067811865479,False,False,False,False,False,False,False,False,False,False,True,False,False,False,False,False,False,False,False,False,False,False,False
12.3,75.0,1019.2,180.0,33.0,VICTORICA,312.0,-35.78333333333333,-65.43333333333334,,-0.7071067811865477,0.7071067811865474,False,False,False,False,False,False,False,False,False,False,True,False,False,False,False,False,False,False,False,False,False,False,False
13.7,81.0,1013.2,340.0,22.0,VIEDMA AERO,7.0,-39.15,-63.0,,0.0,1.0,False,False,False,False,False,False,False,False,False,False,False,False,False,False,False,True,False,False,False,False,False,False,False
12.9,84.0,1013.2,340.0,20.0,VIEDMA AERO,7.0,-39.15,-63.0,,0.25881904510252074,0.9659258262890683,False,False,False,False,False,False,False,False,False,False,False,False,False,False,False,True,False,False,False,False,False,False,False
12.4,86.0,1012.3,350.0,19.0,VIEDMA AERO,7.0,-39.15,-63.0,,0.49999999999999994,0.8660254037844387,False,False,False,False,False,False,False,False,False,False,False,False,False,False,False,True,False,False,False,False,False,False,False
11.3,91.0,1012.2,340.0,17.0,VIEDMA AERO,7.0,-39.15,-63.0,,0.7071067811865476,0.7071067811865476,False,False,False,False,False,False,False,False,False,False,False,False,False,False,False,True,False,False,False,False,False,False,False
11.0,91.0,1012.1,340.0,13.0,VIEDMA AERO,7.0,-39.15,-63.0,,0.8660254037844386,0.5000000000000001,False,False,False,False,False,False,False,False,False,False,False,False,False,False,False,True,False,False,False,False,False,False,False
10.6,90.0,1012.3,340.0,15.0,VIEDMA AERO,7.0,-39.15,-63.0,,0.9659258262890683,0.25881904510252074,False,False,False,False,False,False,False,False,False,False,False,False,False,False,False,True,False,False,False,False,False,False,False
9.6,91.0,1012.4,320.0,13.0,VIEDMA AERO,7.0,-39.15,-63.0,,1.0,6.123233995736766e-17,False,False,False,False,False,False,False,False,False,False,False,False,False,False,False,True,False,False,False,False,False,False,False
9.0,88.0,1012.2,320.0,15.0,VIEDMA AERO,7.0,-39.15,-63.0,,0.9659258262890683,-0.25881904510252063,False,False,False,False,False,False,False,False,False,False,False,False,False,False,False,True,False,False,False,False,False,False,False
7.1,92.0,1013.0,320.0,13.0,VIEDMA AERO,7.0,-39.15,-63.0,,0.8660254037844387,-0.4999999999999998,False,False,False,False,False,False,False,False,False,False,False,False,False,False,False,True,False,False,False,False,False,False,False
6.2,90.0,1013.1,320.0,9.0,VIEDMA AERO,7.0,-39.15,-63.0,,0.7071067811865476,-0.7071067811865475,False,False,False,False,False,False,False,False,False,False,False,False,False,False,False,True,False,False,False,False,False,False,False
6.4,91.0,1013.2,330.0,11.0,VIEDMA AERO,7.0,-39.15,-63.0,,0.49999999999999994,-0.8660254037844387,False,False,False,False,False,False,False,False,False,False,False,False,False,False,False,True,False,False,False,False,False,False,False
8.3,81.0,1014.0,300.0,11.0,VIEDMA AERO,7.0,-39.15,-63.0,,0.258819045102521,-0.9659258262890682,False,False,False,False,False,False,False,False,False,False,False,False,False,False,False,True,False,False,False,False,False,False,False
11.0,67.0,1013.9,270.0,15.0,VIEDMA AERO,7.0,-39.15,-63.0,,1.2246467991473532e-16,-1.0,False,False,False,False,False,False,False,False,False,False,False,False,False,False,False,True,False,False,False,False,False,False,False
13.6,59.0,1013.6,230.0,11.0,VIEDMA AERO,7.0,-39.15,-63.0,,-0.2588190451025208,-0.9659258262890683,False,False,False,False,False,False,False,False,False,False,False,False,False,False,False,True,False,False,False,False,False,False,False
15.5,45.0,1013.0,210.0,20.0,VIEDMA AERO,7.0,-39.15,-63.0,,-0.4999999999999997,-0.8660254037844388,False,False,False,False,False,False,False,False,False,False,False,False,False,False,False,True,False,False,False,False,False,False,False
14.8,51.0,1013.5,210.0,26.0,VIEDMA AERO,7.0,-39.15,-63.0,,-0.7071067811865471,-0.7071067811865479,False,False,False,False,False,False,False,False,False,False,False,False,False,False,False,True,False,False,False,False,False,False,False
13.5,59.0,1014.4,230.0,24.0,VIEDMA AERO,7.0,-39.15,-63.0,,-0.8660254037844385,-0.5000000000000004,False,False,False,False,False,False,False,False,False,False,False,False,False,False,False,True,False,False,False,False,False,False,False
12.2,69.0,1015.6,220.0,13.0,VIEDMA AERO,7.0,-39.15,-63.0,,-0.9659258262890683,-0.25881904510252063,False,False,False,False,False,False,False,False,False,False,False,False,False,False,False,True,False,False,False,False,False,False,False
11.2,77.0,1016.3,220.0,11.0,VIEDMA AERO,7.0,-39.15,-63.0,,-1.0,-1.8369701987210297e-16,False,False,False,False,False,False,False,False,False,False,False,False,False,False,False,True,False,False,False,False,False,False,False
10.2,82.0,1017.6,220.0,9.0,VIEDMA AERO,7.0,-39.15,-63.0,,-0.9659258262890684,0.2588190451025203,False,False,False,False,False,False,False,False,False,False,False,False,False,False,False,True,False,False,False,False,False,False,False
10.5,81.0,1017.7,210.0,17.0,VIEDMA AERO,7.0,-39.15,-63.0,,-0.8660254037844386,0.5000000000000001,False,False,False,False,False,False,False,False,False,False,False,False,False,False,False,True,False,False,False,False,False,False,False
9.2,87.0,1018.8,230.0,11.0,VIEDMA AERO,7.0,-39.15,-63.0,,-0.7071067811865477,0.7071067811865474,False,False,False,False,False,False,False,False,False,False,False,False,False,False,False,True,False,False,False,False,False,False,False
8.3,90.0,1019.3,240.0,9.0,VIEDMA AERO,7.0,-39.15,-63.0,,-0.5000000000000004,0.8660254037844384,False,False,False,False,False,False,False,False,False,False,False,False,False,False,False,True,False,False,False,False,False,False,False
8.3,92.0,1020.1,230.0,11.0,VIEDMA AERO,7.0,-39.15,-63.0,,-0.25881904510252157,0.9659258262890681,False,False,False,False,False,False,False,False,False,False,False,False,False,False,False,True,False,False,False,False,False,False,False
12.5,94.0,1014.7,0.0,0.0,VILLA DE MARIA DE,,,,,0.0,1.0,False,False,False,False,False,False,False,False,False,False,False,False,False,False,False,False,False,False,False,False,False,False,False
11.0,88.0,1013.0,0.0,0.0,VILLA DE MARIA DE,,,,,0.7071067811865476,0.7071067811865476,False,False,False,False,False,False,False,False,False,False,False,False,False,False,False,False,False,False,False,False,False,False,False
10.1,96.0,1012.5,0.0,0.0,VILLA DE MARIA DE,,,,,1.0,6.123233995736766e-17,False,False,False,False,False,False,False,False,False,False,False,False,False,False,False,False,False,False,False,False,False,False,False
10.0,94.0,1012.8,0.0,0.0,VILLA DE MARIA DE,,,,,0.9659258262890683,-0.25881904510252063,False,False,False,False,False,False,False,False,False,False,False,False,False,False,False,False,False,False,False,False,False,False,False
9.5,94.0,1013.6,0.0,0.0,VILLA DE MARIA DE,,,,,0.8660254037844387,-0.4999999999999998,False,False,False,False,False,False,False,False,False,False,False,False,False,False,False,False,False,False,False,False,False,False,False
9.6,92.0,1014.3,0.0,0.0,VILLA DE MARIA DE,,,,,0.7071067811865476,-0.7071067811865475,False,False,False,False,False,False,False,False,False,False,False,False,False,False,False,False,False,False,False,False,False,False,False
11.7,94.0,1014.3,0.0,0.0,VILLA DE MARIA DE,,,,,0.49999999999999994,-0.8660254037844387,False,False,False,False,False,False,False,False,False,False,False,False,False,False,False,False,False,False,False,False,False,False,False
18.2,79.0,1013.4,0.0,0.0,VILLA DE MARIA DE,,,,,0.258819045102521,-0.9659258262890682,False,False,False,False,False,False,False,False,False,False,False,False,False,False,False,False,False,False,False,False,False,False,False
24.8,45.0,1012.0,360.0,15.0,VILLA DE MARIA DE,,,,,1.2246467991473532e-16,-1.0,False,False,False,False,False,False,False,False,False,False,False,False,False,False,False,False,False,False,False,False,False,False,False
26.2,43.0,1010.8,360.0,15.0,VILLA DE MARIA DE,,,,,-0.2588190451025208,-0.9659258262890683,False,False,False,False,False,False,False,False,False,False,False,False,False,False,False,False,False,False,False,False,False,False,False
27.2,45.0,1009.4,360.0,15.0,VILLA DE MARIA DE,,,,,-0.4999999999999997,-0.8660254037844388,False,False,False,False,False,False,False,False,False,False,False,False,False,False,False,False,False,False,False,False,False,False,False
27.6,46.0,1008.2,360.0,24.0,VILLA DE MARIA DE,,,,,-0.7071067811865471,-0.7071067811865479,False,False,False,False,False,False,False,False,False,False,False,False,False,False,False,False,False,False,False,False,False,False,False
28.4,40.0,1007.6,360.0,24.0,VILLA DE MARIA DE,,,,,-0.8660254037844385,-0.5000000000000004,False,False,False,False,False,False,False,False,False,False,False,False,False,False,False,False,False,False,False,False,False,False,False
28.0,40.0,1007.4,360.0,15.0,VILLA DE MARIA DE,,,,,-0.9659258262890683,-0.25881904510252063,False,False,False,False,False,False,False,False,False,False,False,False,False,False,False,False,False,False,False,False,False,False,False
27.2,44.0,1007.2,360.0,9.0,VILLA DE MARIA DE,,,,,-1.0,-1.8369701987210297e-16,False,False,False,False,False,False,False,False,False,False,False,False,False,False,False,False,False,False,False,False,False,False,False
23.8,51.0,1007.4,360.0,4.0,VILLA DE MARIA DE,,,,,-0.9659258262890684,0.2588190451025203,False,False,False,False,False,False,False,False,False,False,False,False,False,False,False,False,False,False,False,False,False,False,False
19.3,65.0,1008.2,0.0,0.0,VILLA DE MARIA DE,,,,,-0.8660254037844386,0.5000000000000001,False,False,False,False,False,False,False,False,False,False,False,False,False,False,False,False,False,False,False,False,False,False,False
16.8,74.0,1009.5,0.0,0.0,VILLA DE MARIA DE,,,,,-0.7071067811865477,0.7071067811865474,False,False,False,False,False,False,False,False,False,False,False,False,False,False,False,False,False,False,False,False,False,False,False
13.1,83.0,1014.6,140.0,11.0,VILLA DOLORES AER,,,,,0.0,1.0,False,False,False,False,False,False,False,False,False,False,False,False,False,False,False,False,False,False,False,False,False,False,False
13.9,80.0,1013.9,140.0,11.0,VILLA DOLORES AER,,,,,0.25881904510252074,0.9659258262890683,False,False,False,False,False,False,False,False,False,False,False,False,False,False,False,False,False,False,False,False,False,False,False
12.8,82.0,1014.2,140.0,15.0,VILLA DOLORES AER,,,,,0.49999999999999994,0.8660254037844387,False,False,False,False,False,False,False,False,False,False,False,False,False,False,False,False,False,False,False,False,False,False,False
13.0,82.0,1013.6,140.0,9.0,VILLA DOLORES AER,,,,,0.7071067811865476,0.7071067811865476,False,False,False,False,False,False,False,False,False,False,False,False,False,False,False,False,False,False,False,False,False,False,False
13.2,80.0,1013.0,140.0,11.0,VILLA DOLORES AER,,,,,0.8660254037844386,0.5000000000000001,False,False,False,False,False,False,False,False,False,False,False,False,False,False,False,False,False,False,False,False,False,False,False
11.6,88.0,1012.7,140.0,9.0,VILLA DOLORES AER,,,,,0.9659258262890683,0.25881904510252074,False,False,False,False,False,False,False,False,False,False,False,False,False,False,False,False,False,False,False,False,False,False,False
12.3,83.0,1012.2,50.0,15.0,VILLA DOLORES AER,,,,,1.0,6.123233995736766e-17,False,False,False,False,False,False,False,False,False,False,False,False,False,False,False,False,False,False,False,False,False,False,False
13.8,73.0,1011.8,90.0,9.0,VILLA DOLORES AER,,,,,0.9659258262890683,-0.25881904510252063,False,False,False,False,False,False,False,False,False,False,False,False,False,False,False,False,False,False,False,False,False,False,False
14.4,79.0,1011.8,20.0,9.0,VILLA DOLORES AER,,,,,0.8660254037844387,-0.4999999999999998,False,False,False,False,False,False,False,False,False,False,False,False,False,False,False,False,False,False,False,False,False,False,False
18.4,69.0,1012.1,360.0,20.0,VILLA DOLORES AER,,,,,0.7071067811865476,-0.7071067811865475,False,False,False,False,False,False,False,False,False,False,False,False,False,False,False,False,False,False,False,False,False,False,False
18.4,72.0,1012.4,320.0,9.0,VILLA DOLORES AER,,,,,0.49999999999999994,-0.8660254037844387,False,False,False,False,False,False,False,False,False,False,False,False,False,False,False,False,False,False,False,False,False,False,False
19.2,71.0,1012.8,320.0,6.0,VILLA DOLORES AER,,,,,0.258819045102521,-0.9659258262890682,False,False,False,False,False,False,False,False,False,False,False,False,False,False,False,False,False,False,False,False,False,False,False
20.0,69.0,1011.7,0.0,0.0,VILLA DOLORES AER,,,,,1.2246467991473532e-16,-1.0,False,False,False,False,False,False,False,False,False,False,False,False,False,False,False,False,False,False,False,False,False,False,False
21.4,63.0,1010.1,270.0,9.0,VILLA DOLORES AER,,,,,-0.2588190451025208,-0.9659258262890683,False,False,False,False,False,False,False,False,False,False,False,False,False,False,False,False,False,False,False,False,False,False,False
23.3,57.0,1008.6,270.0,7.0,VILLA DOLORES AER,,,,,-0.4999999999999997,-0.8660254037844388,False,False,False,False,False,False,False,False,False,False,False,False,False,False,False,False,False,False,False,False,False,False,False
24.8,51.0,1007.0,320.0,9.0,VILLA DOLORES AER,,,,,-0.7071067811865471,-0.7071067811865479,False,False,False,False,False,False,False,False,False,False,False,False,False,False,False,False,False,False,False,False,False,False,False
24.4,52.0,1006.3,250.0,15.0,VILLA DOLORES AER,,,,,-0.8660254037844385,-0.5000000000000004,False,False,False,False,False,False,False,False,False,False,False,False,False,False,False,False,False,False,False,False,False,False,False
24.4,52.0,1006.5,180.0,7.0,VILLA DOLORES AER,,,,,-0.9659258262890683,-0.25881904510252063,False,False,False,False,False,False,False,False,False,False,False,False,False,False,False,False,False,False,False,False,False,False,False
23.6,55.0,1007.3,250.0,9.0,VILLA DOLORES AER,,,,,-1.0,-1.8369701987210297e-16,False,False,False,False,False,False,False,False,False,False,False,False,False,False,False,False,False,False,False,False,False,False,False
21.4,63.0,1008.2,230.0,7.0,VILLA DOLORES AER,,,,,-0.9659258262890684,0.2588190451025203,False,False,False,False,False,False,False,False,False,False,False,False,False,False,False,False,False,False,False,False,False,False,False
19.1,71.0,1009.5,140.0,6.0,VILLA DOLORES AER,,,,,-0.8660254037844386,0.5000000000000001,False,False,False,False,False,False,False,False,False,False,False,False,False,False,False,False,False,False,False,False,False,False,False
18.8,71.0,1010.4,230.0,11.0,VILLA DOLORES AER,,,,,-0.7071067811865477,0.7071067811865474,False,False,False,False,False,False,False,False,False,False,False,False,False,False,False,False,False,False,False,False,False,False,False
17.3,80.0,1012.8,180.0,15.0,VILLA DOLORES AER,,,,,-0.5000000000000004,0.8660254037844384,False,False,False,False,False,False,False,False,False,False,False,False,False,False,False,False,False,False,False,False,False,False,False
16.5,79.0,1014.1,230.0,15.0,VILLA DOLORES AER,,,,,-0.25881904510252157,0.9659258262890681,False,False,False,False,False,False,False,False,False,False,False,False,False,False,False,False,False,False,False,False,False,False,False
10.5,99.0,1018.7,360.0,11.0,VILLA GESELL AERO,9.0,-36.766666666666666,-57.016666666666666,,0.8660254037844387,-0.4999999999999998,True,False,False,False,False,False,False,False,False,False,False,False,False,False,False,False,False,False,False,False,False,False,False
10.6,99.0,1018.7,360.0,4.0,VILLA GESELL AERO,9.0,-36.766666666666666,-57.016666666666666,,0.7071067811865476,-0.7071067811865475,True,False,False,False,False,False,False,False,False,False,False,False,False,False,False,False,False,False,False,False,False,False,False
10.9,97.0,1019.1,340.0,4.0,VILLA GESELL AERO,9.0,-36.766666666666666,-57.016666666666666,,0.49999999999999994,-0.8660254037844387,True,False,False,False,False,False,False,False,False,False,False,False,False,False,False,False,False,False,False,False,False,False,False
11.1,99.0,1018.6,20.0,4.0,VILLA GESELL AERO,9.0,-36.766666666666666,-57.016666666666666,,0.258819045102521,-0.9659258262890682,True,False,False,False,False,False,False,False,False,False,False,False,False,False,False,False,False,False,False,False,False,False,False
12.0,94.0,1017.9,340.0,4.0,VILLA GESELL AERO,9.0,-36.766666666666666,-57.016666666666666,,1.2246467991473532e-16,-1.0,True,False,False,False,False,False,False,False,False,False,False,False,False,False,False,False,False,False,False,False,False,False,False
11.6,99.0,1017.1,360.0,4.0,VILLA GESELL AERO,9.0,-36.766666666666666,-57.016666666666666,,-0.2588190451025208,-0.9659258262890683,True,False,False,False,False,False,False,False,False,False,False,False,False,False,False,False,False,False,False,False,False,False,False
11.6,99.0,1016.3,360.0,4.0,VILLA GESELL AERO,9.0,-36.766666666666666,-57.016666666666666,,-0.4999999999999997,-0.8660254037844388,True,False,False,False,False,False,False,False,False,False,False,False,False,False,False,False,False,False,False,False,False,False,False
12.2,97.0,1015.1,360.0,15.0,VILLA GESELL AERO,9.0,-36.766666666666666,-57.016666666666666,,-0.7071067811865471,-0.7071067811865479,True,False,False,False,False,False,False,False,False,False,False,False,False,False,False,False,False,False,False,False,False,False,False
11.7,97.0,1015.3,360.0,11.0,VILLA GESELL AERO,9.0,-36.766666666666666,-57.016666666666666,,-0.8660254037844385,-0.5000000000000004,True,False,False,False,False,False,False,False,False,False,False,False,False,False,False,False,False,False,False,False,False,False,False
11.5,94.0,1013.9,20.0,11.0,VILLA GESELL AERO,9.0,-36.766666666666666,-57.016666666666666,,-0.9659258262890683,-0.25881904510252063,True,False,False,False,False,False,False,False,False,False,False,False,False,False,False,False,False,False,False,False,False,False,False
11.4,95.0,1013.9,360.0,4.0,VILLA GESELL AERO,9.0,-36.766666666666666,-57.016666666666666,,-1.0,-1.8369701987210297e-16,True,False,False,False,False,False,False,False,False,False,False,False,False,False,False,False,False,False,False,False,False,False,False
11.0,97.0,1013.4,360.0,4.0,VILLA GESELL AERO,9.0,-36.766666666666666,-57.016666666666666,,-0.9659258262890684,0.2588190451025203,True,False,False,False,False,False,False,False,False,False,False,False,False,False,False,False,False,False,False,False,False,False,False
11.0,99.0,1013.2,20.0,7.0,VILLA GESELL AERO,9.0,-36.766666666666666,-57.016666666666666,,-0.8660254037844386,0.5000000000000001,True,False,False,False,False,False,False,False,False,False,False,False,False,False,False,False,False,False,False,False,False,False,False
11.5,94.0,1015.2,160.0,7.0,VILLA GESELL AERO,9.0,-36.766666666666666,-57.016666666666666,,-0.7071067811865477,0.7071067811865474,True,False,False,False,False,False,False,False,False,False,False,False,False,False,False,False,False,False,False,False,False,False,False
9.8,89.0,1014.8,320.0,9.0,VILLA REYNOLDS AE,,,,,0.0,1.0,False,False,False,False,False,False,False,False,False,False,False,False,False,False,False,False,False,False,False,False,False,False,False
9.0,89.0,1014.7,320.0,7.0,VILLA REYNOLDS AE,,,,,0.25881904510252074,0.9659258262890683,False,False,False,False,False,False,False,False,False,False,False,False,False,False,False,False,False,False,False,False,False,False,False
8.4,92.0,1014.4,0.0,0.0,VILLA REYNOLDS AE,,,,,0.49999999999999994,0.8660254037844387,False,False,False,False,False,False,False,False,False,False,False,False,False,False,False,False,False,False,False,False,False,False,False
7.9,88.0,1014.4,360.0,6.0,VILLA REYNOLDS AE,,,,,0.7071067811865476,0.7071067811865476,False,False,False,False,False,False,False,False,False,False,False,False,False,False,False,False,False,False,False,False,False,False,False
7.5,92.0,1013.4,320.0,7.0,VILLA REYNOLDS AE,,,,,0.8660254037844386,0.5000000000000001,False,False,False,False,False,False,False,False,False,False,False,False,False,False,False,False,False,False,False,False,False,False,False
7.6,90.0,1012.7,270.0,6.0,VILLA REYNOLDS AE,,,,,0.9659258262890683,0.25881904510252074,False,False,False,False,False,False,False,False,False,False,False,False,False,False,False,False,False,False,False,False,False,False,False
8.0,87.0,1013.1,0.0,0.0,VILLA REYNOLDS AE,,,,,1.0,6.123233995736766e-17,False,False,False,False,False,False,False,False,False,False,False,False,False,False,False,False,False,False,False,False,False,False,False
9.0,87.0,1013.3,0.0,0.0,VILLA REYNOLDS AE,,,,,0.9659258262890683,-0.25881904510252063,False,False,False,False,False,False,False,False,False,False,False,False,False,False,False,False,False,False,False,False,False,False,False
10.1,88.0,1014.0,0.0,0.0,VILLA REYNOLDS AE,,,,,0.8660254037844387,-0.4999999999999998,False,False,False,False,False,False,False,False,False,False,False,False,False,False,False,False,False,False,False,False,False,False,False
9.9,89.0,1014.3,320.0,6.0,VILLA REYNOLDS AE,,,,,0.7071067811865476,-0.7071067811865475,False,False,False,False,False,False,False,False,False,False,False,False,False,False,False,False,False,False,False,False,False,False,False
10.5,94.0,1014.7,360.0,6.0,VILLA REYNOLDS AE,,,,,0.49999999999999994,-0.8660254037844387,False,False,False,False,False,False,False,False,False,False,False,False,False,False,False,False,False,False,False,False,False,False,False
14.0,81.0,1013.3,90.0,9.0,VILLA REYNOLDS AE,,,,,0.258819045102521,-0.9659258262890682,False,False,False,False,False,False,False,False,False,False,False,False,False,False,False,False,False,False,False,False,False,False,False
20.0,65.0,1012.4,110.0,9.0,VILLA REYNOLDS AE,,,,,1.2246467991473532e-16,-1.0,False,False,False,False,False,False,False,False,False,False,False,False,False,False,False,False,False,False,False,False,False,False,False
21.0,58.0,1011.3,140.0,13.0,VILLA REYNOLDS AE,,,,,-0.2588190451025208,-0.9659258262890683,False,False,False,False,False,False,False,False,False,False,False,False,False,False,False,False,False,False,False,False,False,False,False
21.0,57.0,1010.5,140.0,13.0,VILLA REYNOLDS AE,,,,,-0.4999999999999997,-0.8660254037844388,False,False,False,False,False,False,False,False,False,False,False,False,False,False,False,False,False,False,False,False,False,False,False
21.8,53.0,1009.5,140.0,24.0,VILLA REYNOLDS AE,,,,,-0.7071067811865471,-0.7071067811865479,False,False,False,False,False,False,False,False,False,False,False,False,False,False,False,False,False,False,False,False,False,False,False
21.2,57.0,1009.6,110.0,19.0,VILLA REYNOLDS AE,,,,,-0.8660254037844385,-0.5000000000000004,False,False,False,False,False,False,False,False,False,False,False,False,False,False,False,False,False,False,False,False,False,False,False
19.0,66.0,1011.1,180.0,19.0,VILLA REYNOLDS AE,,,,,-0.9659258262890683,-0.25881904510252063,False,False,False,False,False,False,False,False,False,False,False,False,False,False,False,False,False,False,False,False,False,False,False
17.8,75.0,1012.7,140.0,13.0,VILLA REYNOLDS AE,,,,,-1.0,-1.8369701987210297e-16,False,False,False,False,False,False,False,False,False,False,False,False,False,False,False,False,False,False,False,False,False,False,False
17.0,73.0,1013.8,140.0,22.0,VILLA REYNOLDS AE,,,,,-0.9659258262890684,0.2588190451025203,False,False,False,False,False,False,False,False,False,False,False,False,False,False,False,False,False,False,False,False,False,False,False
14.8,83.0,1015.8,180.0,19.0,VILLA REYNOLDS AE,,,,,-0.8660254037844386,0.5000000000000001,False,False,False,False,False,False,False,False,False,False,False,False,False,False,False,False,False,False,False,False,False,False,False
14.0,89.0,1016.4,180.0,17.0,VILLA REYNOLDS AE,,,,,-0.7071067811865477,0.7071067811865474,False,False,False,False,False,False,False,False,False,False,False,False,False,False,False,False,False,False,False,False,False,False,False
11.6,96.0,1017.9,140.0,41.0,VILLA REYNOLDS AE,,,,,-0.5000000000000004,0.8660254037844384,False,False,False,False,False,False,False,False,False,False,False,False,False,False,False,False,False,False,False,False,False,False,False
7.4,88.0,1021.3,180.0,19.0,VILLA REYNOLDS AE,,,,,-0.25881904510252157,0.9659258262890681,False,False,False,False,False,False,False,False,False,False,False,False,False,False,False,False,False,False,False,False,False,False,False
